machine_id,machine_type,timestep,temperature,vibration,pressure,voltage,current,rpm,operating_hours,health_status
M-001,CNC Lathe,1,60.34,2.324,5.24,401.65,12.94,1457.5,944.1,Healthy
M-001,CNC Lathe,2,59.23,2.422,5.25,400.44,12.99,1460.6,952.6,Healthy
M-001,CNC Lathe,3,61.23,2.423,5.18,405.8,12.23,1469.9,961.1,Healthy
M-001,CNC Lathe,4,60.8,2.304,5.35,402.72,12.8,1451.6,969.6,Healthy
M-001,CNC Lathe,5,60.55,2.351,5.09,401.27,12.77,1461.5,978.1,Healthy
M-001,CNC Lathe,6,59.66,2.58,5.3,401.63,12.62,1470.4,986.6,Healthy
M-001,CNC Lathe,7,60.81,2.755,5.26,405.26,13.1,1461.6,995.1,Healthy
M-001,CNC Lathe,8,58.06,2.523,5.15,400.95,12.92,1458.7,1003.6,Healthy
M-001,CNC Lathe,9,57.99,2.34,5.33,403.33,13.18,1462.3,1012.1,Healthy
M-001,CNC Lathe,10,60.66,2.465,5.22,404.3,12.85,1454.8,1020.6,Healthy
M-001,CNC Lathe,11,61.32,2.584,5.07,403.25,12.22,1469.5,1029.1,Healthy
M-001,CNC Lathe,12,58.75,2.53,5.17,402.64,12.45,1458.7,1037.6,Healthy
M-001,CNC Lathe,13,59.8,2.551,5.41,403.13,13.04,1452.7,1046.1,Healthy
M-001,CNC Lathe,14,58.17,2.459,5.25,403.19,13.18,1463.8,1054.6,Healthy
M-001,CNC Lathe,15,58.11,2.543,5.22,400.06,12.79,1449.7,1063.1,Healthy
M-001,CNC Lathe,16,59.46,2.526,5.2,400.25,12.85,1464.6,1071.6,Healthy
M-001,CNC Lathe,17,58.25,2.314,5.24,399.47,13.62,1459.7,1080.1,Healthy
M-001,CNC Lathe,18,58.78,2.338,5.18,400.83,12.2,1471.0,1088.6,Healthy
M-001,CNC Lathe,19,59.85,2.433,5.31,399.86,12.67,1464.6,1097.1,Healthy
M-001,CNC Lathe,20,59.79,2.477,5.22,401.49,13.44,1469.4,1105.6,Healthy
M-001,CNC Lathe,21,56.87,2.614,5.45,404.44,12.86,1455.4,1114.1,Healthy
M-001,CNC Lathe,22,60.74,2.362,5.27,401.93,13.36,1457.8,1122.6,Healthy
M-001,CNC Lathe,23,59.34,2.481,5.43,402.14,12.79,1467.8,1131.1,Healthy
M-001,CNC Lathe,24,60.73,2.322,5.18,404.17,13.09,1441.2,1139.6,Healthy
M-001,CNC Lathe,25,60.45,2.547,5.15,403.33,13.59,1464.1,1148.1,Healthy
M-001,CNC Lathe,26,59.12,2.373,5.23,402.73,12.96,1464.9,1156.6,Healthy
M-001,CNC Lathe,27,59.69,2.458,5.33,399.84,12.97,1461.8,1165.1,Healthy
M-001,CNC Lathe,28,60.97,2.409,5.3,404.18,12.29,1470.3,1173.6,Healthy
M-001,CNC Lathe,29,58.69,2.305,4.94,400.37,12.93,1457.9,1182.1,Healthy
M-001,CNC Lathe,30,59.31,2.302,5.32,403.89,13.08,1445.8,1190.6,Healthy
M-001,CNC Lathe,31,62.6,2.454,5.29,398.98,12.93,1464.2,1199.1,Healthy
M-001,CNC Lathe,32,59.7,2.541,5.36,399.29,13.23,1464.1,1207.6,Healthy
M-001,CNC Lathe,33,59.86,2.247,5.38,402.77,12.31,1459.0,1216.1,Healthy
M-001,CNC Lathe,34,60.26,2.497,5.22,402.66,13.68,1473.3,1224.6,Healthy
M-001,CNC Lathe,35,58.73,2.364,5.22,398.48,12.47,1447.9,1233.1,Healthy
M-001,CNC Lathe,36,58.49,2.603,5.15,399.92,13.25,1457.3,1241.6,Healthy
M-001,CNC Lathe,37,60.37,2.349,5.05,402.91,12.39,1456.8,1250.1,Healthy
M-001,CNC Lathe,38,58.99,2.459,5.18,401.72,12.39,1476.9,1258.6,Healthy
M-001,CNC Lathe,39,58.43,2.58,5.25,402.25,13.06,1445.9,1267.1,Healthy
M-001,CNC Lathe,40,61.03,2.375,5.35,401.67,12.81,1450.6,1275.6,Healthy
M-001,CNC Lathe,41,58.95,2.487,5.1,397.99,12.64,1467.6,1284.1,Healthy
M-001,CNC Lathe,42,62.01,2.355,5.08,401.29,13.0,1465.5,1292.6,Healthy
M-001,CNC Lathe,43,62.43,2.463,5.4,401.05,12.97,1456.2,1301.1,Healthy
M-001,CNC Lathe,44,59.05,2.404,5.2,400.77,12.74,1469.7,1309.6,Healthy
M-001,CNC Lathe,45,62.4,2.376,5.2,403.02,14.05,1461.6,1318.1,Healthy
M-001,CNC Lathe,46,61.04,2.621,5.27,403.83,13.15,1469.2,1326.6,Healthy
M-001,CNC Lathe,47,58.63,2.46,5.28,402.91,13.33,1464.5,1335.1,Healthy
M-001,CNC Lathe,48,58.5,2.507,5.14,400.57,12.79,1460.0,1343.6,Healthy
M-001,CNC Lathe,49,58.02,2.57,5.12,405.11,12.54,1471.2,1352.1,Healthy
M-001,CNC Lathe,50,59.83,2.23,5.13,404.63,13.09,1460.3,1360.6,Healthy
M-001,CNC Lathe,51,57.32,2.624,5.42,405.1,12.81,1462.4,1369.1,Healthy
M-001,CNC Lathe,52,60.73,2.306,5.25,403.51,13.43,1448.2,1377.6,Healthy
M-001,CNC Lathe,53,59.3,2.621,5.3,396.43,12.46,1453.9,1386.1,Healthy
M-001,CNC Lathe,54,59.84,2.531,5.19,402.44,13.53,1453.7,1394.6,Healthy
M-001,CNC Lathe,55,59.16,2.208,5.34,404.25,13.57,1450.4,1403.1,Healthy
M-001,CNC Lathe,56,61.4,2.859,5.32,400.42,13.91,1445.5,1411.6,Healthy
M-001,CNC Lathe,57,59.54,2.662,5.32,398.4,14.12,1432.1,1420.1,Healthy
M-001,CNC Lathe,58,62.07,2.584,5.26,397.91,13.71,1446.4,1428.6,Healthy
M-001,CNC Lathe,59,61.61,3.036,5.38,395.91,14.27,1424.6,1437.1,Healthy
M-001,CNC Lathe,60,60.19,2.817,5.38,393.21,15.09,1436.2,1445.6,Healthy
M-001,CNC Lathe,61,63.05,3.013,5.12,397.91,14.84,1406.3,1454.1,Healthy
M-001,CNC Lathe,62,62.75,2.882,5.37,395.14,15.3,1424.9,1462.6,Healthy
M-001,CNC Lathe,63,62.67,3.031,5.32,392.9,15.29,1409.8,1471.1,Healthy
M-001,CNC Lathe,64,65.03,3.021,5.22,393.13,15.7,1407.2,1479.6,Healthy
M-001,CNC Lathe,65,64.19,3.043,5.1,392.49,15.79,1398.0,1488.1,Healthy
M-001,CNC Lathe,66,63.57,3.032,5.4,389.89,16.12,1400.9,1496.6,Healthy
M-001,CNC Lathe,67,66.32,3.089,5.25,394.21,16.52,1390.1,1505.1,Healthy
M-001,CNC Lathe,68,64.51,3.547,5.17,394.25,17.0,1404.5,1513.6,Healthy
M-001,CNC Lathe,69,65.25,3.373,5.4,391.05,17.26,1396.3,1522.1,Healthy
M-001,CNC Lathe,70,66.45,3.597,5.1,388.54,17.26,1378.7,1530.6,Healthy
M-001,CNC Lathe,71,64.65,3.489,5.27,390.01,17.79,1376.6,1539.1,Healthy
M-001,CNC Lathe,72,67.59,3.629,5.33,387.08,18.24,1385.7,1547.6,Healthy
M-001,CNC Lathe,73,63.3,3.633,5.29,389.82,18.47,1370.2,1556.1,Healthy
M-001,CNC Lathe,74,68.73,3.937,5.15,386.8,18.84,1378.4,1564.6,Warning
M-001,CNC Lathe,75,68.22,3.845,5.25,381.96,19.37,1364.6,1573.1,Warning
M-001,CNC Lathe,76,69.02,3.914,5.24,383.92,18.94,1349.3,1581.6,Warning
M-001,CNC Lathe,77,65.77,4.117,5.01,388.08,19.05,1360.7,1590.1,Warning
M-001,CNC Lathe,78,67.25,4.15,5.16,386.5,20.01,1351.9,1598.6,Warning
M-001,CNC Lathe,79,68.83,4.202,5.29,381.21,19.88,1327.4,1607.1,Warning
M-001,CNC Lathe,80,69.2,4.179,5.02,382.41,20.23,1322.9,1615.6,Warning
M-001,CNC Lathe,81,69.49,4.208,5.24,384.43,20.86,1318.2,1624.1,Warning
M-001,CNC Lathe,82,70.16,4.302,5.23,380.21,21.32,1321.4,1632.6,Warning
M-001,CNC Lathe,83,70.59,4.667,5.21,378.92,21.98,1319.0,1641.1,Warning
M-001,CNC Lathe,84,70.34,4.664,5.14,377.29,21.75,1314.1,1649.6,Warning
M-001,CNC Lathe,85,72.62,4.664,5.24,375.06,22.12,1294.1,1658.1,Warning
M-001,CNC Lathe,86,69.0,4.673,5.2,380.22,23.27,1302.3,1666.6,Warning
M-001,CNC Lathe,87,74.54,4.969,5.03,377.06,23.33,1289.6,1675.1,Warning
M-001,CNC Lathe,88,70.77,4.957,5.02,373.93,23.22,1275.9,1683.6,Warning
M-001,CNC Lathe,89,74.33,4.965,5.25,374.83,23.79,1283.5,1692.1,Warning
M-001,CNC Lathe,90,74.32,5.123,5.26,375.61,24.59,1273.2,1700.6,Warning
M-001,CNC Lathe,91,72.68,5.217,5.25,374.49,24.87,1273.9,1709.1,Critical
M-001,CNC Lathe,92,74.23,5.121,5.21,371.04,24.29,1271.6,1717.6,Critical
M-001,CNC Lathe,93,77.14,5.079,5.09,369.55,25.06,1257.5,1726.1,Critical
M-001,CNC Lathe,94,75.03,5.277,5.36,369.03,25.44,1261.2,1734.6,Critical
M-001,CNC Lathe,95,74.95,5.339,5.25,367.8,26.2,1248.5,1743.1,Critical
M-001,CNC Lathe,96,76.64,5.633,5.17,364.72,26.66,1238.5,1751.6,Critical
M-001,CNC Lathe,97,77.46,5.461,5.18,368.88,26.97,1232.6,1760.1,Critical
M-001,CNC Lathe,98,77.79,6.02,5.43,360.88,26.74,1210.9,1768.6,Critical
M-001,CNC Lathe,99,76.51,5.852,5.26,359.95,26.89,1211.3,1777.1,Critical
M-001,CNC Lathe,100,78.97,6.067,5.4,361.91,28.23,1219.0,1785.6,Critical
M-002,Induction Motor,1,66.67,1.333,4.66,403.18,15.3,1510.6,1280.4,Healthy
M-002,Induction Motor,2,66.78,1.507,4.54,404.84,14.59,1498.7,1288.9,Healthy
M-002,Induction Motor,3,65.33,1.486,4.62,399.63,15.03,1524.0,1297.4,Healthy
M-002,Induction Motor,4,64.88,1.392,4.88,405.46,15.04,1506.4,1305.9,Healthy
M-002,Induction Motor,5,65.42,1.249,4.57,408.05,15.03,1503.6,1314.4,Healthy
M-002,Induction Motor,6,65.01,1.48,4.96,405.33,14.76,1501.8,1322.9,Healthy
M-002,Induction Motor,7,66.41,1.316,4.79,399.64,14.88,1507.8,1331.4,Healthy
M-002,Induction Motor,8,66.65,1.288,4.55,403.76,14.57,1501.6,1339.9,Healthy
M-002,Induction Motor,9,65.11,1.228,4.78,403.97,15.34,1488.1,1348.4,Healthy
M-002,Induction Motor,10,63.9,1.448,4.62,403.95,14.96,1504.1,1356.9,Healthy
M-002,Induction Motor,11,64.31,1.404,4.63,405.63,14.92,1504.1,1365.4,Healthy
M-002,Induction Motor,12,68.21,1.253,4.84,398.96,14.24,1492.9,1373.9,Healthy
M-002,Induction Motor,13,63.71,1.411,4.73,403.77,14.91,1507.0,1382.4,Healthy
M-002,Induction Motor,14,66.12,1.227,4.67,404.14,15.13,1496.6,1390.9,Healthy
M-002,Induction Motor,15,65.01,1.39,4.63,402.82,15.0,1501.8,1399.4,Healthy
M-002,Induction Motor,16,65.72,1.26,4.67,403.82,15.25,1495.3,1407.9,Healthy
M-002,Induction Motor,17,65.4,1.416,4.87,402.27,14.73,1495.3,1416.4,Healthy
M-002,Induction Motor,18,63.12,1.598,4.58,402.65,15.42,1488.8,1424.9,Healthy
M-002,Induction Motor,19,66.03,1.217,4.83,399.94,14.35,1498.5,1433.4,Healthy
M-002,Induction Motor,20,66.29,1.382,4.67,406.97,15.72,1508.2,1441.9,Healthy
M-002,Induction Motor,21,64.37,1.336,4.58,404.48,14.39,1507.2,1450.4,Healthy
M-002,Induction Motor,22,67.53,1.472,4.66,405.34,15.53,1515.4,1458.9,Healthy
M-002,Induction Motor,23,63.92,1.447,4.69,405.89,15.1,1483.9,1467.4,Healthy
M-002,Induction Motor,24,64.7,1.41,4.56,405.44,14.43,1496.4,1475.9,Healthy
M-002,Induction Motor,25,66.73,1.28,4.76,400.77,15.69,1500.4,1484.4,Healthy
M-002,Induction Motor,26,65.24,1.408,4.77,401.24,14.96,1497.6,1492.9,Healthy
M-002,Induction Motor,27,63.09,1.505,4.67,404.77,15.03,1500.1,1501.4,Healthy
M-002,Induction Motor,28,67.49,1.38,4.55,403.48,15.14,1507.1,1509.9,Healthy
M-002,Induction Motor,29,63.82,1.498,4.53,406.57,14.5,1501.0,1518.4,Healthy
M-002,Induction Motor,30,66.4,1.4,4.79,405.52,15.41,1511.3,1526.9,Healthy
M-002,Induction Motor,31,64.58,1.462,4.55,404.17,15.25,1503.9,1535.4,Healthy
M-002,Induction Motor,32,65.66,1.36,4.82,404.12,14.8,1509.9,1543.9,Healthy
M-002,Induction Motor,33,63.44,1.446,4.6,406.84,14.87,1503.9,1552.4,Healthy
M-002,Induction Motor,34,65.62,1.155,4.64,406.37,15.27,1505.1,1560.9,Healthy
M-002,Induction Motor,35,63.5,1.456,4.78,404.38,15.39,1497.4,1569.4,Healthy
M-002,Induction Motor,36,64.51,1.088,4.8,404.91,14.38,1488.8,1577.9,Healthy
M-002,Induction Motor,37,64.07,1.481,4.67,402.67,14.61,1494.4,1586.4,Healthy
M-002,Induction Motor,38,62.8,1.241,4.6,405.65,14.91,1496.2,1594.9,Healthy
M-002,Induction Motor,39,67.89,1.306,4.82,407.52,14.41,1503.4,1603.4,Healthy
M-002,Induction Motor,40,64.5,1.314,4.76,403.04,14.79,1501.5,1611.9,Healthy
M-002,Induction Motor,41,64.67,1.245,4.78,406.38,15.08,1499.8,1620.4,Healthy
M-002,Induction Motor,42,64.28,1.302,4.94,406.16,14.67,1504.1,1628.9,Healthy
M-002,Induction Motor,43,64.69,1.456,4.76,406.45,14.67,1503.7,1637.4,Healthy
M-002,Induction Motor,44,63.02,1.235,4.79,402.38,14.67,1502.8,1645.9,Healthy
M-002,Induction Motor,45,65.96,1.259,4.36,402.54,15.39,1505.6,1654.4,Healthy
M-002,Induction Motor,46,66.71,1.25,4.54,405.21,15.05,1505.3,1662.9,Healthy
M-002,Induction Motor,47,66.24,1.437,4.75,405.71,15.14,1509.7,1671.4,Healthy
M-002,Induction Motor,48,66.33,1.57,4.64,405.24,14.83,1496.2,1679.9,Healthy
M-002,Induction Motor,49,64.29,1.445,4.75,405.08,14.88,1502.9,1688.4,Healthy
M-002,Induction Motor,50,66.1,1.207,4.71,404.46,15.23,1492.0,1696.9,Healthy
M-002,Induction Motor,51,66.92,1.412,4.73,403.48,15.15,1503.2,1705.4,Healthy
M-002,Induction Motor,52,66.57,1.213,4.72,405.1,14.9,1499.6,1713.9,Healthy
M-002,Induction Motor,53,64.69,1.407,4.52,406.21,14.8,1503.8,1722.4,Healthy
M-002,Induction Motor,54,65.56,1.323,4.69,400.21,15.22,1511.5,1730.9,Healthy
M-002,Induction Motor,55,63.08,1.337,4.58,403.93,15.19,1510.7,1739.4,Healthy
M-002,Induction Motor,56,66.47,1.543,4.68,401.99,14.92,1507.9,1747.9,Healthy
M-002,Induction Motor,57,63.65,1.585,4.79,403.87,14.72,1497.5,1756.4,Healthy
M-002,Induction Motor,58,65.21,1.359,4.8,403.6,15.14,1502.6,1764.9,Healthy
M-002,Induction Motor,59,65.45,1.358,4.78,405.73,15.12,1507.7,1773.4,Healthy
M-002,Induction Motor,60,63.99,1.425,4.83,405.26,14.6,1502.4,1781.9,Healthy
M-002,Induction Motor,61,65.57,1.295,4.57,403.65,14.7,1502.7,1790.4,Healthy
M-002,Induction Motor,62,63.45,1.509,4.64,406.27,14.92,1501.6,1798.9,Healthy
M-002,Induction Motor,63,65.5,1.44,4.95,403.29,15.46,1491.6,1807.4,Healthy
M-002,Induction Motor,64,66.57,1.675,4.7,403.14,15.1,1495.3,1815.9,Healthy
M-002,Induction Motor,65,69.45,1.72,4.76,407.84,14.99,1496.9,1824.4,Healthy
M-002,Induction Motor,66,66.74,1.826,4.69,402.82,15.48,1486.0,1832.9,Healthy
M-002,Induction Motor,67,68.76,2.031,4.66,403.39,15.63,1485.9,1841.4,Healthy
M-002,Induction Motor,68,70.3,2.126,4.74,405.64,15.46,1498.7,1849.9,Healthy
M-002,Induction Motor,69,68.83,2.329,4.68,406.92,15.93,1505.0,1858.4,Healthy
M-002,Induction Motor,70,68.84,2.377,4.6,403.22,16.15,1494.0,1866.9,Healthy
M-002,Induction Motor,71,73.45,2.482,4.61,405.79,15.68,1486.9,1875.4,Healthy
M-002,Induction Motor,72,69.92,2.666,4.81,404.06,16.54,1486.7,1883.9,Healthy
M-002,Induction Motor,73,68.93,2.682,4.55,408.28,16.33,1491.1,1892.4,Healthy
M-002,Induction Motor,74,69.87,2.876,4.78,404.64,16.71,1464.0,1900.9,Healthy
M-002,Induction Motor,75,74.17,3.195,4.74,402.91,16.79,1468.8,1909.4,Healthy
M-002,Induction Motor,76,71.23,3.257,4.69,406.41,16.06,1470.1,1917.9,Healthy
M-002,Induction Motor,77,72.53,3.466,4.74,404.11,17.29,1455.2,1926.4,Healthy
M-002,Induction Motor,78,75.96,3.51,4.55,403.74,16.44,1464.1,1934.9,Healthy
M-002,Induction Motor,79,75.06,3.913,4.77,401.5,17.05,1463.1,1943.4,Warning
M-002,Induction Motor,80,77.13,4.085,4.83,404.1,17.64,1466.1,1951.9,Warning
M-002,Induction Motor,81,76.51,4.16,4.67,403.18,17.71,1447.0,1960.4,Warning
M-002,Induction Motor,82,77.49,4.169,4.69,405.18,17.66,1449.2,1968.9,Warning
M-002,Induction Motor,83,78.59,4.528,4.69,406.45,17.32,1469.3,1977.4,Warning
M-002,Induction Motor,84,78.17,4.706,4.61,405.57,18.33,1437.2,1985.9,Warning
M-002,Induction Motor,85,81.3,4.824,4.76,402.45,18.41,1455.0,1994.4,Warning
M-002,Induction Motor,86,81.98,5.069,4.66,404.42,18.68,1439.1,2002.9,Warning
M-002,Induction Motor,87,80.36,5.303,4.6,407.54,18.53,1434.4,2011.4,Warning
M-002,Induction Motor,88,83.69,5.386,4.74,407.15,19.19,1431.3,2019.9,Warning
M-002,Induction Motor,89,81.3,5.499,4.81,405.42,19.44,1429.9,2028.4,Warning
M-002,Induction Motor,90,85.72,5.777,4.72,402.22,18.94,1408.0,2036.9,Critical
M-002,Induction Motor,91,83.97,6.194,4.55,403.67,19.13,1412.7,2045.4,Critical
M-002,Induction Motor,92,86.1,6.125,4.81,407.35,19.0,1408.3,2053.9,Critical
M-002,Induction Motor,93,86.84,6.547,4.66,404.24,19.59,1397.8,2062.4,Critical
M-002,Induction Motor,94,89.39,6.398,4.94,405.73,20.43,1410.9,2070.9,Critical
M-002,Induction Motor,95,88.24,6.871,4.69,405.39,20.39,1394.8,2079.4,Critical
M-002,Induction Motor,96,88.4,6.915,4.8,403.05,19.94,1401.7,2087.9,Critical
M-002,Induction Motor,97,92.17,7.336,4.64,401.11,20.77,1393.4,2096.4,Critical
M-002,Induction Motor,98,90.11,7.522,4.89,404.73,21.09,1383.3,2104.9,Critical
M-002,Induction Motor,99,93.87,7.661,4.65,404.41,21.41,1387.9,2113.4,Critical
M-002,Induction Motor,100,94.57,7.932,4.68,405.08,21.64,1372.5,2121.9,Critical
M-003,Hydraulic Pump,1,59.54,2.325,5.32,401.36,13.01,1507.1,2569.5,Healthy
M-003,Hydraulic Pump,2,61.1,2.341,5.38,396.81,13.44,1503.5,2578.0,Healthy
M-003,Hydraulic Pump,3,61.5,2.557,5.34,394.33,13.39,1525.3,2586.5,Healthy
M-003,Hydraulic Pump,4,59.38,2.489,5.57,395.96,13.62,1517.7,2595.0,Healthy
M-003,Hydraulic Pump,5,59.89,2.267,5.34,395.04,13.19,1494.8,2603.5,Healthy
M-003,Hydraulic Pump,6,60.38,2.199,5.42,393.96,13.54,1511.3,2612.0,Healthy
M-003,Hydraulic Pump,7,57.95,2.337,5.52,394.65,14.01,1508.0,2620.5,Healthy
M-003,Hydraulic Pump,8,59.5,2.285,5.46,397.22,13.61,1497.3,2629.0,Healthy
M-003,Hydraulic Pump,9,60.55,2.122,5.39,395.26,13.16,1514.5,2637.5,Healthy
M-003,Hydraulic Pump,10,61.65,2.365,5.29,396.44,13.85,1505.8,2646.0,Healthy
M-003,Hydraulic Pump,11,63.13,2.339,5.42,396.45,13.47,1503.4,2654.5,Healthy
M-003,Hydraulic Pump,12,61.19,2.407,5.32,394.41,12.78,1508.7,2663.0,Healthy
M-003,Hydraulic Pump,13,59.02,2.033,5.44,402.05,13.42,1511.3,2671.5,Healthy
M-003,Hydraulic Pump,14,60.44,2.28,5.49,396.49,13.51,1507.2,2680.0,Healthy
M-003,Hydraulic Pump,15,59.54,2.411,5.38,395.56,13.61,1497.4,2688.5,Healthy
M-003,Hydraulic Pump,16,60.38,2.291,5.51,398.02,13.41,1511.2,2697.0,Healthy
M-003,Hydraulic Pump,17,62.01,2.359,5.4,394.44,13.05,1502.2,2705.5,Healthy
M-003,Hydraulic Pump,18,59.61,2.269,5.41,398.13,13.4,1508.5,2714.0,Healthy
M-003,Hydraulic Pump,19,60.42,2.055,5.31,396.78,13.0,1509.4,2722.5,Healthy
M-003,Hydraulic Pump,20,62.18,2.438,5.38,400.05,13.47,1501.9,2731.0,Healthy
M-003,Hydraulic Pump,21,59.61,2.256,5.36,397.41,13.48,1504.7,2739.5,Healthy
M-003,Hydraulic Pump,22,60.87,2.435,5.49,394.1,12.53,1512.1,2748.0,Healthy
M-003,Hydraulic Pump,23,58.7,2.265,5.28,393.46,13.61,1510.7,2756.5,Healthy
M-003,Hydraulic Pump,24,59.65,1.981,5.35,397.85,12.9,1506.1,2765.0,Healthy
M-003,Hydraulic Pump,25,60.32,2.361,5.41,395.12,13.84,1503.4,2773.5,Healthy
M-003,Hydraulic Pump,26,60.31,2.18,5.36,395.3,13.36,1518.3,2782.0,Healthy
M-003,Hydraulic Pump,27,58.7,2.098,5.55,396.65,13.19,1513.0,2790.5,Healthy
M-003,Hydraulic Pump,28,59.62,2.511,5.47,396.09,14.18,1499.8,2799.0,Healthy
M-003,Hydraulic Pump,29,61.23,2.328,5.53,400.19,13.43,1498.6,2807.5,Healthy
M-003,Hydraulic Pump,30,60.9,2.21,5.6,397.34,13.29,1506.1,2816.0,Healthy
M-003,Hydraulic Pump,31,58.73,2.175,5.52,395.75,13.05,1508.9,2824.5,Healthy
M-003,Hydraulic Pump,32,61.77,2.378,5.5,395.55,12.92,1516.6,2833.0,Healthy
M-003,Hydraulic Pump,33,59.96,2.262,5.53,398.18,13.58,1522.0,2841.5,Healthy
M-003,Hydraulic Pump,34,59.57,2.403,5.41,397.61,13.96,1508.7,2850.0,Healthy
M-003,Hydraulic Pump,35,60.99,2.421,5.36,395.39,13.06,1488.9,2858.5,Healthy
M-003,Hydraulic Pump,36,62.81,2.159,5.38,396.51,13.53,1511.2,2867.0,Healthy
M-003,Hydraulic Pump,37,61.38,2.222,5.38,397.63,13.33,1517.5,2875.5,Healthy
M-003,Hydraulic Pump,38,60.93,2.38,5.47,399.42,13.48,1494.3,2884.0,Healthy
M-003,Hydraulic Pump,39,60.82,2.214,5.35,398.24,13.85,1504.8,2892.5,Healthy
M-003,Hydraulic Pump,40,60.71,2.496,5.42,402.27,13.62,1490.6,2901.0,Healthy
M-003,Hydraulic Pump,41,61.25,2.338,5.53,398.41,13.37,1494.8,2909.5,Healthy
M-003,Hydraulic Pump,42,60.09,2.19,5.34,398.25,14.01,1507.8,2918.0,Healthy
M-003,Hydraulic Pump,43,58.91,2.345,5.52,395.85,13.37,1504.8,2926.5,Healthy
M-003,Hydraulic Pump,44,59.4,2.37,5.39,397.91,13.11,1501.1,2935.0,Healthy
M-003,Hydraulic Pump,45,61.21,2.247,5.57,396.27,13.5,1512.1,2943.5,Healthy
M-003,Hydraulic Pump,46,58.64,2.081,5.25,399.59,13.23,1525.1,2952.0,Healthy
M-003,Hydraulic Pump,47,59.67,2.314,5.55,401.08,14.14,1514.3,2960.5,Healthy
M-003,Hydraulic Pump,48,61.57,2.363,5.48,395.97,13.13,1504.6,2969.0,Healthy
M-003,Hydraulic Pump,49,60.14,2.237,5.47,398.98,13.45,1516.5,2977.5,Healthy
M-003,Hydraulic Pump,50,58.97,2.269,5.33,393.34,13.39,1503.7,2986.0,Healthy
M-003,Hydraulic Pump,51,62.16,2.368,5.3,400.78,13.85,1509.3,2994.5,Healthy
M-003,Hydraulic Pump,52,60.07,2.177,5.36,399.25,14.08,1517.0,3003.0,Healthy
M-003,Hydraulic Pump,53,59.76,2.157,5.41,393.53,13.53,1503.5,3011.5,Healthy
M-003,Hydraulic Pump,54,59.9,2.124,5.45,395.73,13.11,1480.0,3020.0,Healthy
M-003,Hydraulic Pump,55,60.61,2.562,5.57,395.49,13.46,1504.3,3028.5,Healthy
M-003,Hydraulic Pump,56,59.65,2.426,5.48,398.4,13.81,1496.0,3037.0,Healthy
M-003,Hydraulic Pump,57,60.02,2.335,5.38,396.18,14.35,1488.1,3045.5,Healthy
M-003,Hydraulic Pump,58,63.11,2.449,5.4,393.4,13.39,1498.1,3054.0,Healthy
M-003,Hydraulic Pump,59,62.47,2.499,5.41,395.35,13.91,1483.2,3062.5,Healthy
M-003,Hydraulic Pump,60,62.81,2.436,5.43,390.99,14.85,1483.3,3071.0,Healthy
M-003,Hydraulic Pump,61,60.21,2.782,5.33,391.45,14.99,1488.8,3079.5,Healthy
M-003,Hydraulic Pump,62,61.22,2.707,5.44,393.79,15.23,1472.5,3088.0,Healthy
M-003,Hydraulic Pump,63,61.76,2.77,5.29,385.88,15.58,1478.4,3096.5,Healthy
M-003,Hydraulic Pump,64,60.23,2.7,5.46,395.13,15.7,1461.0,3105.0,Healthy
M-003,Hydraulic Pump,65,63.18,3.05,5.34,388.69,15.79,1454.6,3113.5,Healthy
M-003,Hydraulic Pump,66,63.88,3.145,5.43,389.04,16.14,1445.1,3122.0,Healthy
M-003,Hydraulic Pump,67,65.13,3.007,5.38,395.17,16.63,1446.8,3130.5,Healthy
M-003,Hydraulic Pump,68,63.91,3.223,5.41,385.13,17.14,1442.7,3139.0,Healthy
M-003,Hydraulic Pump,69,67.03,3.284,5.36,389.77,17.14,1449.9,3147.5,Healthy
M-003,Hydraulic Pump,70,65.72,3.123,5.34,388.46,17.3,1434.8,3156.0,Healthy
M-003,Hydraulic Pump,71,64.37,3.348,5.61,383.45,17.74,1444.1,3164.5,Healthy
M-003,Hydraulic Pump,72,65.79,3.424,5.29,385.6,17.98,1435.5,3173.0,Healthy
M-003,Hydraulic Pump,73,67.7,3.755,5.46,384.55,18.43,1419.5,3181.5,Healthy
M-003,Hydraulic Pump,74,67.07,3.484,5.42,385.67,18.33,1426.0,3190.0,Healthy
M-003,Hydraulic Pump,75,68.63,3.582,5.19,380.94,19.47,1411.3,3198.5,Healthy
M-003,Hydraulic Pump,76,66.25,3.613,5.48,382.36,19.26,1403.0,3207.0,Healthy
M-003,Hydraulic Pump,77,67.39,3.642,5.56,379.73,20.11,1412.5,3215.5,Warning
M-003,Hydraulic Pump,78,69.46,3.781,5.44,379.41,19.71,1397.2,3224.0,Warning
M-003,Hydraulic Pump,79,67.27,4.055,5.35,378.94,20.47,1386.8,3232.5,Warning
M-003,Hydraulic Pump,80,69.8,3.937,5.49,374.92,20.76,1398.5,3241.0,Warning
M-003,Hydraulic Pump,81,68.32,3.996,5.45,377.03,21.19,1381.0,3249.5,Warning
M-003,Hydraulic Pump,82,70.71,4.293,5.44,375.23,21.66,1386.4,3258.0,Warning
M-003,Hydraulic Pump,83,70.23,4.127,5.51,374.51,21.03,1371.9,3266.5,Warning
M-003,Hydraulic Pump,84,70.18,4.319,5.43,374.16,22.4,1355.6,3275.0,Warning
M-003,Hydraulic Pump,85,71.88,4.384,5.47,374.03,22.19,1361.7,3283.5,Warning
M-003,Hydraulic Pump,86,71.07,4.599,5.44,375.49,22.81,1344.0,3292.0,Warning
M-003,Hydraulic Pump,87,72.14,4.553,5.48,367.58,22.9,1332.0,3300.5,Warning
M-003,Hydraulic Pump,88,73.75,4.883,5.39,369.46,23.67,1343.5,3309.0,Warning
M-003,Hydraulic Pump,89,71.96,4.795,5.5,369.79,24.09,1335.9,3317.5,Critical
M-003,Hydraulic Pump,90,70.29,4.938,5.33,364.1,24.59,1332.4,3326.0,Critical
M-003,Hydraulic Pump,91,73.83,5.061,5.56,369.36,25.37,1320.9,3334.5,Critical
M-003,Hydraulic Pump,92,74.56,4.846,5.38,364.0,25.95,1307.1,3343.0,Critical
M-003,Hydraulic Pump,93,75.09,5.196,5.4,368.02,25.37,1303.5,3351.5,Critical
M-003,Hydraulic Pump,94,74.52,5.064,5.34,363.5,25.83,1289.8,3360.0,Critical
M-003,Hydraulic Pump,95,74.21,5.306,5.25,364.03,26.41,1277.0,3368.5,Critical
M-003,Hydraulic Pump,96,76.01,5.319,5.43,364.12,26.13,1282.9,3377.0,Critical
M-003,Hydraulic Pump,97,76.67,5.585,5.42,358.85,27.08,1268.8,3385.5,Critical
M-003,Hydraulic Pump,98,78.65,5.602,5.59,359.15,27.35,1256.3,3394.0,Critical
M-003,Hydraulic Pump,99,75.68,5.505,5.43,359.19,27.45,1268.7,3402.5,Critical
M-003,Hydraulic Pump,100,77.76,5.809,5.56,358.86,28.33,1247.5,3411.0,Critical
M-004,Centrifugal Compressor,1,63.07,1.552,4.7,398.99,16.53,1475.3,1109.9,Healthy
M-004,Centrifugal Compressor,2,60.57,1.642,4.75,399.9,16.96,1455.9,1118.4,Healthy
M-004,Centrifugal Compressor,3,61.31,1.908,4.54,398.17,16.79,1453.4,1126.9,Healthy
M-004,Centrifugal Compressor,4,60.25,1.754,4.75,398.1,16.45,1449.8,1135.4,Healthy
M-004,Centrifugal Compressor,5,60.58,1.81,4.63,396.77,16.6,1463.4,1143.9,Healthy
M-004,Centrifugal Compressor,6,60.26,1.52,4.84,395.62,16.38,1456.8,1152.4,Healthy
M-004,Centrifugal Compressor,7,60.6,1.671,4.68,393.6,16.06,1455.3,1160.9,Healthy
M-004,Centrifugal Compressor,8,60.45,1.695,4.64,394.15,16.95,1451.0,1169.4,Healthy
M-004,Centrifugal Compressor,9,59.89,1.705,4.63,400.77,16.6,1464.2,1177.9,Healthy
M-004,Centrifugal Compressor,10,59.81,1.697,4.51,398.57,16.47,1453.7,1186.4,Healthy
M-004,Centrifugal Compressor,11,60.75,1.768,4.46,396.58,16.49,1445.5,1194.9,Healthy
M-004,Centrifugal Compressor,12,60.99,1.674,4.48,395.47,15.59,1445.2,1203.4,Healthy
M-004,Centrifugal Compressor,13,60.95,1.699,4.64,396.82,16.5,1458.1,1211.9,Healthy
M-004,Centrifugal Compressor,14,59.41,1.695,4.69,397.4,16.88,1451.2,1220.4,Healthy
M-004,Centrifugal Compressor,15,59.9,1.747,4.82,398.55,16.73,1450.9,1228.9,Healthy
M-004,Centrifugal Compressor,16,59.44,1.7,4.65,397.66,16.73,1449.7,1237.4,Healthy
M-004,Centrifugal Compressor,17,59.85,1.807,4.73,397.11,17.11,1452.7,1245.9,Healthy
M-004,Centrifugal Compressor,18,61.03,1.67,4.67,398.92,16.6,1446.8,1254.4,Healthy
M-004,Centrifugal Compressor,19,58.9,1.817,4.57,398.28,16.62,1468.0,1262.9,Healthy
M-004,Centrifugal Compressor,20,61.12,1.632,4.57,398.3,16.19,1455.2,1271.4,Healthy
M-004,Centrifugal Compressor,21,60.87,1.877,4.61,394.53,17.44,1462.6,1279.9,Healthy
M-004,Centrifugal Compressor,22,63.43,1.541,4.6,399.73,16.69,1457.4,1288.4,Healthy
M-004,Centrifugal Compressor,23,58.29,1.474,4.77,401.77,16.47,1466.1,1296.9,Healthy
M-004,Centrifugal Compressor,24,59.7,1.584,4.51,396.68,16.76,1448.1,1305.4,Healthy
M-004,Centrifugal Compressor,25,63.62,1.735,4.73,399.36,16.93,1448.0,1313.9,Healthy
M-004,Centrifugal Compressor,26,62.67,1.697,4.74,395.5,16.57,1456.1,1322.4,Healthy
M-004,Centrifugal Compressor,27,60.19,1.717,4.77,396.99,16.84,1446.0,1330.9,Healthy
M-004,Centrifugal Compressor,28,63.46,1.774,4.79,399.72,16.64,1461.3,1339.4,Healthy
M-004,Centrifugal Compressor,29,60.77,1.486,4.67,396.87,16.12,1460.1,1347.9,Healthy
M-004,Centrifugal Compressor,30,60.6,1.803,4.54,397.44,16.91,1457.2,1356.4,Healthy
M-004,Centrifugal Compressor,31,59.16,1.711,4.77,397.42,16.72,1448.2,1364.9,Healthy
M-004,Centrifugal Compressor,32,60.77,1.811,4.64,400.96,16.66,1472.7,1373.4,Healthy
M-004,Centrifugal Compressor,33,59.05,1.654,4.51,396.35,16.15,1456.3,1381.9,Healthy
M-004,Centrifugal Compressor,34,61.2,1.731,4.51,397.73,16.17,1462.5,1390.4,Healthy
M-004,Centrifugal Compressor,35,59.89,1.654,4.68,397.15,16.75,1467.7,1398.9,Healthy
M-004,Centrifugal Compressor,36,61.16,1.788,4.41,397.52,16.57,1446.5,1407.4,Healthy
M-004,Centrifugal Compressor,37,61.18,1.807,4.43,396.0,16.57,1458.7,1415.9,Healthy
M-004,Centrifugal Compressor,38,61.82,1.693,4.67,400.19,16.36,1450.1,1424.4,Healthy
M-004,Centrifugal Compressor,39,60.73,1.704,4.56,397.59,16.65,1456.2,1432.9,Healthy
M-004,Centrifugal Compressor,40,60.71,1.471,4.62,396.44,16.85,1452.5,1441.4,Healthy
M-004,Centrifugal Compressor,41,59.74,1.672,4.75,399.64,16.58,1444.4,1449.9,Healthy
M-004,Centrifugal Compressor,42,62.88,1.605,4.71,397.73,16.8,1465.4,1458.4,Healthy
M-004,Centrifugal Compressor,43,61.71,1.77,4.61,397.51,16.56,1452.3,1466.9,Healthy
M-004,Centrifugal Compressor,44,63.89,1.561,4.72,399.41,16.59,1466.8,1475.4,Healthy
M-004,Centrifugal Compressor,45,61.29,1.604,4.65,398.01,16.68,1461.5,1483.9,Healthy
M-004,Centrifugal Compressor,46,59.9,1.823,4.6,399.27,16.72,1457.9,1492.4,Healthy
M-004,Centrifugal Compressor,47,60.8,1.621,4.59,401.51,16.2,1449.2,1500.9,Healthy
M-004,Centrifugal Compressor,48,60.02,1.696,4.47,395.67,16.42,1444.7,1509.4,Healthy
M-004,Centrifugal Compressor,49,59.48,1.526,4.54,399.84,16.84,1470.3,1517.9,Healthy
M-004,Centrifugal Compressor,50,63.19,1.774,4.72,398.64,16.69,1470.5,1526.4,Healthy
M-004,Centrifugal Compressor,51,61.38,1.818,4.53,397.05,16.62,1456.2,1534.9,Healthy
M-004,Centrifugal Compressor,52,60.19,1.969,4.64,397.49,16.56,1455.2,1543.4,Healthy
M-004,Centrifugal Compressor,53,61.16,1.489,4.75,401.08,17.02,1457.6,1551.9,Healthy
M-004,Centrifugal Compressor,54,61.91,1.619,4.7,398.88,16.39,1461.1,1560.4,Healthy
M-004,Centrifugal Compressor,55,62.48,1.794,4.66,396.32,17.05,1445.8,1568.9,Healthy
M-004,Centrifugal Compressor,56,60.87,1.869,4.73,400.61,16.69,1457.8,1577.4,Healthy
M-004,Centrifugal Compressor,57,60.04,1.858,4.55,400.88,17.0,1451.6,1585.9,Healthy
M-004,Centrifugal Compressor,58,62.79,2.221,4.6,395.75,17.24,1449.9,1594.4,Healthy
M-004,Centrifugal Compressor,59,64.0,2.122,4.54,399.18,16.96,1448.2,1602.9,Healthy
M-004,Centrifugal Compressor,60,65.23,2.095,4.65,396.74,16.15,1444.5,1611.4,Healthy
M-004,Centrifugal Compressor,61,63.77,2.405,4.6,395.4,16.87,1453.5,1619.9,Healthy
M-004,Centrifugal Compressor,62,63.19,2.628,4.73,397.74,17.01,1449.4,1628.4,Healthy
M-004,Centrifugal Compressor,63,64.39,2.364,4.68,399.21,17.77,1441.7,1636.9,Healthy
M-004,Centrifugal Compressor,64,64.51,2.816,4.76,398.85,17.51,1426.2,1645.4,Healthy
M-004,Centrifugal Compressor,65,64.95,2.873,4.57,395.47,18.83,1422.9,1653.9,Healthy
M-004,Centrifugal Compressor,66,68.91,2.866,4.61,397.03,18.0,1420.9,1662.4,Healthy
M-004,Centrifugal Compressor,67,64.52,3.219,4.54,399.87,17.47,1435.8,1670.9,Healthy
M-004,Centrifugal Compressor,68,69.3,3.089,4.43,401.76,18.3,1424.0,1679.4,Healthy
M-004,Centrifugal Compressor,69,67.57,3.148,4.76,397.31,17.61,1427.1,1687.9,Healthy
M-004,Centrifugal Compressor,70,67.36,3.289,4.58,398.55,17.76,1434.1,1696.4,Healthy
M-004,Centrifugal Compressor,71,69.78,3.502,4.53,398.2,18.69,1426.5,1704.9,Healthy
M-004,Centrifugal Compressor,72,70.83,3.625,4.33,400.87,18.45,1423.3,1713.4,Healthy
M-004,Centrifugal Compressor,73,72.15,4.112,4.56,398.65,19.13,1408.7,1721.9,Warning
M-004,Centrifugal Compressor,74,70.06,3.89,4.62,397.94,18.58,1405.1,1730.4,Warning
M-004,Centrifugal Compressor,75,72.34,4.263,4.77,397.42,19.23,1412.1,1738.9,Warning
M-004,Centrifugal Compressor,76,71.3,4.335,4.56,397.63,18.59,1403.9,1747.4,Warning
M-004,Centrifugal Compressor,77,72.92,4.581,4.59,396.3,19.74,1400.8,1755.9,Warning
M-004,Centrifugal Compressor,78,71.16,4.557,4.59,402.98,19.53,1401.0,1764.4,Warning
M-004,Centrifugal Compressor,79,72.79,4.73,4.77,399.0,19.22,1403.7,1772.9,Warning
M-004,Centrifugal Compressor,80,74.49,4.896,4.59,397.62,19.52,1404.1,1781.4,Warning
M-004,Centrifugal Compressor,81,74.77,4.94,4.53,399.29,19.93,1390.2,1789.9,Warning
M-004,Centrifugal Compressor,82,75.03,5.375,4.43,399.37,20.43,1363.8,1798.4,Warning
M-004,Centrifugal Compressor,83,77.5,5.279,4.65,397.73,20.51,1390.9,1806.9,Warning
M-004,Centrifugal Compressor,84,77.39,5.356,4.81,398.4,21.09,1400.5,1815.4,Warning
M-004,Centrifugal Compressor,85,75.78,5.545,4.52,398.28,20.52,1384.0,1823.9,Warning
M-004,Centrifugal Compressor,86,79.88,5.963,4.72,397.26,20.34,1379.2,1832.4,Warning
M-004,Centrifugal Compressor,87,79.82,5.925,4.49,399.74,20.64,1372.8,1840.9,Warning
M-004,Centrifugal Compressor,88,79.95,6.082,4.58,395.82,20.9,1378.8,1849.4,Critical
M-004,Centrifugal Compressor,89,81.05,6.39,4.55,395.82,21.02,1365.2,1857.9,Critical
M-004,Centrifugal Compressor,90,80.83,6.468,4.57,395.88,21.07,1369.8,1866.4,Critical
M-004,Centrifugal Compressor,91,82.98,6.69,4.66,398.04,21.58,1363.6,1874.9,Critical
M-004,Centrifugal Compressor,92,83.04,6.667,4.63,399.14,21.73,1350.5,1883.4,Critical
M-004,Centrifugal Compressor,93,83.75,6.777,4.64,396.98,22.37,1358.6,1891.9,Critical
M-004,Centrifugal Compressor,94,85.34,7.376,4.54,399.25,21.53,1357.3,1900.4,Critical
M-004,Centrifugal Compressor,95,87.24,7.22,4.53,398.2,22.84,1357.5,1908.9,Critical
M-004,Centrifugal Compressor,96,84.79,7.645,4.46,402.65,22.6,1362.2,1917.4,Critical
M-004,Centrifugal Compressor,97,84.65,7.666,4.61,396.36,22.02,1348.9,1925.9,Critical
M-004,Centrifugal Compressor,98,88.11,7.979,4.57,398.1,22.17,1353.9,1934.4,Critical
M-004,Centrifugal Compressor,99,88.24,8.087,4.7,401.3,22.54,1343.9,1942.9,Critical
M-004,Centrifugal Compressor,100,88.9,8.432,4.54,400.72,23.13,1337.4,1951.4,Critical
M-005,Industrial Robot,1,66.06,1.935,4.87,408.18,13.97,1485.9,5538.6,Healthy
M-005,Industrial Robot,2,67.56,1.986,4.98,410.83,12.88,1489.9,5547.1,Healthy
M-005,Industrial Robot,3,67.32,1.948,4.95,413.35,13.31,1483.3,5555.6,Healthy
M-005,Industrial Robot,4,65.81,1.959,4.77,410.49,13.66,1486.1,5564.1,Healthy
M-005,Industrial Robot,5,66.95,1.943,5.15,408.42,13.67,1480.1,5572.6,Healthy
M-005,Industrial Robot,6,63.69,1.622,4.99,410.29,13.21,1474.1,5581.1,Healthy
M-005,Industrial Robot,7,64.8,1.867,5.02,409.89,13.46,1485.3,5589.6,Healthy
M-005,Industrial Robot,8,67.72,1.744,4.87,408.94,13.56,1480.0,5598.1,Healthy
M-005,Industrial Robot,9,65.79,1.886,4.87,410.59,13.02,1479.3,5606.6,Healthy
M-005,Industrial Robot,10,65.74,1.667,4.72,410.99,13.74,1484.5,5615.1,Healthy
M-005,Industrial Robot,11,64.82,1.987,4.82,407.2,13.62,1488.4,5623.6,Healthy
M-005,Industrial Robot,12,66.9,1.61,4.8,409.95,13.52,1495.1,5632.1,Healthy
M-005,Industrial Robot,13,65.83,1.886,4.9,413.11,12.99,1491.2,5640.6,Healthy
M-005,Industrial Robot,14,64.44,1.931,4.83,411.41,13.41,1502.2,5649.1,Healthy
M-005,Industrial Robot,15,65.29,1.918,4.86,409.35,13.41,1476.1,5657.6,Healthy
M-005,Industrial Robot,16,63.92,1.939,4.92,408.74,13.12,1482.7,5666.1,Healthy
M-005,Industrial Robot,17,65.76,1.92,4.73,412.75,13.84,1469.6,5674.6,Healthy
M-005,Industrial Robot,18,66.93,1.993,4.94,407.33,13.73,1486.4,5683.1,Healthy
M-005,Industrial Robot,19,66.28,2.133,4.96,408.09,13.26,1482.0,5691.6,Healthy
M-005,Industrial Robot,20,66.14,1.77,4.89,407.36,13.33,1489.7,5700.1,Healthy
M-005,Industrial Robot,21,62.4,1.898,4.93,408.4,14.09,1495.9,5708.6,Healthy
M-005,Industrial Robot,22,64.31,1.967,5.06,410.19,13.5,1491.0,5717.1,Healthy
M-005,Industrial Robot,23,63.12,1.844,4.91,412.79,13.49,1485.9,5725.6,Healthy
M-005,Industrial Robot,24,65.52,1.989,4.92,408.53,13.28,1495.8,5734.1,Healthy
M-005,Industrial Robot,25,66.22,1.872,4.96,408.81,13.31,1483.0,5742.6,Healthy
M-005,Industrial Robot,26,65.27,2.028,4.83,408.55,12.94,1476.5,5751.1,Healthy
M-005,Industrial Robot,27,65.4,1.792,5.11,409.36,13.83,1496.0,5759.6,Healthy
M-005,Industrial Robot,28,65.37,2.12,4.97,412.95,13.86,1491.6,5768.1,Healthy
M-005,Industrial Robot,29,66.53,1.941,4.82,410.04,13.75,1500.5,5776.6,Healthy
M-005,Industrial Robot,30,64.76,1.93,4.95,409.69,13.5,1490.0,5785.1,Healthy
M-005,Industrial Robot,31,66.27,2.04,5.02,410.55,14.03,1497.2,5793.6,Healthy
M-005,Industrial Robot,32,65.51,1.72,4.84,411.79,13.15,1480.2,5802.1,Healthy
M-005,Industrial Robot,33,64.71,1.784,5.02,409.61,12.89,1488.5,5810.6,Healthy
M-005,Industrial Robot,34,65.89,1.809,5.05,409.08,13.76,1493.1,5819.1,Healthy
M-005,Industrial Robot,35,66.74,1.735,4.95,409.82,12.88,1497.1,5827.6,Healthy
M-005,Industrial Robot,36,64.64,1.793,4.84,411.33,12.84,1493.2,5836.1,Healthy
M-005,Industrial Robot,37,66.88,1.931,5.01,411.44,13.04,1499.8,5844.6,Healthy
M-005,Industrial Robot,38,65.07,1.859,4.91,410.91,13.19,1488.8,5853.1,Healthy
M-005,Industrial Robot,39,64.14,2.006,5.01,409.34,13.21,1493.4,5861.6,Healthy
M-005,Industrial Robot,40,64.78,1.882,5.05,408.3,13.5,1490.8,5870.1,Healthy
M-005,Industrial Robot,41,65.51,1.806,5.06,408.73,12.74,1493.4,5878.6,Healthy
M-005,Industrial Robot,42,64.18,1.95,5.07,411.18,13.75,1504.4,5887.1,Healthy
M-005,Industrial Robot,43,66.78,1.906,5.1,413.43,13.99,1484.3,5895.6,Healthy
M-005,Industrial Robot,44,64.0,1.8,5.01,410.24,13.3,1492.8,5904.1,Healthy
M-005,Industrial Robot,45,63.86,1.883,5.05,411.02,13.62,1501.1,5912.6,Healthy
M-005,Industrial Robot,46,65.54,1.788,5.06,412.27,13.57,1487.0,5921.1,Healthy
M-005,Industrial Robot,47,65.63,1.713,5.05,412.08,12.92,1495.2,5929.6,Healthy
M-005,Industrial Robot,48,66.11,1.744,4.82,410.67,13.24,1502.8,5938.1,Healthy
M-005,Industrial Robot,49,66.77,1.923,4.99,412.59,13.67,1492.3,5946.6,Healthy
M-005,Industrial Robot,50,64.45,2.234,4.83,409.3,12.8,1492.6,5955.1,Healthy
M-005,Industrial Robot,51,65.81,1.958,4.76,412.15,13.09,1487.1,5963.6,Healthy
M-005,Industrial Robot,52,66.74,1.898,4.97,411.52,13.53,1485.6,5972.1,Healthy
M-005,Industrial Robot,53,65.42,1.892,4.85,411.92,13.48,1488.9,5980.6,Healthy
M-005,Industrial Robot,54,67.06,1.852,4.92,408.96,13.5,1490.7,5989.1,Healthy
M-005,Industrial Robot,55,64.82,1.845,4.87,408.52,12.77,1486.4,5997.6,Healthy
M-005,Industrial Robot,56,63.58,1.811,4.88,412.03,13.02,1482.2,6006.1,Healthy
M-005,Industrial Robot,57,65.17,1.797,5.08,407.65,13.24,1490.9,6014.6,Healthy
M-005,Industrial Robot,58,66.68,1.821,4.75,409.63,13.85,1490.5,6023.1,Healthy
M-005,Industrial Robot,59,65.91,1.739,4.82,409.96,12.88,1494.5,6031.6,Healthy
M-005,Industrial Robot,60,64.91,1.886,4.78,409.14,12.99,1469.7,6040.1,Healthy
M-005,Industrial Robot,61,67.02,2.119,5.11,411.29,13.31,1494.7,6048.6,Healthy
M-005,Industrial Robot,62,68.36,1.976,4.93,408.93,14.1,1487.7,6057.1,Healthy
M-005,Industrial Robot,63,63.48,1.826,5.05,412.0,13.47,1496.7,6065.6,Healthy
M-005,Industrial Robot,64,67.46,1.812,5.1,410.62,13.73,1478.2,6074.1,Healthy
M-005,Industrial Robot,65,68.33,2.419,5.08,411.25,12.97,1495.2,6082.6,Healthy
M-005,Industrial Robot,66,68.37,2.196,5.13,410.51,13.46,1482.6,6091.1,Healthy
M-005,Industrial Robot,67,70.7,2.15,5.36,409.54,13.88,1491.8,6099.6,Healthy
M-005,Industrial Robot,68,70.5,2.137,5.33,412.32,13.97,1481.5,6108.1,Healthy
M-005,Industrial Robot,69,72.18,2.37,5.5,407.97,13.78,1482.9,6116.6,Healthy
M-005,Industrial Robot,70,72.06,2.437,5.55,410.68,14.57,1493.8,6125.1,Healthy
M-005,Industrial Robot,71,73.15,2.291,5.51,409.4,14.48,1488.1,6133.6,Healthy
M-005,Industrial Robot,72,73.37,2.408,5.65,411.71,14.83,1486.6,6142.1,Healthy
M-005,Industrial Robot,73,74.97,2.414,5.92,407.12,14.77,1485.4,6150.6,Healthy
M-005,Industrial Robot,74,75.19,2.491,6.05,410.37,14.46,1495.4,6159.1,Healthy
M-005,Industrial Robot,75,76.03,2.691,5.89,408.9,14.97,1486.5,6167.6,Healthy
M-005,Industrial Robot,76,75.86,2.722,5.98,408.14,14.36,1483.9,6176.1,Healthy
M-005,Industrial Robot,77,80.12,2.768,6.18,408.7,14.86,1484.7,6184.6,Warning
M-005,Industrial Robot,78,80.51,2.763,6.19,410.15,14.62,1487.0,6193.1,Warning
M-005,Industrial Robot,79,82.41,2.984,6.13,407.52,15.13,1489.8,6201.6,Warning
M-005,Industrial Robot,80,82.38,2.864,6.16,412.22,15.17,1492.5,6210.1,Warning
M-005,Industrial Robot,81,81.39,2.995,6.46,412.0,14.77,1478.0,6218.6,Warning
M-005,Industrial Robot,82,83.42,3.091,6.37,407.42,15.1,1479.0,6227.1,Warning
M-005,Industrial Robot,83,83.25,3.298,6.53,410.9,14.79,1488.4,6235.6,Warning
M-005,Industrial Robot,84,88.09,3.294,6.7,411.56,15.78,1489.6,6244.1,Warning
M-005,Industrial Robot,85,87.32,3.499,6.77,407.69,14.99,1475.9,6252.6,Warning
M-005,Industrial Robot,86,87.38,3.565,6.69,411.77,15.52,1484.3,6261.1,Warning
M-005,Industrial Robot,87,87.77,3.346,6.91,413.35,15.79,1473.5,6269.6,Warning
M-005,Industrial Robot,88,90.79,3.457,6.86,409.45,15.97,1480.2,6278.1,Critical
M-005,Industrial Robot,89,90.61,3.818,7.16,412.43,16.71,1494.8,6286.6,Critical
M-005,Industrial Robot,90,91.78,3.916,7.21,410.94,16.22,1481.0,6295.1,Critical
M-005,Industrial Robot,91,91.92,3.884,7.27,408.57,16.42,1504.9,6303.6,Critical
M-005,Industrial Robot,92,92.19,4.048,7.35,410.83,16.24,1487.1,6312.1,Critical
M-005,Industrial Robot,93,95.57,4.025,7.3,409.46,16.02,1493.5,6320.6,Critical
M-005,Industrial Robot,94,94.32,4.269,7.59,410.79,15.87,1485.7,6329.1,Critical
M-005,Industrial Robot,95,99.1,4.169,7.53,408.65,16.73,1481.5,6337.6,Critical
M-005,Industrial Robot,96,100.36,4.309,7.68,407.32,17.04,1492.0,6346.1,Critical
M-005,Industrial Robot,97,99.1,4.135,7.88,409.55,17.12,1503.9,6354.6,Critical
M-005,Industrial Robot,98,101.2,4.429,7.82,409.3,17.18,1488.7,6363.1,Critical
M-005,Industrial Robot,99,104.49,4.638,8.02,408.51,17.34,1481.0,6371.6,Critical
M-005,Industrial Robot,100,103.84,4.725,8.12,408.66,16.61,1497.4,6380.1,Critical
M-006,CNC Lathe,1,64.75,2.174,5.16,393.96,13.38,1453.1,3170.2,Healthy
M-006,CNC Lathe,2,68.06,2.278,5.08,396.21,13.84,1453.4,3178.7,Healthy
M-006,CNC Lathe,3,65.78,2.182,4.96,395.48,13.36,1455.3,3187.2,Healthy
M-006,CNC Lathe,4,65.57,2.248,5.06,400.17,13.86,1456.3,3195.7,Healthy
M-006,CNC Lathe,5,66.14,2.214,4.83,397.51,13.64,1444.5,3204.2,Healthy
M-006,CNC Lathe,6,66.44,2.225,5.15,396.97,13.97,1459.2,3212.7,Healthy
M-006,CNC Lathe,7,67.04,2.389,5.0,395.99,13.69,1454.5,3221.2,Healthy
M-006,CNC Lathe,8,65.55,2.413,5.08,395.53,13.24,1474.9,3229.7,Healthy
M-006,CNC Lathe,9,65.62,2.095,4.93,396.22,13.46,1465.0,3238.2,Healthy
M-006,CNC Lathe,10,66.86,2.258,5.07,398.15,12.92,1473.3,3246.7,Healthy
M-006,CNC Lathe,11,66.62,2.363,5.0,400.03,13.37,1449.8,3255.2,Healthy
M-006,CNC Lathe,12,65.79,2.252,5.0,395.68,13.19,1449.7,3263.7,Healthy
M-006,CNC Lathe,13,65.37,2.092,5.04,399.56,13.82,1449.0,3272.2,Healthy
M-006,CNC Lathe,14,66.99,2.023,5.35,400.07,13.34,1460.5,3280.7,Healthy
M-006,CNC Lathe,15,64.16,2.266,5.09,395.8,13.37,1452.9,3289.2,Healthy
M-006,CNC Lathe,16,64.48,2.156,4.97,399.18,13.21,1447.6,3297.7,Healthy
M-006,CNC Lathe,17,66.85,2.303,5.19,399.3,14.21,1456.2,3306.2,Healthy
M-006,CNC Lathe,18,64.09,2.292,5.04,395.55,13.57,1464.3,3314.7,Healthy
M-006,CNC Lathe,19,64.83,2.412,5.01,396.98,13.67,1454.3,3323.2,Healthy
M-006,CNC Lathe,20,63.71,2.37,5.05,398.96,13.09,1448.7,3331.7,Healthy
M-006,CNC Lathe,21,66.87,2.3,5.07,398.18,13.2,1458.3,3340.2,Healthy
M-006,CNC Lathe,22,65.99,2.214,5.03,397.61,13.51,1453.7,3348.7,Healthy
M-006,CNC Lathe,23,64.6,2.261,5.07,395.4,13.55,1470.3,3357.2,Healthy
M-006,CNC Lathe,24,65.4,2.439,5.32,395.56,13.54,1474.2,3365.7,Healthy
M-006,CNC Lathe,25,65.69,2.263,4.94,396.41,13.73,1476.8,3374.2,Healthy
M-006,CNC Lathe,26,65.6,2.06,4.97,397.4,13.94,1462.5,3382.7,Healthy
M-006,CNC Lathe,27,66.39,2.416,5.04,397.51,13.35,1455.2,3391.2,Healthy
M-006,CNC Lathe,28,64.63,2.218,5.11,396.73,13.48,1460.7,3399.7,Healthy
M-006,CNC Lathe,29,67.43,2.441,5.19,394.95,13.43,1454.8,3408.2,Healthy
M-006,CNC Lathe,30,65.31,2.362,4.95,400.86,14.01,1460.1,3416.7,Healthy
M-006,CNC Lathe,31,66.21,2.511,5.18,399.68,13.62,1469.8,3425.2,Healthy
M-006,CNC Lathe,32,67.89,2.472,5.24,396.63,13.28,1457.2,3433.7,Healthy
M-006,CNC Lathe,33,66.64,2.438,5.23,397.8,13.83,1451.1,3442.2,Healthy
M-006,CNC Lathe,34,68.0,2.6,5.2,396.47,14.25,1467.4,3450.7,Healthy
M-006,CNC Lathe,35,68.2,2.476,5.03,396.72,13.65,1451.0,3459.2,Healthy
M-006,CNC Lathe,36,68.21,2.667,5.13,396.99,13.88,1456.9,3467.7,Healthy
M-006,CNC Lathe,37,65.3,2.693,5.14,399.04,13.61,1440.9,3476.2,Healthy
M-006,CNC Lathe,38,68.69,2.53,5.25,397.92,14.58,1439.5,3484.7,Healthy
M-006,CNC Lathe,39,67.75,2.535,5.03,397.1,13.41,1443.8,3493.2,Healthy
M-006,CNC Lathe,40,66.18,2.861,5.23,397.4,14.75,1452.0,3501.7,Healthy
M-006,CNC Lathe,41,70.48,2.87,5.03,398.16,13.68,1448.2,3510.2,Healthy
M-006,CNC Lathe,42,68.78,3.192,5.18,399.66,14.04,1451.5,3518.7,Healthy
M-006,CNC Lathe,43,71.21,3.1,5.04,396.03,14.81,1463.3,3527.2,Healthy
M-006,CNC Lathe,44,68.62,3.052,5.2,395.96,14.81,1444.2,3535.7,Healthy
M-006,CNC Lathe,45,70.1,3.307,5.15,397.11,13.91,1440.5,3544.2,Healthy
M-006,CNC Lathe,46,72.34,3.138,5.02,398.32,14.62,1440.9,3552.7,Healthy
M-006,CNC Lathe,47,69.95,3.549,5.12,398.86,14.79,1437.6,3561.2,Healthy
M-006,CNC Lathe,48,71.89,3.511,4.99,399.64,15.05,1417.9,3569.7,Healthy
M-006,CNC Lathe,49,70.7,3.694,4.93,399.36,14.79,1443.9,3578.2,Healthy
M-006,CNC Lathe,50,71.83,3.564,5.14,397.41,14.64,1449.5,3586.7,Healthy
M-006,CNC Lathe,51,71.02,3.464,5.27,396.3,14.9,1427.3,3595.2,Healthy
M-006,CNC Lathe,52,71.87,3.725,5.01,397.6,14.95,1434.5,3603.7,Healthy
M-006,CNC Lathe,53,73.5,3.791,5.12,396.63,14.83,1432.6,3612.2,Healthy
M-006,CNC Lathe,54,73.14,3.939,5.03,395.41,15.96,1428.2,3620.7,Warning
M-006,CNC Lathe,55,72.35,4.11,5.22,397.8,15.83,1411.5,3629.2,Warning
M-006,CNC Lathe,56,71.65,4.194,5.14,390.79,15.22,1414.2,3637.7,Warning
M-006,CNC Lathe,57,72.75,4.131,5.17,395.43,15.18,1407.7,3646.2,Warning
M-006,CNC Lathe,58,76.33,4.394,4.86,395.5,15.8,1429.2,3654.7,Warning
M-006,CNC Lathe,59,76.21,4.39,4.92,399.21,15.6,1417.8,3663.2,Warning
M-006,CNC Lathe,60,75.38,4.361,5.15,397.92,15.65,1419.4,3671.7,Warning
M-006,CNC Lathe,61,74.34,4.584,5.11,394.0,15.87,1419.8,3680.2,Warning
M-006,CNC Lathe,62,76.03,4.706,5.17,396.69,15.88,1402.8,3688.7,Warning
M-006,CNC Lathe,63,76.78,4.764,5.16,398.6,16.35,1406.4,3697.2,Warning
M-006,CNC Lathe,64,74.6,4.988,5.15,396.2,16.37,1397.1,3705.7,Warning
M-006,CNC Lathe,65,78.86,4.955,5.03,396.23,16.19,1406.8,3714.2,Warning
M-006,CNC Lathe,66,78.09,5.04,5.13,397.49,16.14,1398.7,3722.7,Warning
M-006,CNC Lathe,67,79.19,5.251,5.12,399.32,15.77,1398.8,3731.2,Warning
M-006,CNC Lathe,68,77.49,5.557,5.18,397.31,16.83,1410.5,3739.7,Warning
M-006,CNC Lathe,69,80.63,5.496,5.09,396.47,16.32,1403.7,3748.2,Warning
M-006,CNC Lathe,70,79.54,5.434,5.06,400.37,17.09,1412.5,3756.7,Warning
M-006,CNC Lathe,71,80.8,5.592,5.11,395.43,16.42,1400.1,3765.2,Warning
M-006,CNC Lathe,72,79.48,5.711,5.22,396.14,17.66,1386.2,3773.7,Warning
M-006,CNC Lathe,73,82.22,5.838,5.23,395.24,17.87,1390.8,3782.2,Warning
M-006,CNC Lathe,74,82.29,6.063,5.05,399.12,16.89,1401.6,3790.7,Critical
M-006,CNC Lathe,75,81.01,5.997,5.14,399.04,17.95,1384.9,3799.2,Warning
M-006,CNC Lathe,76,83.73,6.333,5.13,396.37,16.76,1401.6,3807.7,Critical
M-006,CNC Lathe,77,82.52,6.08,4.98,395.46,17.8,1393.1,3816.2,Critical
M-006,CNC Lathe,78,84.05,6.321,4.99,396.01,17.19,1387.3,3824.7,Critical
M-006,CNC Lathe,79,82.45,6.325,5.09,394.13,17.7,1379.9,3833.2,Critical
M-006,CNC Lathe,80,85.6,6.418,4.98,396.72,17.41,1379.1,3841.7,Critical
M-006,CNC Lathe,81,82.41,6.551,5.02,398.6,17.61,1362.9,3850.2,Critical
M-006,CNC Lathe,82,84.86,6.769,5.08,396.25,17.77,1375.8,3858.7,Critical
M-006,CNC Lathe,83,84.5,6.8,5.19,394.87,18.1,1358.5,3867.2,Critical
M-006,CNC Lathe,84,86.31,6.83,5.21,394.52,18.38,1380.6,3875.7,Critical
M-006,CNC Lathe,85,85.27,6.953,5.02,396.5,18.51,1364.3,3884.2,Critical
M-006,CNC Lathe,86,85.63,6.924,5.27,400.83,18.64,1360.3,3892.7,Critical
M-006,CNC Lathe,87,88.35,7.39,5.09,397.55,18.98,1351.7,3901.2,Critical
M-006,CNC Lathe,88,89.13,7.35,5.0,395.41,18.36,1353.1,3909.7,Critical
M-006,CNC Lathe,89,90.53,7.558,5.22,398.59,18.79,1361.3,3918.2,Critical
M-006,CNC Lathe,90,88.41,7.573,4.97,399.63,18.25,1350.1,3926.7,Critical
M-006,CNC Lathe,91,91.79,7.74,5.13,398.74,18.46,1345.4,3935.2,Critical
M-006,CNC Lathe,92,89.33,7.728,5.1,398.44,19.6,1360.9,3943.7,Critical
M-006,CNC Lathe,93,89.16,7.905,5.05,395.44,18.79,1365.7,3952.2,Critical
M-006,CNC Lathe,94,90.86,8.037,5.16,398.54,19.73,1344.3,3960.7,Critical
M-006,CNC Lathe,95,91.82,8.069,5.09,397.58,19.51,1349.0,3969.2,Critical
M-006,CNC Lathe,96,92.79,8.222,5.13,395.95,20.59,1338.7,3977.7,Critical
M-006,CNC Lathe,97,91.49,8.515,5.07,399.24,19.74,1340.6,3986.2,Critical
M-006,CNC Lathe,98,91.93,8.431,5.07,397.12,19.51,1340.9,3994.7,Critical
M-006,CNC Lathe,99,92.02,8.733,5.21,396.06,19.65,1341.0,4003.2,Critical
M-006,CNC Lathe,100,95.36,8.937,4.97,399.48,20.01,1337.1,4011.7,Critical
M-007,Induction Motor,1,57.98,2.312,5.12,403.35,14.58,1497.9,2817.6,Healthy
M-007,Induction Motor,2,56.35,2.436,5.21,403.94,14.33,1483.0,2826.1,Healthy
M-007,Induction Motor,3,57.62,2.289,5.04,404.31,14.76,1484.6,2834.6,Healthy
M-007,Induction Motor,4,56.3,2.23,5.18,402.19,14.39,1492.2,2843.1,Healthy
M-007,Induction Motor,5,55.89,2.116,4.9,404.61,14.42,1498.8,2851.6,Healthy
M-007,Induction Motor,6,56.16,2.27,5.2,401.6,13.87,1504.4,2860.1,Healthy
M-007,Induction Motor,7,59.21,2.221,5.23,401.75,14.06,1505.1,2868.6,Healthy
M-007,Induction Motor,8,55.54,2.232,5.19,406.02,14.72,1477.1,2877.1,Healthy
M-007,Induction Motor,9,57.53,2.269,5.15,403.96,13.92,1487.2,2885.6,Healthy
M-007,Induction Motor,10,58.1,2.348,5.19,402.14,14.37,1496.4,2894.1,Healthy
M-007,Induction Motor,11,57.57,2.142,5.05,399.74,14.92,1496.9,2902.6,Healthy
M-007,Induction Motor,12,57.4,2.212,5.12,404.91,15.08,1485.6,2911.1,Healthy
M-007,Induction Motor,13,58.9,2.27,5.16,405.73,14.41,1492.8,2919.6,Healthy
M-007,Induction Motor,14,57.83,2.072,5.21,401.6,13.91,1486.3,2928.1,Healthy
M-007,Induction Motor,15,56.9,2.39,5.07,401.14,14.49,1479.8,2936.6,Healthy
M-007,Induction Motor,16,56.74,2.067,5.27,402.12,14.41,1497.8,2945.1,Healthy
M-007,Induction Motor,17,56.66,2.229,5.07,400.6,14.09,1486.5,2953.6,Healthy
M-007,Induction Motor,18,57.07,2.301,5.09,403.36,14.58,1486.7,2962.1,Healthy
M-007,Induction Motor,19,56.56,2.277,5.16,403.16,14.96,1491.0,2970.6,Healthy
M-007,Induction Motor,20,56.76,2.16,5.09,399.8,14.74,1472.6,2979.1,Healthy
M-007,Induction Motor,21,58.11,2.163,5.13,400.92,14.92,1490.6,2987.6,Healthy
M-007,Induction Motor,22,58.48,2.423,5.19,400.33,14.33,1484.5,2996.1,Healthy
M-007,Induction Motor,23,56.92,2.255,5.16,403.55,14.61,1489.4,3004.6,Healthy
M-007,Induction Motor,24,58.01,2.201,5.31,401.59,14.83,1478.6,3013.1,Healthy
M-007,Induction Motor,25,57.07,2.227,5.2,404.44,13.97,1481.6,3021.6,Healthy
M-007,Induction Motor,26,55.85,2.425,5.21,400.55,14.26,1499.9,3030.1,Healthy
M-007,Induction Motor,27,57.2,2.226,5.1,400.67,14.82,1503.8,3038.6,Healthy
M-007,Induction Motor,28,56.35,2.435,5.13,403.79,14.9,1489.3,3047.1,Healthy
M-007,Induction Motor,29,57.14,2.363,5.07,405.02,14.46,1485.8,3055.6,Healthy
M-007,Induction Motor,30,56.8,2.101,5.12,402.19,14.04,1490.1,3064.1,Healthy
M-007,Induction Motor,31,58.1,2.241,5.24,401.11,14.76,1491.4,3072.6,Healthy
M-007,Induction Motor,32,59.38,2.556,5.13,401.86,14.32,1495.2,3081.1,Healthy
M-007,Induction Motor,33,59.12,2.188,5.21,402.45,14.63,1502.5,3089.6,Healthy
M-007,Induction Motor,34,57.24,2.066,5.25,401.06,14.36,1496.7,3098.1,Healthy
M-007,Induction Motor,35,57.89,2.255,5.12,396.92,14.66,1488.4,3106.6,Healthy
M-007,Induction Motor,36,59.34,2.314,5.12,404.85,14.81,1488.7,3115.1,Healthy
M-007,Induction Motor,37,58.96,2.2,5.19,403.86,14.69,1495.4,3123.6,Healthy
M-007,Induction Motor,38,57.13,2.398,5.16,401.58,14.22,1506.0,3132.1,Healthy
M-007,Induction Motor,39,56.64,2.422,5.06,403.7,14.51,1503.4,3140.6,Healthy
M-007,Induction Motor,40,56.74,2.155,5.16,406.05,14.1,1469.7,3149.1,Healthy
M-007,Induction Motor,41,57.6,2.381,5.08,404.42,14.05,1489.3,3157.6,Healthy
M-007,Induction Motor,42,58.43,2.124,5.19,405.15,14.58,1484.7,3166.1,Healthy
M-007,Induction Motor,43,59.35,2.346,4.99,404.45,14.21,1492.0,3174.6,Healthy
M-007,Induction Motor,44,58.74,2.201,5.01,405.73,14.82,1489.7,3183.1,Healthy
M-007,Induction Motor,45,58.55,2.222,5.19,402.43,14.3,1493.3,3191.6,Healthy
M-007,Induction Motor,46,56.08,2.237,5.21,406.4,14.0,1494.6,3200.1,Healthy
M-007,Induction Motor,47,58.29,2.042,5.22,404.48,14.62,1489.8,3208.6,Healthy
M-007,Induction Motor,48,57.93,2.287,5.01,403.11,14.28,1484.8,3217.1,Healthy
M-007,Induction Motor,49,60.51,2.417,5.06,403.41,14.92,1478.5,3225.6,Healthy
M-007,Induction Motor,50,57.62,2.282,5.05,403.48,14.8,1502.5,3234.1,Healthy
M-007,Induction Motor,51,57.23,2.567,4.97,403.43,13.92,1491.2,3242.6,Healthy
M-007,Induction Motor,52,56.9,2.328,5.16,401.07,14.14,1505.9,3251.1,Healthy
M-007,Induction Motor,53,58.06,2.062,5.23,402.33,14.41,1497.0,3259.6,Healthy
M-007,Induction Motor,54,58.95,2.164,5.17,401.63,14.62,1488.6,3268.1,Healthy
M-007,Induction Motor,55,57.56,2.234,5.17,406.13,15.25,1493.5,3276.6,Healthy
M-007,Induction Motor,56,57.41,2.075,5.1,402.47,14.16,1485.6,3285.1,Healthy
M-007,Induction Motor,57,59.42,2.27,5.19,401.37,14.82,1488.7,3293.6,Healthy
M-007,Induction Motor,58,56.9,2.077,5.17,401.62,15.0,1505.2,3302.1,Healthy
M-007,Induction Motor,59,56.05,2.132,5.15,401.09,14.49,1487.8,3310.6,Healthy
M-007,Induction Motor,60,57.87,2.389,5.07,404.71,14.16,1507.6,3319.1,Healthy
M-007,Induction Motor,61,59.47,2.253,5.08,400.41,14.72,1490.2,3327.6,Healthy
M-007,Induction Motor,62,58.64,2.531,5.1,400.26,14.48,1499.6,3336.1,Healthy
M-007,Induction Motor,63,56.65,2.328,5.31,399.46,14.55,1485.1,3344.6,Healthy
M-007,Induction Motor,64,58.29,2.493,5.2,400.7,14.38,1499.2,3353.1,Healthy
M-007,Induction Motor,65,58.96,2.607,5.2,404.34,14.51,1479.9,3361.6,Healthy
M-007,Induction Motor,66,59.95,2.75,5.09,401.57,14.7,1497.0,3370.1,Healthy
M-007,Induction Motor,67,60.21,2.573,5.17,402.23,14.47,1481.0,3378.6,Healthy
M-007,Induction Motor,68,59.72,2.813,5.14,405.66,14.87,1480.0,3387.1,Healthy
M-007,Induction Motor,69,60.56,2.927,5.18,402.85,15.16,1470.3,3395.6,Healthy
M-007,Induction Motor,70,60.98,3.215,5.16,403.04,15.33,1478.0,3404.1,Healthy
M-007,Induction Motor,71,62.5,3.245,5.09,400.28,15.77,1478.2,3412.6,Healthy
M-007,Induction Motor,72,63.24,3.51,5.16,401.47,15.21,1460.6,3421.1,Healthy
M-007,Induction Motor,73,64.57,3.505,5.28,402.35,15.47,1457.7,3429.6,Healthy
M-007,Induction Motor,74,63.08,3.889,5.07,406.95,15.57,1469.6,3438.1,Warning
M-007,Induction Motor,75,64.3,3.84,5.05,402.52,15.62,1447.2,3446.6,Warning
M-007,Induction Motor,76,65.32,3.965,5.35,404.72,16.78,1452.2,3455.1,Warning
M-007,Induction Motor,77,66.06,3.894,5.15,402.92,16.41,1454.3,3463.6,Warning
M-007,Induction Motor,78,66.7,4.052,5.2,403.69,16.99,1454.4,3472.1,Warning
M-007,Induction Motor,79,67.21,4.684,4.94,401.69,16.43,1448.0,3480.6,Warning
M-007,Induction Motor,80,65.49,4.886,5.15,403.36,16.95,1455.1,3489.1,Warning
M-007,Induction Motor,81,66.67,4.92,5.29,402.52,16.72,1436.9,3497.6,Warning
M-007,Induction Motor,82,69.21,5.002,5.16,405.74,17.02,1434.5,3506.1,Warning
M-007,Induction Motor,83,71.03,5.252,5.04,402.6,17.38,1442.7,3514.6,Warning
M-007,Induction Motor,84,70.12,5.579,5.17,400.51,17.15,1447.0,3523.1,Warning
M-007,Induction Motor,85,71.91,5.763,5.01,408.0,18.11,1425.9,3531.6,Warning
M-007,Induction Motor,86,72.57,5.931,5.24,403.09,17.99,1428.9,3540.1,Warning
M-007,Induction Motor,87,71.69,5.994,5.01,403.93,17.95,1408.2,3548.6,Warning
M-007,Induction Motor,88,73.67,6.253,5.16,400.37,17.78,1417.8,3557.1,Critical
M-007,Induction Motor,89,74.79,6.404,5.16,403.58,18.88,1414.7,3565.6,Critical
M-007,Induction Motor,90,75.97,6.64,5.14,399.44,19.16,1417.0,3574.1,Critical
M-007,Induction Motor,91,79.62,7.115,5.06,402.05,19.86,1405.7,3582.6,Critical
M-007,Induction Motor,92,78.41,6.864,5.19,406.58,19.64,1397.3,3591.1,Critical
M-007,Induction Motor,93,78.54,7.119,5.09,398.9,19.37,1410.4,3599.6,Critical
M-007,Induction Motor,94,80.35,7.629,5.28,401.63,19.34,1388.7,3608.1,Critical
M-007,Induction Motor,95,78.78,7.681,4.89,403.9,19.85,1394.3,3616.6,Critical
M-007,Induction Motor,96,83.03,7.916,5.34,403.96,19.77,1384.7,3625.1,Critical
M-007,Induction Motor,97,79.98,7.999,5.14,403.81,19.99,1372.6,3633.6,Critical
M-007,Induction Motor,98,81.36,8.254,5.37,403.26,20.8,1371.4,3642.1,Critical
M-007,Induction Motor,99,82.69,8.399,5.17,398.73,20.34,1369.8,3650.6,Critical
M-007,Induction Motor,100,83.94,8.512,5.21,402.81,21.18,1361.6,3659.1,Critical
M-008,Hydraulic Pump,1,64.14,2.134,4.54,402.86,12.19,1482.8,6055.4,Healthy
M-008,Hydraulic Pump,2,65.29,2.252,4.55,402.18,12.12,1486.3,6063.9,Healthy
M-008,Hydraulic Pump,3,66.29,1.903,4.53,401.06,12.49,1491.2,6072.4,Healthy
M-008,Hydraulic Pump,4,62.94,1.882,4.74,403.6,12.42,1492.6,6080.9,Healthy
M-008,Hydraulic Pump,5,65.98,1.864,4.55,403.2,11.78,1484.4,6089.4,Healthy
M-008,Hydraulic Pump,6,65.56,2.081,4.68,402.36,12.22,1477.4,6097.9,Healthy
M-008,Hydraulic Pump,7,65.43,2.121,4.7,406.75,12.53,1504.2,6106.4,Healthy
M-008,Hydraulic Pump,8,64.07,1.777,4.67,399.93,12.44,1499.4,6114.9,Healthy
M-008,Hydraulic Pump,9,64.7,2.263,4.39,403.37,12.39,1481.0,6123.4,Healthy
M-008,Hydraulic Pump,10,62.92,1.888,4.48,403.32,12.17,1494.3,6131.9,Healthy
M-008,Hydraulic Pump,11,65.09,2.059,4.55,404.11,12.75,1495.3,6140.4,Healthy
M-008,Hydraulic Pump,12,66.54,2.107,4.76,398.55,12.42,1489.1,6148.9,Healthy
M-008,Hydraulic Pump,13,64.16,1.893,4.63,399.92,12.53,1485.6,6157.4,Healthy
M-008,Hydraulic Pump,14,63.71,2.042,4.6,405.65,12.05,1491.1,6165.9,Healthy
M-008,Hydraulic Pump,15,65.37,2.033,4.63,405.75,12.24,1486.8,6174.4,Healthy
M-008,Hydraulic Pump,16,65.0,1.972,4.7,404.28,12.17,1494.4,6182.9,Healthy
M-008,Hydraulic Pump,17,63.22,2.103,4.45,405.98,12.5,1490.4,6191.4,Healthy
M-008,Hydraulic Pump,18,65.22,2.051,4.72,406.18,12.51,1484.8,6199.9,Healthy
M-008,Hydraulic Pump,19,63.66,1.981,4.7,402.62,12.25,1506.5,6208.4,Healthy
M-008,Hydraulic Pump,20,64.18,1.913,4.67,403.43,11.9,1500.1,6216.9,Healthy
M-008,Hydraulic Pump,21,63.41,1.995,4.58,404.0,11.62,1489.0,6225.4,Healthy
M-008,Hydraulic Pump,22,65.66,2.141,4.49,405.38,12.12,1488.7,6233.9,Healthy
M-008,Hydraulic Pump,23,63.92,2.003,4.69,404.07,12.34,1499.5,6242.4,Healthy
M-008,Hydraulic Pump,24,63.34,1.98,4.69,404.6,12.22,1479.6,6250.9,Healthy
M-008,Hydraulic Pump,25,64.68,1.8,4.57,405.9,12.59,1475.5,6259.4,Healthy
M-008,Hydraulic Pump,26,64.55,1.951,4.46,404.21,12.21,1487.8,6267.9,Healthy
M-008,Hydraulic Pump,27,64.46,1.914,4.6,402.35,12.2,1499.7,6276.4,Healthy
M-008,Hydraulic Pump,28,65.62,1.784,4.66,406.33,12.93,1495.9,6284.9,Healthy
M-008,Hydraulic Pump,29,63.04,2.065,4.5,402.85,12.52,1485.3,6293.4,Healthy
M-008,Hydraulic Pump,30,62.93,2.045,4.78,406.02,12.63,1499.6,6301.9,Healthy
M-008,Hydraulic Pump,31,65.07,2.044,4.68,400.8,12.45,1491.1,6310.4,Healthy
M-008,Hydraulic Pump,32,64.4,1.934,4.64,401.9,12.2,1486.5,6318.9,Healthy
M-008,Hydraulic Pump,33,65.34,1.988,4.54,402.79,12.39,1504.7,6327.4,Healthy
M-008,Hydraulic Pump,34,62.82,2.071,4.64,401.77,12.9,1496.0,6335.9,Healthy
M-008,Hydraulic Pump,35,63.7,1.766,4.61,403.45,12.02,1483.4,6344.4,Healthy
M-008,Hydraulic Pump,36,65.35,1.755,4.62,403.16,12.56,1489.4,6352.9,Healthy
M-008,Hydraulic Pump,37,64.66,1.9,4.58,404.52,12.44,1494.8,6361.4,Healthy
M-008,Hydraulic Pump,38,63.19,1.919,4.53,402.98,12.86,1488.9,6369.9,Healthy
M-008,Hydraulic Pump,39,62.94,2.055,4.72,401.02,13.08,1495.1,6378.4,Healthy
M-008,Hydraulic Pump,40,65.55,2.166,4.69,403.32,12.81,1493.8,6386.9,Healthy
M-008,Hydraulic Pump,41,65.62,2.134,4.48,405.13,12.32,1492.8,6395.4,Healthy
M-008,Hydraulic Pump,42,64.46,2.0,4.74,400.8,11.78,1476.3,6403.9,Healthy
M-008,Hydraulic Pump,43,65.59,1.897,4.6,403.31,12.07,1498.5,6412.4,Healthy
M-008,Hydraulic Pump,44,64.15,1.961,4.61,404.98,12.05,1498.7,6420.9,Healthy
M-008,Hydraulic Pump,45,66.05,1.818,4.62,402.93,12.63,1482.0,6429.4,Healthy
M-008,Hydraulic Pump,46,66.26,1.797,4.56,404.41,12.14,1485.0,6437.9,Healthy
M-008,Hydraulic Pump,47,64.57,1.999,4.59,405.25,12.25,1494.3,6446.4,Healthy
M-008,Hydraulic Pump,48,63.7,1.888,4.56,402.54,12.23,1501.1,6454.9,Healthy
M-008,Hydraulic Pump,49,64.0,1.91,4.59,403.75,11.97,1489.3,6463.4,Healthy
M-008,Hydraulic Pump,50,63.9,1.969,4.66,403.81,12.81,1491.6,6471.9,Healthy
M-008,Hydraulic Pump,51,66.44,1.934,4.51,404.63,12.86,1480.7,6480.4,Healthy
M-008,Hydraulic Pump,52,64.07,1.916,4.6,403.56,12.86,1490.9,6488.9,Healthy
M-008,Hydraulic Pump,53,65.96,1.952,4.68,403.99,12.99,1479.9,6497.4,Healthy
M-008,Hydraulic Pump,54,62.91,2.209,4.52,402.2,12.08,1500.9,6505.9,Healthy
M-008,Hydraulic Pump,55,62.8,1.992,4.56,405.61,12.19,1495.1,6514.4,Healthy
M-008,Hydraulic Pump,56,62.9,2.262,4.56,403.55,12.96,1487.0,6522.9,Healthy
M-008,Hydraulic Pump,57,66.31,1.94,4.66,402.39,11.91,1495.0,6531.4,Healthy
M-008,Hydraulic Pump,58,65.08,1.832,4.56,405.94,12.59,1488.6,6539.9,Healthy
M-008,Hydraulic Pump,59,63.59,2.223,4.44,403.42,11.87,1502.2,6548.4,Healthy
M-008,Hydraulic Pump,60,64.3,2.011,4.87,402.35,13.0,1488.6,6556.9,Healthy
M-008,Hydraulic Pump,61,64.03,2.306,4.57,400.79,12.48,1490.3,6565.4,Healthy
M-008,Hydraulic Pump,62,64.75,1.973,4.81,404.65,12.01,1492.7,6573.9,Healthy
M-008,Hydraulic Pump,63,63.35,1.96,4.5,407.75,12.14,1497.2,6582.4,Healthy
M-008,Hydraulic Pump,64,63.92,1.851,4.61,404.34,12.58,1470.8,6590.9,Healthy
M-008,Hydraulic Pump,65,62.83,2.104,4.5,403.94,11.94,1497.6,6599.4,Healthy
M-008,Hydraulic Pump,66,65.43,2.077,4.69,406.67,11.97,1485.4,6607.9,Healthy
M-008,Hydraulic Pump,67,65.38,2.125,4.52,402.05,12.16,1478.9,6616.4,Healthy
M-008,Hydraulic Pump,68,62.78,1.84,4.56,404.08,12.54,1487.7,6624.9,Healthy
M-008,Hydraulic Pump,69,63.73,2.004,4.44,405.46,12.83,1486.7,6633.4,Healthy
M-008,Hydraulic Pump,70,63.83,2.139,4.58,404.71,12.35,1504.2,6641.9,Healthy
M-008,Hydraulic Pump,71,64.9,2.055,4.65,402.43,12.22,1497.9,6650.4,Healthy
M-008,Hydraulic Pump,72,64.46,1.848,4.78,405.49,12.4,1489.5,6658.9,Healthy
M-008,Hydraulic Pump,73,64.55,2.052,4.39,407.76,12.11,1491.7,6667.4,Healthy
M-008,Hydraulic Pump,74,64.35,2.229,4.58,406.71,12.53,1484.0,6675.9,Healthy
M-008,Hydraulic Pump,75,64.47,1.975,4.48,404.25,12.39,1496.2,6684.4,Healthy
M-008,Hydraulic Pump,76,64.54,1.911,4.67,402.29,11.3,1492.8,6692.9,Healthy
M-008,Hydraulic Pump,77,63.64,2.035,4.79,407.59,12.33,1485.1,6701.4,Healthy
M-008,Hydraulic Pump,78,65.01,1.945,4.63,402.22,12.47,1485.2,6709.9,Healthy
M-008,Hydraulic Pump,79,65.73,1.919,4.65,401.01,12.66,1484.0,6718.4,Healthy
M-008,Hydraulic Pump,80,64.62,2.112,4.57,401.48,12.56,1485.0,6726.9,Healthy
M-008,Hydraulic Pump,81,63.82,2.021,4.72,403.59,12.39,1497.6,6735.4,Healthy
M-008,Hydraulic Pump,82,64.37,2.066,4.7,402.88,11.24,1485.2,6743.9,Healthy
M-008,Hydraulic Pump,83,65.76,1.985,4.55,405.87,12.35,1475.0,6752.4,Healthy
M-008,Hydraulic Pump,84,62.5,2.04,4.58,406.45,12.13,1489.3,6760.9,Healthy
M-008,Hydraulic Pump,85,63.25,1.927,4.4,402.77,12.37,1490.6,6769.4,Healthy
M-008,Hydraulic Pump,86,66.89,2.21,4.51,399.45,12.35,1494.7,6777.9,Healthy
M-008,Hydraulic Pump,87,63.28,1.892,4.75,403.02,12.62,1484.3,6786.4,Healthy
M-008,Hydraulic Pump,88,64.24,1.949,4.52,405.85,11.9,1494.1,6794.9,Healthy
M-008,Hydraulic Pump,89,63.88,2.039,4.55,405.27,12.06,1501.0,6803.4,Healthy
M-008,Hydraulic Pump,90,64.27,1.83,4.66,403.14,11.79,1494.4,6811.9,Healthy
M-008,Hydraulic Pump,91,65.52,2.143,4.55,403.83,12.4,1503.6,6820.4,Healthy
M-008,Hydraulic Pump,92,63.34,1.934,4.51,400.64,12.47,1504.5,6828.9,Healthy
M-008,Hydraulic Pump,93,64.07,1.884,4.61,404.72,12.33,1503.0,6837.4,Healthy
M-008,Hydraulic Pump,94,63.33,1.955,4.62,404.32,12.4,1481.5,6845.9,Healthy
M-008,Hydraulic Pump,95,67.11,1.961,4.6,404.77,12.16,1492.2,6854.4,Healthy
M-008,Hydraulic Pump,96,63.5,2.039,4.56,404.07,12.02,1485.1,6862.9,Healthy
M-008,Hydraulic Pump,97,62.67,1.904,4.33,402.92,12.2,1492.9,6871.4,Healthy
M-008,Hydraulic Pump,98,64.36,2.14,4.85,405.81,12.23,1487.8,6879.9,Healthy
M-008,Hydraulic Pump,99,65.35,1.788,4.56,403.06,12.59,1496.6,6888.4,Healthy
M-008,Hydraulic Pump,100,63.41,1.94,4.63,401.94,12.81,1496.6,6896.9,Healthy
M-009,Centrifugal Compressor,1,67.25,2.216,4.74,393.33,17.04,1471.0,1052.4,Healthy
M-009,Centrifugal Compressor,2,68.43,2.02,4.73,395.53,16.68,1471.1,1060.9,Healthy
M-009,Centrifugal Compressor,3,67.37,1.891,4.63,394.95,16.84,1474.5,1069.4,Healthy
M-009,Centrifugal Compressor,4,68.7,2.054,4.61,394.61,16.98,1459.9,1077.9,Healthy
M-009,Centrifugal Compressor,5,62.74,2.31,4.66,394.51,17.17,1464.0,1086.4,Healthy
M-009,Centrifugal Compressor,6,66.67,1.979,4.47,392.16,16.66,1469.9,1094.9,Healthy
M-009,Centrifugal Compressor,7,68.06,1.994,4.39,394.89,16.91,1461.1,1103.4,Healthy
M-009,Centrifugal Compressor,8,68.33,2.116,4.56,392.46,16.96,1457.4,1111.9,Healthy
M-009,Centrifugal Compressor,9,67.1,2.223,4.52,395.04,17.37,1464.0,1120.4,Healthy
M-009,Centrifugal Compressor,10,68.05,2.065,4.67,395.75,16.85,1480.6,1128.9,Healthy
M-009,Centrifugal Compressor,11,67.88,2.256,4.76,395.52,17.54,1466.2,1137.4,Healthy
M-009,Centrifugal Compressor,12,66.31,2.101,4.56,390.67,16.75,1465.2,1145.9,Healthy
M-009,Centrifugal Compressor,13,68.46,1.997,4.76,392.45,16.73,1476.2,1154.4,Healthy
M-009,Centrifugal Compressor,14,67.24,2.079,4.68,392.46,16.94,1464.7,1162.9,Healthy
M-009,Centrifugal Compressor,15,68.66,1.899,4.83,394.62,16.66,1454.3,1171.4,Healthy
M-009,Centrifugal Compressor,16,67.52,1.938,4.6,394.37,17.45,1472.8,1179.9,Healthy
M-009,Centrifugal Compressor,17,66.42,2.074,4.5,390.79,16.62,1473.6,1188.4,Healthy
M-009,Centrifugal Compressor,18,68.12,2.146,4.51,393.45,16.75,1463.3,1196.9,Healthy
M-009,Centrifugal Compressor,19,66.91,1.979,4.69,395.33,16.8,1467.1,1205.4,Healthy
M-009,Centrifugal Compressor,20,68.54,2.271,4.7,395.79,16.97,1472.9,1213.9,Healthy
M-009,Centrifugal Compressor,21,65.9,2.209,4.63,397.85,17.26,1464.1,1222.4,Healthy
M-009,Centrifugal Compressor,22,66.9,2.163,4.7,394.07,17.09,1471.8,1230.9,Healthy
M-009,Centrifugal Compressor,23,65.55,2.187,4.71,397.24,16.8,1464.7,1239.4,Healthy
M-009,Centrifugal Compressor,24,67.43,2.188,4.7,392.39,17.16,1480.7,1247.9,Healthy
M-009,Centrifugal Compressor,25,67.92,2.296,4.76,397.59,17.16,1468.8,1256.4,Healthy
M-009,Centrifugal Compressor,26,67.49,2.1,4.73,393.83,17.71,1457.2,1264.9,Healthy
M-009,Centrifugal Compressor,27,68.16,2.265,4.64,392.64,17.46,1466.3,1273.4,Healthy
M-009,Centrifugal Compressor,28,68.16,2.086,4.83,390.63,17.18,1475.4,1281.9,Healthy
M-009,Centrifugal Compressor,29,67.31,2.136,4.61,394.91,16.47,1458.9,1290.4,Healthy
M-009,Centrifugal Compressor,30,66.24,2.18,4.6,393.78,16.92,1458.7,1298.9,Healthy
M-009,Centrifugal Compressor,31,67.51,2.145,4.74,396.17,17.25,1462.0,1307.4,Healthy
M-009,Centrifugal Compressor,32,66.72,1.995,4.57,395.26,16.8,1476.4,1315.9,Healthy
M-009,Centrifugal Compressor,33,67.14,2.28,4.71,393.31,17.03,1451.3,1324.4,Healthy
M-009,Centrifugal Compressor,34,67.42,2.017,4.54,397.91,17.41,1472.7,1332.9,Healthy
M-009,Centrifugal Compressor,35,68.13,1.951,4.62,394.19,16.45,1460.2,1341.4,Healthy
M-009,Centrifugal Compressor,36,66.53,2.115,4.91,394.83,17.1,1462.6,1349.9,Healthy
M-009,Centrifugal Compressor,37,68.07,1.971,4.85,394.62,16.91,1472.4,1358.4,Healthy
M-009,Centrifugal Compressor,38,66.29,2.199,4.81,394.39,17.79,1469.8,1366.9,Healthy
M-009,Centrifugal Compressor,39,68.4,2.295,4.86,395.39,17.38,1475.8,1375.4,Healthy
M-009,Centrifugal Compressor,40,66.52,1.945,4.71,391.36,17.02,1467.2,1383.9,Healthy
M-009,Centrifugal Compressor,41,67.91,2.16,4.64,396.45,16.79,1447.8,1392.4,Healthy
M-009,Centrifugal Compressor,42,68.35,2.313,4.78,392.54,17.24,1468.2,1400.9,Healthy
M-009,Centrifugal Compressor,43,69.08,2.199,4.85,391.39,16.93,1454.2,1409.4,Healthy
M-009,Centrifugal Compressor,44,70.99,2.346,4.86,391.97,17.54,1475.7,1417.9,Healthy
M-009,Centrifugal Compressor,45,70.47,2.287,4.94,395.41,17.65,1471.9,1426.4,Healthy
M-009,Centrifugal Compressor,46,69.95,2.243,4.87,395.94,17.25,1458.6,1434.9,Healthy
M-009,Centrifugal Compressor,47,70.66,2.488,4.96,394.32,17.53,1465.3,1443.4,Healthy
M-009,Centrifugal Compressor,48,68.8,2.473,5.03,394.9,17.84,1474.4,1451.9,Healthy
M-009,Centrifugal Compressor,49,72.55,2.322,4.94,397.1,16.86,1463.5,1460.4,Healthy
M-009,Centrifugal Compressor,50,72.6,2.249,5.09,396.78,17.05,1477.9,1468.9,Healthy
M-009,Centrifugal Compressor,51,71.35,2.565,5.1,395.01,17.17,1474.7,1477.4,Healthy
M-009,Centrifugal Compressor,52,73.46,2.727,5.03,394.51,17.75,1465.1,1485.9,Healthy
M-009,Centrifugal Compressor,53,74.38,2.548,5.41,394.95,16.72,1465.3,1494.4,Healthy
M-009,Centrifugal Compressor,54,75.62,2.499,5.14,393.19,17.41,1460.8,1502.9,Healthy
M-009,Centrifugal Compressor,55,75.73,2.832,5.04,394.11,17.94,1466.3,1511.4,Healthy
M-009,Centrifugal Compressor,56,77.47,2.448,5.07,398.99,18.16,1460.1,1519.9,Healthy
M-009,Centrifugal Compressor,57,75.94,2.759,5.32,395.15,18.08,1480.8,1528.4,Healthy
M-009,Centrifugal Compressor,58,77.45,2.979,5.29,394.17,18.1,1449.3,1536.9,Healthy
M-009,Centrifugal Compressor,59,78.28,2.89,5.43,394.5,18.51,1458.3,1545.4,Warning
M-009,Centrifugal Compressor,60,78.99,2.825,5.59,395.04,18.91,1457.6,1553.9,Warning
M-009,Centrifugal Compressor,61,77.34,2.717,5.46,396.3,18.75,1471.3,1562.4,Healthy
M-009,Centrifugal Compressor,62,78.61,2.834,5.71,392.97,17.78,1462.2,1570.9,Warning
M-009,Centrifugal Compressor,63,76.77,2.82,5.86,391.74,17.9,1465.2,1579.4,Healthy
M-009,Centrifugal Compressor,64,79.97,3.002,5.52,396.57,18.23,1474.4,1587.9,Warning
M-009,Centrifugal Compressor,65,79.66,3.193,5.9,393.93,18.76,1454.0,1596.4,Warning
M-009,Centrifugal Compressor,66,81.36,3.267,5.87,399.68,18.71,1461.7,1604.9,Warning
M-009,Centrifugal Compressor,67,85.08,3.363,5.72,393.3,18.21,1469.8,1613.4,Warning
M-009,Centrifugal Compressor,68,82.99,3.281,5.77,393.59,18.59,1450.1,1621.9,Warning
M-009,Centrifugal Compressor,69,81.89,3.423,5.83,397.78,19.09,1462.3,1630.4,Warning
M-009,Centrifugal Compressor,70,82.8,3.407,5.96,393.39,18.77,1447.6,1638.9,Warning
M-009,Centrifugal Compressor,71,82.49,3.317,6.14,393.27,18.78,1451.7,1647.4,Warning
M-009,Centrifugal Compressor,72,86.0,3.43,6.18,395.85,18.94,1460.8,1655.9,Warning
M-009,Centrifugal Compressor,73,86.9,3.471,6.19,394.85,18.98,1463.2,1664.4,Warning
M-009,Centrifugal Compressor,74,86.75,3.389,6.17,395.99,19.0,1472.4,1672.9,Warning
M-009,Centrifugal Compressor,75,87.37,3.484,6.37,397.26,19.28,1470.0,1681.4,Warning
M-009,Centrifugal Compressor,76,87.35,3.72,6.31,395.55,20.1,1469.0,1689.9,Warning
M-009,Centrifugal Compressor,77,87.74,3.6,6.42,396.57,19.32,1459.5,1698.4,Warning
M-009,Centrifugal Compressor,78,88.15,3.72,6.49,395.78,19.66,1486.5,1706.9,Warning
M-009,Centrifugal Compressor,79,87.86,3.835,6.55,391.18,19.85,1468.0,1715.4,Warning
M-009,Centrifugal Compressor,80,91.28,3.6,6.58,392.71,20.24,1473.8,1723.9,Critical
M-009,Centrifugal Compressor,81,90.2,3.671,6.68,397.05,18.95,1457.2,1732.4,Critical
M-009,Centrifugal Compressor,82,90.4,4.012,6.69,394.21,19.7,1457.6,1740.9,Critical
M-009,Centrifugal Compressor,83,90.7,4.124,6.93,395.23,19.8,1474.7,1749.4,Critical
M-009,Centrifugal Compressor,84,93.34,3.962,6.85,397.66,19.8,1459.3,1757.9,Critical
M-009,Centrifugal Compressor,85,94.05,4.144,6.96,395.97,19.57,1470.8,1766.4,Critical
M-009,Centrifugal Compressor,86,94.63,4.034,7.04,393.96,19.39,1456.6,1774.9,Critical
M-009,Centrifugal Compressor,87,95.11,4.242,6.94,394.39,19.59,1472.5,1783.4,Critical
M-009,Centrifugal Compressor,88,98.12,4.42,7.18,396.59,19.37,1466.1,1791.9,Critical
M-009,Centrifugal Compressor,89,96.2,4.387,6.9,395.25,20.09,1473.6,1800.4,Critical
M-009,Centrifugal Compressor,90,99.4,4.225,7.12,395.33,20.86,1465.1,1808.9,Critical
M-009,Centrifugal Compressor,91,96.75,4.318,7.3,395.35,20.08,1459.6,1817.4,Critical
M-009,Centrifugal Compressor,92,97.86,4.583,7.25,393.94,20.23,1451.8,1825.9,Critical
M-009,Centrifugal Compressor,93,98.76,4.649,7.28,392.94,20.02,1463.9,1834.4,Critical
M-009,Centrifugal Compressor,94,102.81,4.542,7.47,393.28,20.54,1474.5,1842.9,Critical
M-009,Centrifugal Compressor,95,101.49,4.87,7.66,394.7,20.61,1477.7,1851.4,Critical
M-009,Centrifugal Compressor,96,102.25,4.84,7.79,394.46,20.85,1472.5,1859.9,Critical
M-009,Centrifugal Compressor,97,103.77,4.819,7.53,393.17,20.63,1474.4,1868.4,Critical
M-009,Centrifugal Compressor,98,102.14,4.967,7.8,397.18,20.56,1465.2,1876.9,Critical
M-009,Centrifugal Compressor,99,104.76,4.872,7.82,394.32,21.02,1472.9,1885.4,Critical
M-009,Centrifugal Compressor,100,103.79,5.085,7.95,392.94,21.19,1471.9,1893.9,Critical
M-010,Industrial Robot,1,62.0,1.437,4.52,399.16,12.83,1492.9,3379.0,Healthy
M-010,Industrial Robot,2,61.2,1.347,4.54,402.19,12.23,1489.7,3387.5,Healthy
M-010,Industrial Robot,3,61.07,1.538,4.75,399.82,12.33,1490.1,3396.0,Healthy
M-010,Industrial Robot,4,58.79,1.496,4.57,399.77,12.05,1486.8,3404.5,Healthy
M-010,Industrial Robot,5,61.16,1.529,4.52,403.08,12.45,1479.6,3413.0,Healthy
M-010,Industrial Robot,6,61.5,1.328,4.33,402.11,12.54,1494.1,3421.5,Healthy
M-010,Industrial Robot,7,61.85,1.241,4.51,400.6,11.93,1469.6,3430.0,Healthy
M-010,Industrial Robot,8,61.38,1.39,4.57,400.37,12.52,1491.9,3438.5,Healthy
M-010,Industrial Robot,9,63.09,1.224,4.6,400.17,11.86,1477.8,3447.0,Healthy
M-010,Industrial Robot,10,60.76,1.327,4.63,397.68,12.0,1485.0,3455.5,Healthy
M-010,Industrial Robot,11,62.99,1.408,4.54,398.69,12.75,1483.9,3464.0,Healthy
M-010,Industrial Robot,12,63.23,1.432,4.54,403.92,11.93,1487.0,3472.5,Healthy
M-010,Industrial Robot,13,60.17,1.521,4.72,402.25,12.72,1488.3,3481.0,Healthy
M-010,Industrial Robot,14,61.21,1.206,4.76,399.85,12.12,1500.5,3489.5,Healthy
M-010,Industrial Robot,15,60.48,1.455,4.54,400.19,12.27,1478.2,3498.0,Healthy
M-010,Industrial Robot,16,61.74,1.532,4.55,400.46,11.93,1489.6,3506.5,Healthy
M-010,Industrial Robot,17,60.9,1.496,4.56,400.29,12.68,1495.4,3515.0,Healthy
M-010,Industrial Robot,18,61.98,1.287,4.55,397.85,12.18,1486.9,3523.5,Healthy
M-010,Industrial Robot,19,60.47,1.172,4.49,399.3,11.82,1490.0,3532.0,Healthy
M-010,Industrial Robot,20,63.93,1.529,4.72,399.7,12.7,1484.1,3540.5,Healthy
M-010,Industrial Robot,21,60.88,1.078,4.67,401.99,12.1,1487.8,3549.0,Healthy
M-010,Industrial Robot,22,60.75,1.453,4.67,395.43,12.44,1487.6,3557.5,Healthy
M-010,Industrial Robot,23,61.79,1.462,4.53,398.71,12.22,1497.6,3566.0,Healthy
M-010,Industrial Robot,24,62.15,1.433,4.43,398.16,12.61,1490.2,3574.5,Healthy
M-010,Industrial Robot,25,62.44,1.619,4.66,399.1,12.12,1469.4,3583.0,Healthy
M-010,Industrial Robot,26,61.45,1.367,4.59,398.61,12.18,1475.6,3591.5,Healthy
M-010,Industrial Robot,27,60.52,1.464,4.73,398.72,12.41,1497.5,3600.0,Healthy
M-010,Industrial Robot,28,60.82,1.461,4.49,400.64,12.36,1492.2,3608.5,Healthy
M-010,Industrial Robot,29,61.07,1.518,4.79,396.9,12.21,1491.7,3617.0,Healthy
M-010,Industrial Robot,30,63.19,1.384,4.32,401.63,12.63,1475.9,3625.5,Healthy
M-010,Industrial Robot,31,61.79,1.659,4.77,400.79,12.33,1490.5,3634.0,Healthy
M-010,Industrial Robot,32,62.66,1.628,4.56,397.3,12.77,1489.5,3642.5,Healthy
M-010,Industrial Robot,33,64.78,1.435,4.67,397.07,12.45,1478.0,3651.0,Healthy
M-010,Industrial Robot,34,62.87,1.367,4.77,400.35,11.88,1500.5,3659.5,Healthy
M-010,Industrial Robot,35,66.79,1.57,4.67,404.56,12.06,1490.0,3668.0,Healthy
M-010,Industrial Robot,36,64.37,1.752,4.8,397.92,12.23,1487.1,3676.5,Healthy
M-010,Industrial Robot,37,63.31,1.624,4.74,395.93,13.04,1485.9,3685.0,Healthy
M-010,Industrial Robot,38,63.37,1.626,4.83,395.42,12.75,1481.5,3693.5,Healthy
M-010,Industrial Robot,39,67.34,1.737,4.82,397.42,12.64,1494.8,3702.0,Healthy
M-010,Industrial Robot,40,65.65,1.678,4.9,397.71,12.6,1473.2,3710.5,Healthy
M-010,Industrial Robot,41,67.26,1.77,4.85,402.71,12.79,1481.6,3719.0,Healthy
M-010,Industrial Robot,42,67.54,1.812,5.0,398.06,12.97,1487.8,3727.5,Healthy
M-010,Industrial Robot,43,67.6,1.567,4.95,402.36,12.58,1485.0,3736.0,Healthy
M-010,Industrial Robot,44,66.83,1.682,4.81,398.45,12.95,1489.4,3744.5,Healthy
M-010,Industrial Robot,45,67.63,1.865,5.17,398.53,12.74,1487.6,3753.0,Healthy
M-010,Industrial Robot,46,68.95,2.063,5.05,399.11,13.11,1481.9,3761.5,Healthy
M-010,Industrial Robot,47,68.74,1.751,4.97,399.65,12.9,1491.5,3770.0,Healthy
M-010,Industrial Robot,48,69.15,1.844,5.18,396.45,13.57,1479.0,3778.5,Healthy
M-010,Industrial Robot,49,69.41,1.87,5.28,398.25,12.96,1496.7,3787.0,Healthy
M-010,Industrial Robot,50,70.15,2.092,5.17,396.1,13.22,1487.3,3795.5,Healthy
M-010,Industrial Robot,51,71.35,2.056,5.33,395.67,13.9,1488.5,3804.0,Healthy
M-010,Industrial Robot,52,71.92,2.002,5.38,396.31,13.45,1487.0,3812.5,Healthy
M-010,Industrial Robot,53,71.62,2.222,5.27,397.54,13.5,1506.6,3821.0,Healthy
M-010,Industrial Robot,54,71.91,2.246,5.42,402.8,12.78,1490.6,3829.5,Healthy
M-010,Industrial Robot,55,70.63,1.911,5.5,399.19,13.35,1489.0,3838.0,Healthy
M-010,Industrial Robot,56,76.81,2.219,5.57,397.62,13.6,1487.9,3846.5,Healthy
M-010,Industrial Robot,57,73.12,2.506,5.68,399.19,12.75,1487.0,3855.0,Healthy
M-010,Industrial Robot,58,77.37,2.299,5.71,401.8,13.69,1483.1,3863.5,Healthy
M-010,Industrial Robot,59,71.73,2.447,5.57,399.27,13.23,1487.7,3872.0,Healthy
M-010,Industrial Robot,60,75.23,2.436,5.58,401.31,13.51,1476.5,3880.5,Healthy
M-010,Industrial Robot,61,75.59,2.448,5.75,401.64,13.69,1488.9,3889.0,Healthy
M-010,Industrial Robot,62,74.94,2.582,5.8,398.07,13.17,1501.4,3897.5,Healthy
M-010,Industrial Robot,63,75.34,2.453,5.87,396.52,13.37,1472.9,3906.0,Healthy
M-010,Industrial Robot,64,78.22,2.499,6.17,396.93,13.63,1485.3,3914.5,Warning
M-010,Industrial Robot,65,78.2,2.548,5.98,396.96,13.52,1475.5,3923.0,Warning
M-010,Industrial Robot,66,75.8,2.584,5.94,397.65,14.5,1499.7,3931.5,Healthy
M-010,Industrial Robot,67,78.63,2.472,5.96,397.71,13.9,1484.3,3940.0,Warning
M-010,Industrial Robot,68,78.82,2.683,6.0,399.33,14.31,1482.6,3948.5,Warning
M-010,Industrial Robot,69,81.7,2.654,5.95,399.68,13.96,1492.4,3957.0,Warning
M-010,Industrial Robot,70,77.86,2.981,6.23,395.91,13.79,1503.2,3965.5,Healthy
M-010,Industrial Robot,71,80.44,2.756,5.98,398.21,14.29,1495.6,3974.0,Warning
M-010,Industrial Robot,72,80.23,2.717,6.3,400.93,13.88,1498.5,3982.5,Warning
M-010,Industrial Robot,73,82.54,3.074,6.3,393.87,14.44,1498.3,3991.0,Warning
M-010,Industrial Robot,74,82.02,2.94,6.34,393.11,15.14,1482.6,3999.5,Warning
M-010,Industrial Robot,75,84.29,3.02,6.53,399.73,14.53,1482.7,4008.0,Warning
M-010,Industrial Robot,76,85.24,2.849,6.52,396.72,15.12,1491.1,4016.5,Warning
M-010,Industrial Robot,77,85.66,3.128,6.33,397.19,14.98,1491.2,4025.0,Warning
M-010,Industrial Robot,78,86.91,3.212,6.46,397.32,14.84,1471.3,4033.5,Warning
M-010,Industrial Robot,79,88.11,3.261,6.74,395.75,15.31,1507.7,4042.0,Warning
M-010,Industrial Robot,80,85.13,3.346,6.66,395.82,15.11,1496.5,4050.5,Warning
M-010,Industrial Robot,81,86.61,3.439,6.55,395.92,15.05,1490.1,4059.0,Warning
M-010,Industrial Robot,82,87.09,3.442,6.82,400.63,15.02,1494.7,4067.5,Warning
M-010,Industrial Robot,83,88.04,3.637,6.74,403.12,15.14,1478.8,4076.0,Warning
M-010,Industrial Robot,84,90.84,3.452,6.96,401.36,15.31,1485.1,4084.5,Critical
M-010,Industrial Robot,85,91.0,3.483,6.99,394.61,15.42,1484.7,4093.0,Critical
M-010,Industrial Robot,86,92.45,3.604,7.0,399.89,14.98,1502.8,4101.5,Critical
M-010,Industrial Robot,87,93.49,3.624,7.19,397.78,15.12,1490.2,4110.0,Critical
M-010,Industrial Robot,88,92.26,3.576,7.14,399.53,15.11,1494.0,4118.5,Critical
M-010,Industrial Robot,89,93.42,3.692,7.26,396.48,15.69,1480.5,4127.0,Critical
M-010,Industrial Robot,90,91.69,3.643,7.1,397.82,15.52,1496.6,4135.5,Critical
M-010,Industrial Robot,91,93.29,3.576,7.36,397.24,15.65,1493.4,4144.0,Critical
M-010,Industrial Robot,92,94.57,3.946,7.35,397.19,16.5,1491.4,4152.5,Critical
M-010,Industrial Robot,93,94.81,3.978,7.39,399.71,16.68,1487.7,4161.0,Critical
M-010,Industrial Robot,94,95.26,3.925,7.52,395.9,15.19,1485.2,4169.5,Critical
M-010,Industrial Robot,95,94.34,3.909,7.52,397.13,15.44,1490.4,4178.0,Critical
M-010,Industrial Robot,96,98.0,3.805,7.61,400.55,16.35,1499.6,4186.5,Critical
M-010,Industrial Robot,97,100.28,4.015,7.59,398.08,16.08,1502.1,4195.0,Critical
M-010,Industrial Robot,98,96.69,4.004,7.78,400.95,16.03,1496.7,4203.5,Critical
M-010,Industrial Robot,99,99.38,4.337,7.7,400.97,17.15,1494.6,4212.0,Critical
M-010,Industrial Robot,100,99.71,4.293,7.72,403.69,16.36,1487.7,4220.5,Critical
M-011,CNC Lathe,1,64.58,1.477,4.9,404.74,13.07,1516.2,2433.5,Healthy
M-011,CNC Lathe,2,64.0,1.738,4.81,406.31,12.2,1496.7,2442.0,Healthy
M-011,CNC Lathe,3,65.44,1.41,4.73,407.62,12.26,1512.9,2450.5,Healthy
M-011,CNC Lathe,4,63.26,1.563,4.82,404.85,13.02,1506.6,2459.0,Healthy
M-011,CNC Lathe,5,66.37,1.585,4.65,404.48,12.5,1519.9,2467.5,Healthy
M-011,CNC Lathe,6,66.84,1.621,4.69,407.31,12.15,1514.8,2476.0,Healthy
M-011,CNC Lathe,7,63.58,1.354,4.94,406.3,12.45,1519.7,2484.5,Healthy
M-011,CNC Lathe,8,66.97,1.692,4.82,407.68,12.33,1512.0,2493.0,Healthy
M-011,CNC Lathe,9,64.89,1.511,4.81,407.49,12.62,1515.2,2501.5,Healthy
M-011,CNC Lathe,10,63.11,1.753,4.92,406.56,12.59,1509.9,2510.0,Healthy
M-011,CNC Lathe,11,65.62,1.508,4.94,408.16,12.69,1510.8,2518.5,Healthy
M-011,CNC Lathe,12,63.02,1.711,4.67,408.55,12.16,1499.0,2527.0,Healthy
M-011,CNC Lathe,13,64.72,1.747,4.71,409.95,12.66,1512.9,2535.5,Healthy
M-011,CNC Lathe,14,64.19,1.561,4.85,408.45,12.23,1505.2,2544.0,Healthy
M-011,CNC Lathe,15,64.46,1.772,4.68,409.04,12.45,1498.5,2552.5,Healthy
M-011,CNC Lathe,16,64.16,1.678,4.99,404.1,11.45,1501.2,2561.0,Healthy
M-011,CNC Lathe,17,66.07,1.39,4.96,409.19,12.5,1506.7,2569.5,Healthy
M-011,CNC Lathe,18,64.78,1.679,4.85,410.24,12.34,1501.3,2578.0,Healthy
M-011,CNC Lathe,19,62.94,1.404,4.83,406.29,12.45,1507.4,2586.5,Healthy
M-011,CNC Lathe,20,63.38,1.679,4.56,405.15,12.71,1504.5,2595.0,Healthy
M-011,CNC Lathe,21,65.18,1.509,4.76,407.91,11.99,1517.6,2603.5,Healthy
M-011,CNC Lathe,22,64.77,1.756,4.83,404.62,13.04,1503.8,2612.0,Healthy
M-011,CNC Lathe,23,64.44,1.72,4.62,409.64,12.03,1508.0,2620.5,Healthy
M-011,CNC Lathe,24,65.06,1.6,4.89,403.56,12.69,1518.1,2629.0,Healthy
M-011,CNC Lathe,25,65.95,1.414,4.66,406.07,11.96,1497.2,2637.5,Healthy
M-011,CNC Lathe,26,64.25,1.633,5.09,407.85,13.05,1511.3,2646.0,Healthy
M-011,CNC Lathe,27,65.39,1.588,5.07,405.39,12.24,1518.0,2654.5,Healthy
M-011,CNC Lathe,28,64.96,1.554,4.9,406.67,12.42,1513.5,2663.0,Healthy
M-011,CNC Lathe,29,62.63,1.414,4.91,405.4,12.39,1524.6,2671.5,Healthy
M-011,CNC Lathe,30,64.76,1.591,4.91,405.56,12.87,1518.7,2680.0,Healthy
M-011,CNC Lathe,31,67.28,1.549,4.97,407.87,12.01,1490.9,2688.5,Healthy
M-011,CNC Lathe,32,64.38,1.686,4.9,406.64,12.48,1510.7,2697.0,Healthy
M-011,CNC Lathe,33,66.85,1.499,4.91,405.11,12.21,1521.1,2705.5,Healthy
M-011,CNC Lathe,34,64.74,1.677,5.1,408.43,12.4,1508.7,2714.0,Healthy
M-011,CNC Lathe,35,64.77,1.874,5.04,408.13,12.87,1505.5,2722.5,Healthy
M-011,CNC Lathe,36,64.73,1.81,5.05,409.97,12.56,1508.9,2731.0,Healthy
M-011,CNC Lathe,37,66.65,1.85,4.97,406.65,12.96,1506.7,2739.5,Healthy
M-011,CNC Lathe,38,68.98,1.872,4.84,405.73,12.0,1510.1,2748.0,Healthy
M-011,CNC Lathe,39,67.09,1.924,4.97,407.53,12.95,1513.7,2756.5,Healthy
M-011,CNC Lathe,40,69.45,2.101,5.1,407.57,12.48,1503.5,2765.0,Healthy
M-011,CNC Lathe,41,69.72,1.991,5.02,404.14,12.6,1510.5,2773.5,Healthy
M-011,CNC Lathe,42,68.4,1.933,5.25,407.68,13.06,1492.1,2782.0,Healthy
M-011,CNC Lathe,43,67.38,1.849,5.13,408.44,12.61,1517.0,2790.5,Healthy
M-011,CNC Lathe,44,68.81,1.832,5.11,411.27,12.68,1517.2,2799.0,Healthy
M-011,CNC Lathe,45,68.32,2.179,5.3,407.3,13.16,1515.9,2807.5,Healthy
M-011,CNC Lathe,46,71.61,1.97,5.24,406.86,13.3,1511.1,2816.0,Healthy
M-011,CNC Lathe,47,72.03,2.15,5.32,403.26,12.93,1525.6,2824.5,Healthy
M-011,CNC Lathe,48,71.97,2.033,5.41,408.11,12.93,1521.6,2833.0,Healthy
M-011,CNC Lathe,49,72.63,2.013,5.51,405.94,13.14,1503.5,2841.5,Healthy
M-011,CNC Lathe,50,73.27,2.162,5.53,405.65,13.02,1505.7,2850.0,Healthy
M-011,CNC Lathe,51,73.47,2.134,5.48,405.72,13.46,1497.8,2858.5,Healthy
M-011,CNC Lathe,52,73.79,2.46,5.67,405.52,13.53,1514.1,2867.0,Healthy
M-011,CNC Lathe,53,75.75,1.988,5.7,406.22,13.15,1505.5,2875.5,Healthy
M-011,CNC Lathe,54,72.94,2.252,5.52,407.12,13.67,1509.6,2884.0,Healthy
M-011,CNC Lathe,55,76.81,2.298,5.64,405.81,13.73,1517.3,2892.5,Healthy
M-011,CNC Lathe,56,76.12,2.387,5.58,406.12,14.09,1519.8,2901.0,Healthy
M-011,CNC Lathe,57,76.4,2.394,5.76,406.0,14.04,1505.0,2909.5,Healthy
M-011,CNC Lathe,58,77.69,2.416,5.94,407.61,13.42,1509.2,2918.0,Healthy
M-011,CNC Lathe,59,77.97,2.459,5.85,405.73,14.36,1527.1,2926.5,Healthy
M-011,CNC Lathe,60,79.41,2.544,5.86,405.2,14.33,1519.1,2935.0,Warning
M-011,CNC Lathe,61,79.37,2.569,5.77,403.7,13.87,1507.5,2943.5,Warning
M-011,CNC Lathe,62,77.98,2.681,6.09,405.35,13.45,1506.3,2952.0,Healthy
M-011,CNC Lathe,63,78.05,2.751,6.03,410.52,14.23,1526.2,2960.5,Warning
M-011,CNC Lathe,64,78.18,2.331,6.11,407.0,13.99,1512.4,2969.0,Warning
M-011,CNC Lathe,65,79.08,2.831,6.2,404.36,13.96,1509.3,2977.5,Warning
M-011,CNC Lathe,66,80.19,2.666,6.18,407.28,13.93,1503.0,2986.0,Warning
M-011,CNC Lathe,67,82.07,2.755,6.2,405.88,14.64,1505.9,2994.5,Warning
M-011,CNC Lathe,68,84.22,2.98,6.46,408.09,14.19,1504.3,3003.0,Warning
M-011,CNC Lathe,69,82.31,3.112,6.32,408.08,14.4,1513.7,3011.5,Warning
M-011,CNC Lathe,70,83.67,3.036,6.29,406.21,14.5,1513.0,3020.0,Warning
M-011,CNC Lathe,71,83.36,3.07,6.35,404.31,14.56,1502.1,3028.5,Warning
M-011,CNC Lathe,72,84.85,2.83,6.4,406.1,13.96,1508.7,3037.0,Warning
M-011,CNC Lathe,73,86.54,2.956,6.49,410.16,14.21,1522.9,3045.5,Warning
M-011,CNC Lathe,74,85.38,3.165,6.7,405.79,14.87,1518.8,3054.0,Warning
M-011,CNC Lathe,75,85.55,3.106,6.6,406.36,14.33,1506.5,3062.5,Warning
M-011,CNC Lathe,76,82.78,3.203,6.77,403.42,14.61,1531.2,3071.0,Warning
M-011,CNC Lathe,77,87.53,3.451,6.63,407.65,14.42,1514.9,3079.5,Warning
M-011,CNC Lathe,78,89.19,3.407,6.75,407.31,15.0,1517.0,3088.0,Warning
M-011,CNC Lathe,79,88.65,3.492,6.98,406.12,14.99,1504.4,3096.5,Warning
M-011,CNC Lathe,80,89.84,3.468,6.89,407.02,15.71,1488.6,3105.0,Warning
M-011,CNC Lathe,81,89.47,3.432,7.09,407.71,15.28,1521.8,3113.5,Warning
M-011,CNC Lathe,82,90.48,3.598,6.94,404.65,15.8,1514.6,3122.0,Critical
M-011,CNC Lathe,83,92.11,3.437,7.1,410.31,15.14,1501.6,3130.5,Critical
M-011,CNC Lathe,84,92.2,3.49,6.95,405.29,15.13,1503.8,3139.0,Critical
M-011,CNC Lathe,85,94.22,3.889,7.22,407.53,15.32,1504.5,3147.5,Critical
M-011,CNC Lathe,86,95.2,3.702,7.17,408.79,15.41,1519.5,3156.0,Critical
M-011,CNC Lathe,87,93.44,3.88,7.36,409.41,15.26,1511.0,3164.5,Critical
M-011,CNC Lathe,88,96.92,3.777,7.4,411.34,14.93,1509.4,3173.0,Critical
M-011,CNC Lathe,89,95.25,3.639,7.33,404.81,15.95,1497.8,3181.5,Critical
M-011,CNC Lathe,90,98.18,3.987,7.33,408.81,15.93,1511.4,3190.0,Critical
M-011,CNC Lathe,91,95.71,4.019,7.5,405.38,15.32,1504.9,3198.5,Critical
M-011,CNC Lathe,92,96.64,4.142,7.63,405.86,15.71,1519.6,3207.0,Critical
M-011,CNC Lathe,93,98.24,4.082,7.53,406.51,15.93,1510.9,3215.5,Critical
M-011,CNC Lathe,94,99.47,4.193,7.57,405.76,15.76,1522.8,3224.0,Critical
M-011,CNC Lathe,95,101.98,4.096,7.7,408.44,15.82,1518.6,3232.5,Critical
M-011,CNC Lathe,96,99.93,3.993,7.64,406.08,16.57,1504.5,3241.0,Critical
M-011,CNC Lathe,97,100.0,4.278,7.66,407.35,15.68,1516.2,3249.5,Critical
M-011,CNC Lathe,98,100.36,4.19,7.92,408.34,16.42,1513.3,3258.0,Critical
M-011,CNC Lathe,99,102.29,4.4,7.99,405.97,16.59,1505.3,3266.5,Critical
M-011,CNC Lathe,100,104.02,4.499,8.22,407.78,16.75,1499.2,3275.0,Critical
M-012,Induction Motor,1,69.11,1.478,4.54,390.95,12.37,1516.0,5917.9,Healthy
M-012,Induction Motor,2,67.21,1.345,4.37,391.28,12.48,1509.6,5926.4,Healthy
M-012,Induction Motor,3,67.42,1.191,4.4,391.54,12.06,1499.3,5934.9,Healthy
M-012,Induction Motor,4,66.2,1.208,4.6,391.47,12.01,1508.8,5943.4,Healthy
M-012,Induction Motor,5,69.11,1.437,4.41,393.44,12.29,1519.9,5951.9,Healthy
M-012,Induction Motor,6,67.34,1.467,4.41,390.6,12.74,1494.4,5960.4,Healthy
M-012,Induction Motor,7,67.48,1.277,4.59,393.25,12.57,1515.5,5968.9,Healthy
M-012,Induction Motor,8,67.58,1.283,4.54,394.03,12.02,1510.3,5977.4,Healthy
M-012,Induction Motor,9,67.44,1.444,4.54,393.08,12.68,1518.3,5985.9,Healthy
M-012,Induction Motor,10,66.26,1.524,4.66,391.24,11.83,1501.1,5994.4,Healthy
M-012,Induction Motor,11,67.84,1.24,4.35,387.96,12.15,1515.1,6002.9,Healthy
M-012,Induction Motor,12,69.22,1.382,4.48,391.87,12.42,1519.5,6011.4,Healthy
M-012,Induction Motor,13,67.48,1.449,4.6,391.28,12.27,1520.9,6019.9,Healthy
M-012,Induction Motor,14,66.68,1.143,4.37,389.52,12.55,1510.2,6028.4,Healthy
M-012,Induction Motor,15,67.78,1.265,4.47,389.06,12.28,1512.1,6036.9,Healthy
M-012,Induction Motor,16,68.03,1.359,4.5,388.1,12.69,1512.9,6045.4,Healthy
M-012,Induction Motor,17,67.63,1.516,4.61,392.01,12.31,1513.5,6053.9,Healthy
M-012,Induction Motor,18,67.82,1.373,4.69,396.06,12.42,1496.3,6062.4,Healthy
M-012,Induction Motor,19,66.39,1.542,4.59,391.97,12.26,1504.0,6070.9,Healthy
M-012,Induction Motor,20,69.55,1.225,4.6,388.51,12.24,1521.5,6079.4,Healthy
M-012,Induction Motor,21,67.23,1.28,4.52,388.44,11.78,1519.3,6087.9,Healthy
M-012,Induction Motor,22,67.03,1.409,4.63,393.51,11.75,1508.0,6096.4,Healthy
M-012,Induction Motor,23,68.18,1.391,4.75,389.3,12.72,1516.5,6104.9,Healthy
M-012,Induction Motor,24,65.56,1.259,4.55,387.71,11.59,1499.5,6113.4,Healthy
M-012,Induction Motor,25,67.84,1.266,4.46,389.94,11.82,1509.9,6121.9,Healthy
M-012,Induction Motor,26,65.35,1.467,4.69,386.46,12.15,1510.3,6130.4,Healthy
M-012,Induction Motor,27,67.32,1.444,4.48,390.94,13.36,1512.7,6138.9,Healthy
M-012,Induction Motor,28,69.65,1.384,4.47,389.67,12.31,1504.5,6147.4,Healthy
M-012,Induction Motor,29,66.5,1.273,4.55,394.77,12.14,1517.2,6155.9,Healthy
M-012,Induction Motor,30,65.58,1.451,4.35,392.71,12.29,1512.6,6164.4,Healthy
M-012,Induction Motor,31,67.17,1.168,4.4,392.79,12.32,1511.1,6172.9,Healthy
M-012,Induction Motor,32,68.06,1.336,4.44,396.04,12.57,1514.6,6181.4,Healthy
M-012,Induction Motor,33,66.92,1.439,4.44,389.37,12.91,1513.8,6189.9,Healthy
M-012,Induction Motor,34,66.62,1.325,4.61,392.36,12.66,1503.6,6198.4,Healthy
M-012,Induction Motor,35,68.67,1.303,4.53,393.53,12.56,1516.4,6206.9,Healthy
M-012,Induction Motor,36,65.15,1.319,4.44,392.54,12.66,1511.1,6215.4,Healthy
M-012,Induction Motor,37,66.9,1.524,4.48,388.73,12.04,1509.1,6223.9,Healthy
M-012,Induction Motor,38,66.92,1.457,4.34,389.35,12.34,1515.2,6232.4,Healthy
M-012,Induction Motor,39,70.27,1.562,4.42,387.3,12.4,1508.2,6240.9,Healthy
M-012,Induction Motor,40,67.14,1.402,4.63,389.44,12.2,1507.5,6249.4,Healthy
M-012,Induction Motor,41,68.42,1.491,4.53,389.83,12.32,1513.5,6257.9,Healthy
M-012,Induction Motor,42,69.62,1.698,4.73,392.31,12.41,1505.7,6266.4,Healthy
M-012,Induction Motor,43,69.04,1.397,4.74,387.81,12.75,1512.6,6274.9,Healthy
M-012,Induction Motor,44,70.96,1.425,4.65,390.3,12.43,1520.0,6283.4,Healthy
M-012,Induction Motor,45,71.46,1.771,4.72,384.42,12.48,1515.4,6291.9,Healthy
M-012,Induction Motor,46,71.79,1.611,4.76,394.54,12.31,1511.3,6300.4,Healthy
M-012,Induction Motor,47,70.09,1.61,5.01,390.83,12.67,1500.0,6308.9,Healthy
M-012,Induction Motor,48,71.5,1.78,4.86,390.48,13.16,1511.0,6317.4,Healthy
M-012,Induction Motor,49,73.87,1.523,4.99,394.41,13.17,1498.6,6325.9,Healthy
M-012,Induction Motor,50,72.04,1.683,5.07,388.45,12.51,1500.7,6334.4,Healthy
M-012,Induction Motor,51,72.31,1.599,5.17,389.82,13.16,1513.7,6342.9,Healthy
M-012,Induction Motor,52,73.81,1.715,5.13,391.42,13.01,1508.8,6351.4,Healthy
M-012,Induction Motor,53,73.8,1.895,5.12,391.36,12.76,1529.1,6359.9,Healthy
M-012,Induction Motor,54,74.26,1.859,5.12,395.02,12.98,1510.5,6368.4,Healthy
M-012,Induction Motor,55,75.51,1.818,5.19,395.86,13.24,1515.7,6376.9,Healthy
M-012,Induction Motor,56,75.05,2.147,5.42,392.82,13.43,1511.7,6385.4,Healthy
M-012,Induction Motor,57,76.93,1.882,5.16,388.14,13.4,1502.5,6393.9,Healthy
M-012,Induction Motor,58,76.42,2.016,5.42,389.96,13.7,1521.1,6402.4,Healthy
M-012,Induction Motor,59,76.29,2.199,5.34,390.12,13.27,1513.5,6410.9,Healthy
M-012,Induction Motor,60,77.65,2.006,5.34,391.39,13.38,1517.8,6419.4,Healthy
M-012,Induction Motor,61,78.79,2.158,5.52,393.95,14.0,1524.3,6427.9,Warning
M-012,Induction Motor,62,80.36,2.443,5.56,391.77,14.34,1491.7,6436.4,Warning
M-012,Induction Motor,63,79.65,2.386,5.66,396.25,13.65,1510.1,6444.9,Warning
M-012,Induction Motor,64,80.11,2.318,5.78,394.38,13.66,1515.6,6453.4,Warning
M-012,Induction Motor,65,80.38,2.264,5.77,394.32,13.5,1515.5,6461.9,Warning
M-012,Induction Motor,66,81.43,2.474,5.68,387.26,14.16,1511.1,6470.4,Warning
M-012,Induction Motor,67,82.1,2.468,5.8,392.03,13.3,1518.0,6478.9,Warning
M-012,Induction Motor,68,80.67,2.554,5.93,388.38,14.05,1522.0,6487.4,Warning
M-012,Induction Motor,69,83.06,2.589,5.6,393.31,14.02,1511.5,6495.9,Warning
M-012,Induction Motor,70,85.41,2.762,5.98,394.33,13.53,1518.9,6504.4,Warning
M-012,Induction Motor,71,84.71,2.507,5.79,392.34,14.45,1524.3,6512.9,Warning
M-012,Induction Motor,72,86.93,2.557,6.17,393.91,14.12,1513.8,6521.4,Warning
M-012,Induction Motor,73,85.05,2.875,5.94,392.18,14.07,1504.7,6529.9,Warning
M-012,Induction Motor,74,84.58,2.72,6.02,391.23,14.96,1515.1,6538.4,Warning
M-012,Induction Motor,75,89.89,2.677,6.08,389.06,14.39,1535.3,6546.9,Warning
M-012,Induction Motor,76,86.16,2.918,6.19,390.67,14.05,1520.6,6555.4,Warning
M-012,Induction Motor,77,88.78,3.024,6.33,387.25,14.94,1497.4,6563.9,Warning
M-012,Induction Motor,78,87.27,2.834,6.28,393.91,14.57,1523.5,6572.4,Warning
M-012,Induction Motor,79,89.51,3.032,6.48,392.51,14.54,1510.5,6580.9,Warning
M-012,Induction Motor,80,90.52,2.846,6.48,390.35,14.98,1514.3,6589.4,Critical
M-012,Induction Motor,81,93.18,3.104,6.49,391.23,15.1,1499.4,6597.9,Critical
M-012,Induction Motor,82,91.41,3.064,6.65,392.17,14.95,1493.7,6606.4,Critical
M-012,Induction Motor,83,90.99,3.17,6.61,391.13,14.83,1525.8,6614.9,Critical
M-012,Induction Motor,84,90.92,3.287,6.81,392.52,15.34,1521.0,6623.4,Critical
M-012,Induction Motor,85,93.66,3.171,6.58,390.39,14.87,1522.8,6631.9,Critical
M-012,Induction Motor,86,94.76,3.232,6.73,395.09,15.21,1507.3,6640.4,Critical
M-012,Induction Motor,87,95.97,3.636,6.87,392.49,15.71,1498.4,6648.9,Critical
M-012,Induction Motor,88,95.78,3.589,6.9,391.94,15.1,1510.0,6657.4,Critical
M-012,Induction Motor,89,96.59,3.592,7.05,391.31,16.32,1527.5,6665.9,Critical
M-012,Induction Motor,90,95.62,3.516,7.33,389.97,16.25,1510.1,6674.4,Critical
M-012,Induction Motor,91,98.46,3.727,7.14,392.1,16.15,1519.6,6682.9,Critical
M-012,Induction Motor,92,99.65,3.879,7.3,389.65,16.37,1518.7,6691.4,Critical
M-012,Induction Motor,93,99.96,3.49,7.14,394.52,16.36,1514.2,6699.9,Critical
M-012,Induction Motor,94,98.84,3.657,7.18,387.79,16.54,1530.0,6708.4,Critical
M-012,Induction Motor,95,100.37,3.842,7.27,391.08,16.49,1522.2,6716.9,Critical
M-012,Induction Motor,96,103.44,3.876,7.59,392.41,16.13,1512.6,6725.4,Critical
M-012,Induction Motor,97,103.62,3.989,7.47,389.57,15.72,1506.1,6733.9,Critical
M-012,Induction Motor,98,103.77,3.969,7.53,389.73,16.25,1524.6,6742.4,Critical
M-012,Induction Motor,99,104.75,4.058,7.56,390.67,16.65,1521.8,6750.9,Critical
M-012,Induction Motor,100,106.69,4.237,7.77,391.92,16.4,1510.2,6759.4,Critical
M-013,Hydraulic Pump,1,69.86,2.084,5.11,411.63,14.61,1486.7,4081.0,Healthy
M-013,Hydraulic Pump,2,68.53,2.092,5.09,407.24,14.06,1493.8,4089.5,Healthy
M-013,Hydraulic Pump,3,68.56,2.055,5.21,407.5,14.29,1491.4,4098.0,Healthy
M-013,Hydraulic Pump,4,67.38,2.175,4.99,411.65,15.35,1491.6,4106.5,Healthy
M-013,Hydraulic Pump,5,68.98,1.955,5.18,411.01,14.96,1491.8,4115.0,Healthy
M-013,Hydraulic Pump,6,63.93,2.005,5.01,406.96,14.7,1488.6,4123.5,Healthy
M-013,Hydraulic Pump,7,66.49,1.955,5.0,411.16,14.43,1487.8,4132.0,Healthy
M-013,Hydraulic Pump,8,66.93,2.123,5.12,402.82,15.02,1503.4,4140.5,Healthy
M-013,Hydraulic Pump,9,66.22,1.965,5.03,407.4,14.74,1476.4,4149.0,Healthy
M-013,Hydraulic Pump,10,66.14,2.267,4.98,411.4,14.78,1477.5,4157.5,Healthy
M-013,Hydraulic Pump,11,68.24,2.068,5.03,409.4,14.82,1497.6,4166.0,Healthy
M-013,Hydraulic Pump,12,68.89,2.131,4.93,407.97,15.69,1497.7,4174.5,Healthy
M-013,Hydraulic Pump,13,70.32,2.25,5.09,409.52,14.64,1478.0,4183.0,Healthy
M-013,Hydraulic Pump,14,67.5,2.227,5.01,409.74,14.96,1484.7,4191.5,Healthy
M-013,Hydraulic Pump,15,66.94,1.96,4.99,406.34,14.34,1503.3,4200.0,Healthy
M-013,Hydraulic Pump,16,66.38,2.097,5.02,411.27,15.12,1498.9,4208.5,Healthy
M-013,Hydraulic Pump,17,67.85,2.054,4.95,412.8,14.39,1497.3,4217.0,Healthy
M-013,Hydraulic Pump,18,68.75,2.015,5.17,410.44,15.26,1488.2,4225.5,Healthy
M-013,Hydraulic Pump,19,65.94,2.021,5.09,409.03,14.52,1476.7,4234.0,Healthy
M-013,Hydraulic Pump,20,68.04,2.319,5.12,410.13,14.86,1495.1,4242.5,Healthy
M-013,Hydraulic Pump,21,68.6,2.13,5.04,407.32,14.57,1494.5,4251.0,Healthy
M-013,Hydraulic Pump,22,67.1,2.12,5.11,410.58,15.11,1492.6,4259.5,Healthy
M-013,Hydraulic Pump,23,65.91,2.041,5.07,405.24,15.14,1493.1,4268.0,Healthy
M-013,Hydraulic Pump,24,67.94,2.246,5.01,410.06,14.62,1490.5,4276.5,Healthy
M-013,Hydraulic Pump,25,66.55,2.282,5.03,410.31,14.0,1501.4,4285.0,Healthy
M-013,Hydraulic Pump,26,68.74,2.094,5.05,409.71,15.46,1477.8,4293.5,Healthy
M-013,Hydraulic Pump,27,68.42,1.973,5.07,408.42,14.51,1491.9,4302.0,Healthy
M-013,Hydraulic Pump,28,66.12,2.206,4.89,409.99,14.54,1482.6,4310.5,Healthy
M-013,Hydraulic Pump,29,67.72,1.895,5.07,406.07,14.82,1484.6,4319.0,Healthy
M-013,Hydraulic Pump,30,66.94,2.117,4.99,408.8,14.13,1497.0,4327.5,Healthy
M-013,Hydraulic Pump,31,69.6,2.417,5.08,410.49,14.03,1504.0,4336.0,Healthy
M-013,Hydraulic Pump,32,68.41,2.024,5.19,408.4,14.5,1495.8,4344.5,Healthy
M-013,Hydraulic Pump,33,66.2,2.205,4.96,406.81,14.34,1498.0,4353.0,Healthy
M-013,Hydraulic Pump,34,66.74,1.92,5.01,408.85,14.24,1482.7,4361.5,Healthy
M-013,Hydraulic Pump,35,70.01,1.979,5.04,408.18,14.51,1496.9,4370.0,Healthy
M-013,Hydraulic Pump,36,68.62,2.045,4.95,411.46,14.62,1505.8,4378.5,Healthy
M-013,Hydraulic Pump,37,64.78,2.106,5.26,408.21,14.58,1494.3,4387.0,Healthy
M-013,Hydraulic Pump,38,66.81,2.045,5.04,407.66,15.09,1495.6,4395.5,Healthy
M-013,Hydraulic Pump,39,67.78,2.179,5.04,407.36,14.45,1492.0,4404.0,Healthy
M-013,Hydraulic Pump,40,66.21,2.022,5.02,413.16,13.69,1490.5,4412.5,Healthy
M-013,Hydraulic Pump,41,69.55,2.097,5.15,409.11,14.42,1474.0,4421.0,Healthy
M-013,Hydraulic Pump,42,67.73,1.989,4.99,407.91,15.27,1511.2,4429.5,Healthy
M-013,Hydraulic Pump,43,67.74,2.026,4.95,409.85,15.28,1490.0,4438.0,Healthy
M-013,Hydraulic Pump,44,64.62,2.163,5.17,405.74,14.72,1495.6,4446.5,Healthy
M-013,Hydraulic Pump,45,67.39,1.987,5.17,408.11,14.14,1475.6,4455.0,Healthy
M-013,Hydraulic Pump,46,68.99,2.156,5.08,408.03,14.47,1483.3,4463.5,Healthy
M-013,Hydraulic Pump,47,66.96,1.828,5.0,408.29,14.87,1491.6,4472.0,Healthy
M-013,Hydraulic Pump,48,68.43,2.244,5.18,409.85,14.66,1484.1,4480.5,Healthy
M-013,Hydraulic Pump,49,68.37,2.284,5.1,412.75,14.12,1482.7,4489.0,Healthy
M-013,Hydraulic Pump,50,68.51,2.114,5.2,408.88,14.35,1490.2,4497.5,Healthy
M-013,Hydraulic Pump,51,65.64,1.947,5.17,410.66,14.78,1478.2,4506.0,Healthy
M-013,Hydraulic Pump,52,67.05,1.935,5.19,407.75,14.28,1492.2,4514.5,Healthy
M-013,Hydraulic Pump,53,66.71,2.26,5.0,406.11,13.9,1491.7,4523.0,Healthy
M-013,Hydraulic Pump,54,66.8,1.911,5.19,410.25,14.65,1502.9,4531.5,Healthy
M-013,Hydraulic Pump,55,68.27,1.983,4.97,410.55,14.8,1493.3,4540.0,Healthy
M-013,Hydraulic Pump,56,66.46,2.155,5.0,408.71,15.16,1486.7,4548.5,Healthy
M-013,Hydraulic Pump,57,65.59,1.956,5.17,409.42,14.61,1487.9,4557.0,Healthy
M-013,Hydraulic Pump,58,68.06,1.98,5.1,407.45,14.34,1486.9,4565.5,Healthy
M-013,Hydraulic Pump,59,67.03,2.076,5.09,401.54,14.37,1488.8,4574.0,Healthy
M-013,Hydraulic Pump,60,69.28,1.953,5.09,411.9,14.2,1495.1,4582.5,Healthy
M-013,Hydraulic Pump,61,66.66,2.05,4.99,407.12,15.73,1496.6,4591.0,Healthy
M-013,Hydraulic Pump,62,69.17,2.212,4.91,408.89,15.34,1480.0,4599.5,Healthy
M-013,Hydraulic Pump,63,69.26,2.287,5.26,406.7,14.79,1480.4,4608.0,Healthy
M-013,Hydraulic Pump,64,70.1,2.038,4.86,407.09,15.25,1479.5,4616.5,Healthy
M-013,Hydraulic Pump,65,69.82,2.25,4.88,410.32,15.31,1466.7,4625.0,Healthy
M-013,Hydraulic Pump,66,70.33,2.333,5.06,406.48,16.31,1468.1,4633.5,Healthy
M-013,Hydraulic Pump,67,71.17,2.189,5.15,403.08,16.69,1467.2,4642.0,Healthy
M-013,Hydraulic Pump,68,68.89,2.594,5.16,405.26,16.15,1457.2,4650.5,Healthy
M-013,Hydraulic Pump,69,70.06,2.581,5.15,399.13,16.93,1453.7,4659.0,Healthy
M-013,Hydraulic Pump,70,69.44,2.57,5.05,395.11,16.89,1443.7,4667.5,Healthy
M-013,Hydraulic Pump,71,71.48,2.639,5.05,404.53,17.81,1452.5,4676.0,Healthy
M-013,Hydraulic Pump,72,70.64,2.879,5.05,400.16,17.94,1434.9,4684.5,Healthy
M-013,Hydraulic Pump,73,73.45,2.875,5.13,402.54,18.5,1422.7,4693.0,Healthy
M-013,Hydraulic Pump,74,72.61,3.078,5.16,396.47,18.26,1436.0,4701.5,Healthy
M-013,Hydraulic Pump,75,71.59,3.024,5.23,397.64,18.59,1415.1,4710.0,Healthy
M-013,Hydraulic Pump,76,73.35,2.986,5.05,397.42,19.67,1421.3,4718.5,Healthy
M-013,Hydraulic Pump,77,72.54,3.374,5.04,393.29,19.53,1421.3,4727.0,Healthy
M-013,Hydraulic Pump,78,74.05,3.323,5.23,391.88,19.52,1390.5,4735.5,Healthy
M-013,Hydraulic Pump,79,74.76,3.432,5.22,394.2,20.22,1397.0,4744.0,Healthy
M-013,Hydraulic Pump,80,74.93,3.303,5.34,393.71,20.82,1395.3,4752.5,Healthy
M-013,Hydraulic Pump,81,76.12,3.58,5.01,392.8,21.28,1377.3,4761.0,Warning
M-013,Hydraulic Pump,82,77.46,3.726,5.14,393.31,21.56,1379.6,4769.5,Warning
M-013,Hydraulic Pump,83,77.22,3.7,5.08,389.68,21.63,1388.7,4778.0,Warning
M-013,Hydraulic Pump,84,75.06,3.728,5.2,389.75,22.02,1368.1,4786.5,Warning
M-013,Hydraulic Pump,85,79.01,3.978,5.33,383.75,23.04,1365.6,4795.0,Warning
M-013,Hydraulic Pump,86,78.83,4.057,5.04,386.95,23.51,1354.0,4803.5,Warning
M-013,Hydraulic Pump,87,79.53,4.06,5.05,383.04,23.52,1350.1,4812.0,Warning
M-013,Hydraulic Pump,88,78.93,4.596,5.09,383.87,24.13,1329.6,4820.5,Warning
M-013,Hydraulic Pump,89,79.26,4.522,5.08,380.99,24.21,1323.8,4829.0,Warning
M-013,Hydraulic Pump,90,79.95,4.633,4.94,380.75,25.03,1305.3,4837.5,Warning
M-013,Hydraulic Pump,91,79.4,4.513,4.99,380.58,25.37,1308.0,4846.0,Warning
M-013,Hydraulic Pump,92,81.46,4.908,5.23,375.14,26.08,1303.5,4854.5,Warning
M-013,Hydraulic Pump,93,81.68,4.76,5.08,378.07,26.14,1290.1,4863.0,Warning
M-013,Hydraulic Pump,94,81.51,4.944,5.13,378.24,26.63,1291.8,4871.5,Warning
M-013,Hydraulic Pump,95,83.77,5.164,5.06,374.85,27.33,1272.6,4880.0,Critical
M-013,Hydraulic Pump,96,82.94,5.223,5.13,373.49,27.81,1267.4,4888.5,Critical
M-013,Hydraulic Pump,97,84.59,5.235,5.04,372.04,28.19,1262.5,4897.0,Critical
M-013,Hydraulic Pump,98,85.11,5.309,5.23,374.42,28.38,1258.6,4905.5,Critical
M-013,Hydraulic Pump,99,84.12,5.43,5.27,369.59,29.3,1254.4,4914.0,Critical
M-013,Hydraulic Pump,100,84.28,5.479,4.95,367.14,28.66,1246.3,4922.5,Critical
M-014,Centrifugal Compressor,1,62.47,2.16,5.02,393.47,12.58,1477.4,6072.0,Healthy
M-014,Centrifugal Compressor,2,60.4,1.923,5.01,395.53,13.01,1474.9,6080.5,Healthy
M-014,Centrifugal Compressor,3,61.53,2.221,4.74,391.91,12.67,1476.8,6089.0,Healthy
M-014,Centrifugal Compressor,4,63.83,2.179,4.95,394.87,12.53,1478.6,6097.5,Healthy
M-014,Centrifugal Compressor,5,64.09,2.046,4.83,394.56,13.21,1475.4,6106.0,Healthy
M-014,Centrifugal Compressor,6,62.75,2.071,4.86,395.48,12.81,1488.4,6114.5,Healthy
M-014,Centrifugal Compressor,7,62.65,1.943,4.81,396.16,13.06,1476.9,6123.0,Healthy
M-014,Centrifugal Compressor,8,61.43,2.129,4.87,396.15,13.27,1487.3,6131.5,Healthy
M-014,Centrifugal Compressor,9,61.04,2.073,4.77,398.68,12.31,1487.9,6140.0,Healthy
M-014,Centrifugal Compressor,10,61.77,2.125,4.87,395.09,13.2,1461.4,6148.5,Healthy
M-014,Centrifugal Compressor,11,60.88,1.973,4.93,395.03,13.21,1475.8,6157.0,Healthy
M-014,Centrifugal Compressor,12,62.93,1.986,4.89,397.24,13.32,1462.6,6165.5,Healthy
M-014,Centrifugal Compressor,13,60.44,2.065,4.86,394.9,13.28,1476.8,6174.0,Healthy
M-014,Centrifugal Compressor,14,62.08,2.155,4.99,388.91,12.86,1467.4,6182.5,Healthy
M-014,Centrifugal Compressor,15,62.23,2.019,4.89,396.73,12.79,1477.4,6191.0,Healthy
M-014,Centrifugal Compressor,16,63.53,2.174,4.73,394.44,13.12,1478.9,6199.5,Healthy
M-014,Centrifugal Compressor,17,61.36,1.998,4.89,392.85,13.38,1489.4,6208.0,Healthy
M-014,Centrifugal Compressor,18,62.14,2.047,4.98,396.57,12.9,1474.1,6216.5,Healthy
M-014,Centrifugal Compressor,19,60.93,2.094,4.92,393.47,12.62,1463.9,6225.0,Healthy
M-014,Centrifugal Compressor,20,62.16,2.073,4.88,395.96,12.68,1465.9,6233.5,Healthy
M-014,Centrifugal Compressor,21,61.95,1.867,4.86,399.96,12.53,1471.0,6242.0,Healthy
M-014,Centrifugal Compressor,22,59.11,2.046,5.08,395.96,12.78,1491.9,6250.5,Healthy
M-014,Centrifugal Compressor,23,59.57,2.129,4.89,394.53,13.28,1465.0,6259.0,Healthy
M-014,Centrifugal Compressor,24,62.04,2.097,4.8,398.93,12.93,1473.4,6267.5,Healthy
M-014,Centrifugal Compressor,25,60.43,2.055,5.12,394.52,13.18,1482.1,6276.0,Healthy
M-014,Centrifugal Compressor,26,61.44,2.025,4.93,394.54,12.88,1482.0,6284.5,Healthy
M-014,Centrifugal Compressor,27,61.58,2.22,4.88,392.39,11.8,1459.8,6293.0,Healthy
M-014,Centrifugal Compressor,28,59.66,2.107,4.79,391.08,12.95,1465.8,6301.5,Healthy
M-014,Centrifugal Compressor,29,62.22,2.127,4.94,389.91,13.01,1473.5,6310.0,Healthy
M-014,Centrifugal Compressor,30,60.2,1.818,4.88,397.15,12.09,1467.8,6318.5,Healthy
M-014,Centrifugal Compressor,31,61.82,2.21,4.86,398.89,12.37,1458.3,6327.0,Healthy
M-014,Centrifugal Compressor,32,62.88,1.793,4.93,394.44,12.68,1471.0,6335.5,Healthy
M-014,Centrifugal Compressor,33,60.11,2.036,4.89,394.19,12.79,1476.5,6344.0,Healthy
M-014,Centrifugal Compressor,34,63.65,2.043,4.97,393.09,12.53,1478.1,6352.5,Healthy
M-014,Centrifugal Compressor,35,61.38,2.21,5.02,396.7,13.28,1447.1,6361.0,Healthy
M-014,Centrifugal Compressor,36,62.19,2.178,4.76,395.04,12.63,1482.7,6369.5,Healthy
M-014,Centrifugal Compressor,37,60.51,1.979,4.84,399.52,13.35,1487.4,6378.0,Healthy
M-014,Centrifugal Compressor,38,59.49,1.922,5.02,391.51,12.76,1490.9,6386.5,Healthy
M-014,Centrifugal Compressor,39,60.51,1.856,4.89,391.47,13.43,1467.3,6395.0,Healthy
M-014,Centrifugal Compressor,40,60.35,2.078,4.85,395.53,13.18,1472.7,6403.5,Healthy
M-014,Centrifugal Compressor,41,60.27,2.162,4.82,393.29,13.05,1459.0,6412.0,Healthy
M-014,Centrifugal Compressor,42,62.13,2.098,5.0,394.03,13.46,1478.7,6420.5,Healthy
M-014,Centrifugal Compressor,43,61.63,2.293,4.9,393.99,13.04,1470.2,6429.0,Healthy
M-014,Centrifugal Compressor,44,62.11,2.233,4.89,395.21,13.28,1484.0,6437.5,Healthy
M-014,Centrifugal Compressor,45,61.12,2.095,4.97,395.69,12.35,1482.3,6446.0,Healthy
M-014,Centrifugal Compressor,46,62.29,2.146,4.77,395.33,13.29,1467.4,6454.5,Healthy
M-014,Centrifugal Compressor,47,60.92,2.178,4.82,394.61,12.64,1489.0,6463.0,Healthy
M-014,Centrifugal Compressor,48,62.29,2.044,4.84,392.57,12.96,1479.8,6471.5,Healthy
M-014,Centrifugal Compressor,49,60.69,2.087,4.85,397.79,12.77,1480.7,6480.0,Healthy
M-014,Centrifugal Compressor,50,63.33,2.029,4.83,396.87,12.37,1477.9,6488.5,Healthy
M-014,Centrifugal Compressor,51,59.77,2.221,4.86,394.84,12.74,1461.8,6497.0,Healthy
M-014,Centrifugal Compressor,52,63.42,2.072,5.23,393.41,12.8,1467.3,6505.5,Healthy
M-014,Centrifugal Compressor,53,62.04,2.307,5.04,392.02,13.48,1479.9,6514.0,Healthy
M-014,Centrifugal Compressor,54,63.25,2.067,4.91,395.3,12.91,1485.0,6522.5,Healthy
M-014,Centrifugal Compressor,55,62.41,1.949,4.88,392.55,13.06,1476.2,6531.0,Healthy
M-014,Centrifugal Compressor,56,63.68,2.274,5.03,394.59,13.82,1484.1,6539.5,Healthy
M-014,Centrifugal Compressor,57,64.63,2.367,4.9,393.38,13.11,1468.0,6548.0,Healthy
M-014,Centrifugal Compressor,58,62.83,2.348,5.28,395.0,13.54,1474.1,6556.5,Healthy
M-014,Centrifugal Compressor,59,64.73,2.45,5.05,391.3,12.87,1481.3,6565.0,Healthy
M-014,Centrifugal Compressor,60,65.96,2.429,5.41,392.7,13.86,1471.3,6573.5,Healthy
M-014,Centrifugal Compressor,61,65.82,2.439,5.32,394.61,13.72,1475.1,6582.0,Healthy
M-014,Centrifugal Compressor,62,66.87,2.426,5.37,392.31,13.19,1471.5,6590.5,Healthy
M-014,Centrifugal Compressor,63,68.42,2.781,5.39,391.48,13.36,1479.7,6599.0,Healthy
M-014,Centrifugal Compressor,64,67.27,2.417,5.52,395.96,13.19,1467.3,6607.5,Healthy
M-014,Centrifugal Compressor,65,70.61,2.726,5.4,391.05,13.88,1472.1,6616.0,Healthy
M-014,Centrifugal Compressor,66,70.04,2.752,5.48,394.16,13.54,1467.6,6624.5,Healthy
M-014,Centrifugal Compressor,67,71.21,2.745,5.48,396.48,13.81,1480.6,6633.0,Healthy
M-014,Centrifugal Compressor,68,70.04,2.671,5.72,392.83,13.91,1464.8,6641.5,Healthy
M-014,Centrifugal Compressor,69,71.53,2.832,5.76,394.3,14.2,1475.6,6650.0,Healthy
M-014,Centrifugal Compressor,70,72.64,2.817,5.93,395.8,13.8,1479.7,6658.5,Healthy
M-014,Centrifugal Compressor,71,74.57,2.938,5.88,390.91,13.95,1481.2,6667.0,Healthy
M-014,Centrifugal Compressor,72,73.35,2.986,5.86,395.49,14.46,1477.8,6675.5,Healthy
M-014,Centrifugal Compressor,73,73.71,3.076,6.17,396.52,14.44,1459.0,6684.0,Healthy
M-014,Centrifugal Compressor,74,75.58,3.32,6.22,395.95,14.24,1474.9,6692.5,Healthy
M-014,Centrifugal Compressor,75,77.61,3.294,6.18,396.74,14.56,1473.6,6701.0,Healthy
M-014,Centrifugal Compressor,76,76.95,3.293,6.32,396.44,14.24,1465.1,6709.5,Healthy
M-014,Centrifugal Compressor,77,79.66,3.324,6.31,395.41,15.37,1470.9,6718.0,Warning
M-014,Centrifugal Compressor,78,80.51,3.393,6.2,393.38,14.63,1483.2,6726.5,Warning
M-014,Centrifugal Compressor,79,81.49,3.47,6.38,393.2,15.33,1464.2,6735.0,Warning
M-014,Centrifugal Compressor,80,80.75,3.774,6.45,392.48,14.4,1493.7,6743.5,Warning
M-014,Centrifugal Compressor,81,82.16,3.45,6.56,393.7,14.46,1480.8,6752.0,Warning
M-014,Centrifugal Compressor,82,82.66,3.703,6.65,395.29,14.42,1481.7,6760.5,Warning
M-014,Centrifugal Compressor,83,82.19,3.584,6.67,390.91,15.09,1469.2,6769.0,Warning
M-014,Centrifugal Compressor,84,83.94,3.545,6.89,395.82,15.09,1469.8,6777.5,Warning
M-014,Centrifugal Compressor,85,86.3,3.785,6.75,394.86,15.1,1468.8,6786.0,Warning
M-014,Centrifugal Compressor,86,86.14,4.009,7.16,397.75,15.55,1492.5,6794.5,Warning
M-014,Centrifugal Compressor,87,87.78,3.832,7.04,393.71,15.24,1465.1,6803.0,Warning
M-014,Centrifugal Compressor,88,87.86,4.108,7.21,392.54,15.67,1478.4,6811.5,Warning
M-014,Centrifugal Compressor,89,89.15,4.17,7.14,397.57,15.87,1480.5,6820.0,Warning
M-014,Centrifugal Compressor,90,89.45,4.163,7.11,393.35,15.9,1475.3,6828.5,Warning
M-014,Centrifugal Compressor,91,94.07,4.179,7.21,398.43,16.45,1465.2,6837.0,Critical
M-014,Centrifugal Compressor,92,92.36,4.396,7.44,395.68,15.95,1478.5,6845.5,Critical
M-014,Centrifugal Compressor,93,92.17,4.049,7.53,391.67,16.63,1465.4,6854.0,Critical
M-014,Centrifugal Compressor,94,90.78,4.225,7.58,395.4,15.88,1465.9,6862.5,Critical
M-014,Centrifugal Compressor,95,94.69,4.626,7.55,395.78,15.87,1477.0,6871.0,Critical
M-014,Centrifugal Compressor,96,96.59,4.644,7.85,396.88,17.22,1475.3,6879.5,Critical
M-014,Centrifugal Compressor,97,98.89,4.54,7.81,394.8,16.32,1455.6,6888.0,Critical
M-014,Centrifugal Compressor,98,98.7,4.615,7.88,398.2,16.99,1488.4,6896.5,Critical
M-014,Centrifugal Compressor,99,98.8,4.867,7.98,393.33,17.08,1471.0,6905.0,Critical
M-014,Centrifugal Compressor,100,100.43,4.806,8.07,394.84,17.37,1471.1,6913.5,Critical
M-015,Industrial Robot,1,59.77,2.129,4.41,405.37,13.85,1505.4,1530.4,Healthy
M-015,Industrial Robot,2,60.07,2.091,4.65,401.69,14.04,1502.6,1538.9,Healthy
M-015,Industrial Robot,3,58.74,2.152,4.49,403.81,14.04,1505.2,1547.4,Healthy
M-015,Industrial Robot,4,61.04,2.135,4.59,400.85,14.45,1490.5,1555.9,Healthy
M-015,Industrial Robot,5,59.52,2.072,4.6,400.57,14.21,1494.8,1564.4,Healthy
M-015,Industrial Robot,6,60.64,2.035,4.69,401.53,13.69,1502.5,1572.9,Healthy
M-015,Industrial Robot,7,58.22,2.041,4.51,403.83,13.9,1502.9,1581.4,Healthy
M-015,Industrial Robot,8,58.85,2.212,4.7,404.34,13.83,1492.7,1589.9,Healthy
M-015,Industrial Robot,9,56.87,2.138,4.39,402.79,14.39,1493.3,1598.4,Healthy
M-015,Industrial Robot,10,57.7,2.223,4.31,403.95,14.41,1495.5,1606.9,Healthy
M-015,Industrial Robot,11,57.99,2.217,4.48,404.81,13.52,1516.6,1615.4,Healthy
M-015,Industrial Robot,12,60.04,2.151,4.76,405.25,14.03,1487.6,1623.9,Healthy
M-015,Industrial Robot,13,58.4,2.276,4.46,401.66,13.54,1505.7,1632.4,Healthy
M-015,Industrial Robot,14,60.4,2.262,4.51,403.96,13.59,1500.8,1640.9,Healthy
M-015,Industrial Robot,15,59.87,2.274,4.38,403.38,14.39,1504.3,1649.4,Healthy
M-015,Industrial Robot,16,59.34,2.079,4.73,402.15,13.87,1498.7,1657.9,Healthy
M-015,Industrial Robot,17,59.37,2.317,4.5,403.41,14.04,1496.0,1666.4,Healthy
M-015,Industrial Robot,18,59.17,2.368,4.42,402.35,13.99,1499.5,1674.9,Healthy
M-015,Industrial Robot,19,62.71,2.212,4.49,398.51,14.02,1496.4,1683.4,Healthy
M-015,Industrial Robot,20,60.79,2.113,4.54,402.02,14.25,1505.8,1691.9,Healthy
M-015,Industrial Robot,21,61.35,2.12,4.68,404.95,14.14,1498.4,1700.4,Healthy
M-015,Industrial Robot,22,59.81,2.135,4.58,401.58,13.16,1512.5,1708.9,Healthy
M-015,Industrial Robot,23,59.76,1.985,4.67,405.72,14.17,1495.3,1717.4,Healthy
M-015,Industrial Robot,24,58.36,2.08,4.68,404.15,14.88,1489.4,1725.9,Healthy
M-015,Industrial Robot,25,59.18,1.915,4.65,405.32,14.41,1504.0,1734.4,Healthy
M-015,Industrial Robot,26,56.95,2.14,4.64,401.18,13.81,1492.3,1742.9,Healthy
M-015,Industrial Robot,27,58.51,2.256,4.66,400.4,13.65,1502.9,1751.4,Healthy
M-015,Industrial Robot,28,59.51,2.067,4.64,403.12,13.0,1497.9,1759.9,Healthy
M-015,Industrial Robot,29,58.59,2.241,4.66,399.69,14.11,1500.9,1768.4,Healthy
M-015,Industrial Robot,30,59.56,2.106,4.59,405.11,14.08,1499.8,1776.9,Healthy
M-015,Industrial Robot,31,58.96,2.329,4.47,400.94,13.67,1500.1,1785.4,Healthy
M-015,Industrial Robot,32,61.08,2.188,4.49,405.53,14.41,1498.9,1793.9,Healthy
M-015,Industrial Robot,33,59.58,2.336,4.62,400.98,14.26,1486.5,1802.4,Healthy
M-015,Industrial Robot,34,58.58,2.249,4.71,399.54,14.79,1486.2,1810.9,Healthy
M-015,Industrial Robot,35,57.97,2.381,4.76,399.54,14.08,1494.0,1819.4,Healthy
M-015,Industrial Robot,36,59.17,2.412,4.71,401.55,15.05,1494.6,1827.9,Healthy
M-015,Industrial Robot,37,61.64,2.386,4.67,400.84,15.04,1510.1,1836.4,Healthy
M-015,Industrial Robot,38,60.91,2.235,4.57,399.49,14.96,1490.9,1844.9,Healthy
M-015,Industrial Robot,39,62.16,2.438,4.45,399.91,15.01,1482.4,1853.4,Healthy
M-015,Industrial Robot,40,60.85,2.633,4.62,398.21,14.88,1477.8,1861.9,Healthy
M-015,Industrial Robot,41,61.13,2.493,4.67,396.1,15.25,1475.9,1870.4,Healthy
M-015,Industrial Robot,42,60.71,2.52,4.59,399.8,15.65,1457.0,1878.9,Healthy
M-015,Industrial Robot,43,60.86,2.661,4.67,399.62,16.24,1470.9,1887.4,Healthy
M-015,Industrial Robot,44,62.11,2.52,4.38,394.69,15.78,1456.2,1895.9,Healthy
M-015,Industrial Robot,45,61.65,2.627,4.69,395.12,16.25,1460.8,1904.4,Healthy
M-015,Industrial Robot,46,61.0,2.636,4.39,398.09,16.87,1459.1,1912.9,Healthy
M-015,Industrial Robot,47,62.46,2.73,4.51,397.52,16.67,1434.9,1921.4,Healthy
M-015,Industrial Robot,48,61.41,2.562,4.75,395.28,16.82,1452.4,1929.9,Healthy
M-015,Industrial Robot,49,64.19,2.955,4.57,398.56,16.99,1440.4,1938.4,Healthy
M-015,Industrial Robot,50,63.22,2.958,4.58,393.8,17.73,1439.5,1946.9,Healthy
M-015,Industrial Robot,51,60.01,3.134,4.47,393.54,17.17,1455.6,1955.4,Healthy
M-015,Industrial Robot,52,65.28,2.83,4.73,396.27,17.5,1450.0,1963.9,Healthy
M-015,Industrial Robot,53,65.03,3.001,4.58,394.25,17.12,1436.5,1972.4,Healthy
M-015,Industrial Robot,54,62.59,3.248,4.56,393.1,17.81,1433.7,1980.9,Healthy
M-015,Industrial Robot,55,64.52,3.036,4.57,391.6,17.94,1435.8,1989.4,Healthy
M-015,Industrial Robot,56,63.98,3.365,4.66,388.77,18.49,1423.7,1997.9,Healthy
M-015,Industrial Robot,57,64.92,3.132,4.37,390.88,18.0,1429.2,2006.4,Healthy
M-015,Industrial Robot,58,65.22,3.195,4.78,387.89,18.49,1413.4,2014.9,Healthy
M-015,Industrial Robot,59,67.71,3.479,4.45,388.16,18.64,1414.5,2023.4,Healthy
M-015,Industrial Robot,60,64.26,3.293,4.69,393.14,18.59,1407.0,2031.9,Healthy
M-015,Industrial Robot,61,66.03,3.226,4.62,389.76,19.59,1415.9,2040.4,Healthy
M-015,Industrial Robot,62,65.39,3.444,4.48,389.03,20.12,1411.9,2048.9,Healthy
M-015,Industrial Robot,63,65.46,3.636,4.83,388.01,19.97,1410.0,2057.4,Healthy
M-015,Industrial Robot,64,64.63,3.518,4.54,388.61,20.24,1400.0,2065.9,Healthy
M-015,Industrial Robot,65,66.13,3.417,4.59,384.44,19.84,1404.7,2074.4,Healthy
M-015,Industrial Robot,66,68.07,3.612,4.44,384.11,20.78,1397.3,2082.9,Healthy
M-015,Industrial Robot,67,66.79,3.731,4.39,380.86,21.35,1393.9,2091.4,Warning
M-015,Industrial Robot,68,67.63,3.729,4.42,386.54,20.49,1391.7,2099.9,Healthy
M-015,Industrial Robot,69,68.06,3.823,4.46,381.37,21.25,1382.9,2108.4,Warning
M-015,Industrial Robot,70,68.23,3.917,4.4,385.37,21.22,1387.8,2116.9,Warning
M-015,Industrial Robot,71,66.04,4.005,4.65,379.75,21.35,1366.1,2125.4,Warning
M-015,Industrial Robot,72,69.77,4.028,4.75,382.51,22.06,1380.1,2133.9,Warning
M-015,Industrial Robot,73,69.68,4.0,4.54,381.32,22.32,1360.7,2142.4,Warning
M-015,Industrial Robot,74,70.08,4.14,4.47,382.05,22.33,1358.4,2150.9,Warning
M-015,Industrial Robot,75,69.73,4.095,4.62,379.88,21.98,1357.8,2159.4,Warning
M-015,Industrial Robot,76,69.34,4.289,4.68,378.56,22.48,1341.5,2167.9,Warning
M-015,Industrial Robot,77,69.18,4.23,4.46,380.72,23.09,1349.9,2176.4,Warning
M-015,Industrial Robot,78,70.43,4.362,4.66,379.91,23.13,1345.7,2184.9,Warning
M-015,Industrial Robot,79,70.95,4.36,4.68,380.09,23.6,1335.5,2193.4,Warning
M-015,Industrial Robot,80,71.64,4.485,4.49,377.75,23.54,1344.7,2201.9,Warning
M-015,Industrial Robot,81,71.93,4.523,4.6,372.06,23.55,1333.6,2210.4,Warning
M-015,Industrial Robot,82,73.45,4.622,4.78,375.83,24.21,1341.9,2218.9,Warning
M-015,Industrial Robot,83,71.73,4.494,4.63,377.25,24.18,1331.0,2227.4,Warning
M-015,Industrial Robot,84,72.11,4.725,4.63,373.51,24.68,1319.3,2235.9,Critical
M-015,Industrial Robot,85,72.67,4.628,4.53,372.84,25.11,1306.6,2244.4,Critical
M-015,Industrial Robot,86,72.7,4.704,4.55,371.67,25.29,1312.5,2252.9,Critical
M-015,Industrial Robot,87,73.99,4.896,4.44,370.39,25.42,1309.2,2261.4,Critical
M-015,Industrial Robot,88,72.4,5.064,4.68,368.34,25.86,1304.9,2269.9,Critical
M-015,Industrial Robot,89,75.24,4.779,4.8,369.26,26.12,1296.1,2278.4,Critical
M-015,Industrial Robot,90,73.61,4.825,4.71,369.71,26.18,1315.1,2286.9,Critical
M-015,Industrial Robot,91,75.53,5.008,4.53,370.08,26.78,1306.3,2295.4,Critical
M-015,Industrial Robot,92,72.76,5.237,4.68,367.29,26.64,1274.9,2303.9,Critical
M-015,Industrial Robot,93,74.4,5.238,4.75,371.54,26.67,1295.3,2312.4,Critical
M-015,Industrial Robot,94,72.98,5.202,4.56,367.97,27.33,1282.1,2320.9,Critical
M-015,Industrial Robot,95,75.41,5.449,4.66,366.18,27.86,1291.4,2329.4,Critical
M-015,Industrial Robot,96,75.15,5.597,4.54,368.87,27.64,1276.5,2337.9,Critical
M-015,Industrial Robot,97,76.49,5.244,4.79,363.55,27.65,1260.8,2346.4,Critical
M-015,Industrial Robot,98,79.63,5.37,4.61,362.38,28.03,1248.7,2354.9,Critical
M-015,Industrial Robot,99,77.3,5.564,4.48,365.65,28.97,1260.2,2363.4,Critical
M-015,Industrial Robot,100,78.65,5.604,4.63,362.5,28.37,1254.2,2371.9,Critical
M-016,CNC Lathe,1,61.47,2.497,5.17,403.11,12.92,1480.1,2481.4,Healthy
M-016,CNC Lathe,2,61.43,2.618,5.25,399.7,12.69,1483.5,2489.9,Healthy
M-016,CNC Lathe,3,60.17,2.366,5.3,397.43,12.58,1486.1,2498.4,Healthy
M-016,CNC Lathe,4,61.38,2.033,5.26,402.7,12.28,1476.3,2506.9,Healthy
M-016,CNC Lathe,5,61.74,2.426,5.44,400.02,13.18,1479.5,2515.4,Healthy
M-016,CNC Lathe,6,59.24,2.654,5.16,399.91,12.86,1479.9,2523.9,Healthy
M-016,CNC Lathe,7,60.62,2.44,5.16,400.2,13.15,1468.6,2532.4,Healthy
M-016,CNC Lathe,8,62.27,2.522,5.22,397.5,12.04,1476.4,2540.9,Healthy
M-016,CNC Lathe,9,59.72,2.499,5.46,402.58,12.65,1489.0,2549.4,Healthy
M-016,CNC Lathe,10,60.47,2.676,5.22,399.21,11.99,1478.4,2557.9,Healthy
M-016,CNC Lathe,11,58.81,2.335,5.39,398.06,12.73,1478.6,2566.4,Healthy
M-016,CNC Lathe,12,60.4,2.65,5.2,404.27,12.07,1484.5,2574.9,Healthy
M-016,CNC Lathe,13,62.06,1.998,5.28,401.27,12.72,1492.9,2583.4,Healthy
M-016,CNC Lathe,14,59.38,2.342,5.29,403.75,12.89,1479.5,2591.9,Healthy
M-016,CNC Lathe,15,60.02,2.244,5.34,402.91,12.45,1475.5,2600.4,Healthy
M-016,CNC Lathe,16,59.03,2.589,5.25,401.2,12.91,1481.9,2608.9,Healthy
M-016,CNC Lathe,17,60.97,2.505,5.3,401.88,12.85,1483.3,2617.4,Healthy
M-016,CNC Lathe,18,58.82,2.413,5.26,402.41,13.25,1472.7,2625.9,Healthy
M-016,CNC Lathe,19,61.35,2.416,5.42,405.33,12.08,1476.6,2634.4,Healthy
M-016,CNC Lathe,20,57.47,2.282,5.12,402.75,12.84,1485.7,2642.9,Healthy
M-016,CNC Lathe,21,61.02,2.543,5.29,401.24,13.05,1479.3,2651.4,Healthy
M-016,CNC Lathe,22,60.92,2.205,5.17,403.46,12.46,1468.1,2659.9,Healthy
M-016,CNC Lathe,23,61.06,2.485,5.24,404.52,13.16,1477.7,2668.4,Healthy
M-016,CNC Lathe,24,61.16,2.216,5.39,399.33,12.18,1465.0,2676.9,Healthy
M-016,CNC Lathe,25,58.06,2.614,5.35,399.97,12.99,1474.5,2685.4,Healthy
M-016,CNC Lathe,26,60.68,2.427,5.27,399.69,12.43,1483.6,2693.9,Healthy
M-016,CNC Lathe,27,61.14,2.435,5.13,406.44,12.7,1481.7,2702.4,Healthy
M-016,CNC Lathe,28,58.78,2.63,5.42,398.09,12.66,1477.8,2710.9,Healthy
M-016,CNC Lathe,29,63.16,2.658,5.14,400.05,12.38,1482.2,2719.4,Healthy
M-016,CNC Lathe,30,62.18,2.497,5.33,400.17,12.86,1475.5,2727.9,Healthy
M-016,CNC Lathe,31,58.32,2.536,5.28,399.31,13.27,1473.1,2736.4,Healthy
M-016,CNC Lathe,32,61.02,2.441,5.44,401.03,12.1,1485.7,2744.9,Healthy
M-016,CNC Lathe,33,62.14,2.433,5.35,401.76,12.56,1486.0,2753.4,Healthy
M-016,CNC Lathe,34,59.33,2.488,5.31,401.94,12.42,1495.7,2761.9,Healthy
M-016,CNC Lathe,35,61.81,2.603,5.43,401.64,12.56,1470.5,2770.4,Healthy
M-016,CNC Lathe,36,59.45,2.363,5.23,402.05,13.01,1486.3,2778.9,Healthy
M-016,CNC Lathe,37,58.89,2.567,5.4,400.99,13.11,1486.3,2787.4,Healthy
M-016,CNC Lathe,38,58.78,2.747,5.21,403.42,13.01,1469.5,2795.9,Healthy
M-016,CNC Lathe,39,60.51,2.593,5.16,401.7,13.04,1487.7,2804.4,Healthy
M-016,CNC Lathe,40,59.82,2.67,5.41,401.98,12.46,1469.9,2812.9,Healthy
M-016,CNC Lathe,41,60.75,2.66,5.27,399.78,12.98,1480.6,2821.4,Healthy
M-016,CNC Lathe,42,60.91,2.421,5.25,400.44,12.87,1476.5,2829.9,Healthy
M-016,CNC Lathe,43,61.0,2.41,5.33,402.91,12.81,1486.6,2838.4,Healthy
M-016,CNC Lathe,44,59.72,2.568,5.31,399.88,12.02,1465.7,2846.9,Healthy
M-016,CNC Lathe,45,57.64,2.536,5.25,401.68,12.63,1483.9,2855.4,Healthy
M-016,CNC Lathe,46,61.03,2.49,5.29,401.79,13.18,1463.2,2863.9,Healthy
M-016,CNC Lathe,47,59.49,2.588,5.39,402.36,12.63,1494.1,2872.4,Healthy
M-016,CNC Lathe,48,60.51,2.488,5.42,402.45,13.02,1487.7,2880.9,Healthy
M-016,CNC Lathe,49,59.85,2.697,5.04,397.54,12.45,1475.9,2889.4,Healthy
M-016,CNC Lathe,50,60.73,2.402,5.28,401.09,13.39,1472.8,2897.9,Healthy
M-016,CNC Lathe,51,58.27,2.619,5.21,401.32,12.46,1485.1,2906.4,Healthy
M-016,CNC Lathe,52,58.64,2.148,5.41,402.0,13.07,1489.3,2914.9,Healthy
M-016,CNC Lathe,53,59.19,2.492,5.33,401.29,12.58,1477.5,2923.4,Healthy
M-016,CNC Lathe,54,61.59,2.453,5.34,402.2,12.35,1481.7,2931.9,Healthy
M-016,CNC Lathe,55,58.45,2.533,5.37,403.74,12.36,1475.0,2940.4,Healthy
M-016,CNC Lathe,56,60.63,2.427,5.09,400.42,12.79,1487.8,2948.9,Healthy
M-016,CNC Lathe,57,62.32,2.499,5.34,403.42,11.97,1471.1,2957.4,Healthy
M-016,CNC Lathe,58,60.42,2.671,5.35,402.16,12.61,1482.7,2965.9,Healthy
M-016,CNC Lathe,59,59.58,2.391,5.21,404.18,12.4,1476.1,2974.4,Healthy
M-016,CNC Lathe,60,60.86,2.379,5.31,401.95,12.47,1477.2,2982.9,Healthy
M-016,CNC Lathe,61,59.16,2.65,5.31,399.4,12.74,1480.6,2991.4,Healthy
M-016,CNC Lathe,62,57.6,2.645,5.18,405.68,12.97,1470.2,2999.9,Healthy
M-016,CNC Lathe,63,59.92,2.595,5.26,403.86,12.56,1478.6,3008.4,Healthy
M-016,CNC Lathe,64,61.43,2.557,5.19,402.37,12.75,1472.0,3016.9,Healthy
M-016,CNC Lathe,65,58.62,2.253,5.25,401.39,12.87,1485.8,3025.4,Healthy
M-016,CNC Lathe,66,59.8,2.474,5.21,401.68,13.03,1480.1,3033.9,Healthy
M-016,CNC Lathe,67,61.69,2.599,5.43,401.76,12.5,1484.2,3042.4,Healthy
M-016,CNC Lathe,68,59.85,2.555,5.22,399.84,13.12,1471.1,3050.9,Healthy
M-016,CNC Lathe,69,61.52,2.555,5.29,397.72,13.21,1471.8,3059.4,Healthy
M-016,CNC Lathe,70,61.44,2.401,5.21,402.84,12.88,1470.1,3067.9,Healthy
M-016,CNC Lathe,71,62.02,2.46,5.29,400.91,12.31,1485.1,3076.4,Healthy
M-016,CNC Lathe,72,60.64,2.388,5.38,401.61,12.72,1493.5,3084.9,Healthy
M-016,CNC Lathe,73,58.36,2.29,5.14,402.23,12.57,1477.0,3093.4,Healthy
M-016,CNC Lathe,74,59.16,2.684,5.48,403.3,12.16,1475.4,3101.9,Healthy
M-016,CNC Lathe,75,61.29,2.479,5.37,404.0,13.36,1474.0,3110.4,Healthy
M-016,CNC Lathe,76,60.39,2.431,5.08,402.9,12.89,1474.9,3118.9,Healthy
M-016,CNC Lathe,77,58.38,2.438,5.36,404.18,12.44,1488.1,3127.4,Healthy
M-016,CNC Lathe,78,61.04,2.534,5.15,399.0,12.4,1476.6,3135.9,Healthy
M-016,CNC Lathe,79,62.45,2.405,5.36,400.57,12.86,1478.7,3144.4,Healthy
M-016,CNC Lathe,80,60.51,2.529,5.26,402.25,13.12,1473.2,3152.9,Healthy
M-016,CNC Lathe,81,61.72,2.453,5.25,402.9,12.57,1481.8,3161.4,Healthy
M-016,CNC Lathe,82,60.56,2.234,5.33,398.62,12.21,1482.2,3169.9,Healthy
M-016,CNC Lathe,83,60.94,2.629,5.17,400.02,12.85,1489.0,3178.4,Healthy
M-016,CNC Lathe,84,60.52,2.379,5.43,400.98,12.61,1467.8,3186.9,Healthy
M-016,CNC Lathe,85,61.16,2.587,5.21,405.0,12.49,1484.2,3195.4,Healthy
M-016,CNC Lathe,86,60.56,2.241,5.34,402.41,12.07,1491.4,3203.9,Healthy
M-016,CNC Lathe,87,60.84,2.633,5.11,400.68,13.1,1466.7,3212.4,Healthy
M-016,CNC Lathe,88,59.84,2.533,5.09,398.86,13.17,1479.7,3220.9,Healthy
M-016,CNC Lathe,89,61.7,2.506,5.53,402.38,13.14,1477.3,3229.4,Healthy
M-016,CNC Lathe,90,60.55,2.561,5.36,401.42,12.69,1483.3,3237.9,Healthy
M-016,CNC Lathe,91,60.89,2.361,5.31,402.14,12.35,1486.5,3246.4,Healthy
M-016,CNC Lathe,92,60.79,2.764,5.28,403.77,12.88,1494.6,3254.9,Healthy
M-016,CNC Lathe,93,59.13,2.425,5.19,401.35,12.3,1467.0,3263.4,Healthy
M-016,CNC Lathe,94,57.73,2.221,5.35,400.59,12.26,1474.0,3271.9,Healthy
M-016,CNC Lathe,95,59.66,2.369,5.44,404.34,13.25,1480.7,3280.4,Healthy
M-016,CNC Lathe,96,60.63,2.406,5.2,401.55,12.92,1488.8,3288.9,Healthy
M-016,CNC Lathe,97,59.64,2.334,5.36,397.87,12.68,1480.0,3297.4,Healthy
M-016,CNC Lathe,98,59.84,2.299,5.25,404.79,12.9,1488.5,3305.9,Healthy
M-016,CNC Lathe,99,58.83,2.515,5.29,401.72,12.89,1480.4,3314.4,Healthy
M-016,CNC Lathe,100,58.87,2.558,5.37,404.14,13.17,1483.1,3322.9,Healthy
M-017,Induction Motor,1,62.44,1.666,5.36,396.49,15.79,1517.2,2082.2,Healthy
M-017,Induction Motor,2,60.85,1.515,5.36,398.98,15.95,1512.3,2090.7,Healthy
M-017,Induction Motor,3,60.06,1.597,5.54,400.07,15.28,1503.6,2099.2,Healthy
M-017,Induction Motor,4,58.15,1.775,5.26,397.42,15.91,1511.7,2107.7,Healthy
M-017,Induction Motor,5,59.72,1.566,5.45,396.86,15.63,1514.1,2116.2,Healthy
M-017,Induction Motor,6,59.53,1.696,5.31,397.48,15.75,1501.2,2124.7,Healthy
M-017,Induction Motor,7,58.85,1.74,5.26,400.4,16.19,1502.3,2133.2,Healthy
M-017,Induction Motor,8,61.04,1.676,5.43,397.09,16.07,1515.5,2141.7,Healthy
M-017,Induction Motor,9,58.43,1.554,5.24,398.46,15.95,1517.5,2150.2,Healthy
M-017,Induction Motor,10,59.27,1.555,5.32,400.39,15.58,1513.4,2158.7,Healthy
M-017,Induction Motor,11,58.12,1.734,5.34,400.18,16.02,1508.3,2167.2,Healthy
M-017,Induction Motor,12,59.25,1.627,5.25,396.37,15.82,1514.8,2175.7,Healthy
M-017,Induction Motor,13,59.59,1.657,5.48,398.21,15.99,1498.1,2184.2,Healthy
M-017,Induction Motor,14,54.7,1.728,5.25,397.66,15.64,1524.9,2192.7,Healthy
M-017,Induction Motor,15,59.89,1.713,5.47,398.82,15.59,1520.8,2201.2,Healthy
M-017,Induction Motor,16,58.08,1.732,5.23,398.49,15.82,1525.7,2209.7,Healthy
M-017,Induction Motor,17,57.53,1.621,5.47,398.75,15.81,1504.6,2218.2,Healthy
M-017,Induction Motor,18,58.7,1.843,5.38,398.83,15.71,1502.8,2226.7,Healthy
M-017,Induction Motor,19,60.53,1.754,5.62,396.05,16.04,1501.8,2235.2,Healthy
M-017,Induction Motor,20,59.6,1.811,5.18,397.67,15.55,1506.6,2243.7,Healthy
M-017,Induction Motor,21,59.87,1.828,5.37,398.49,15.79,1512.3,2252.2,Healthy
M-017,Induction Motor,22,58.1,1.827,5.42,398.87,15.47,1508.6,2260.7,Healthy
M-017,Induction Motor,23,59.2,1.509,5.22,396.88,15.93,1507.0,2269.2,Healthy
M-017,Induction Motor,24,58.18,1.596,5.34,397.38,16.51,1520.7,2277.7,Healthy
M-017,Induction Motor,25,60.64,1.834,5.29,395.64,15.36,1522.9,2286.2,Healthy
M-017,Induction Motor,26,58.75,1.543,5.34,397.61,15.84,1514.3,2294.7,Healthy
M-017,Induction Motor,27,58.41,1.776,5.32,397.77,15.99,1507.1,2303.2,Healthy
M-017,Induction Motor,28,58.72,1.765,5.3,397.31,15.94,1528.7,2311.7,Healthy
M-017,Induction Motor,29,60.13,1.75,5.44,395.94,15.79,1512.0,2320.2,Healthy
M-017,Induction Motor,30,59.86,1.721,5.43,397.3,15.83,1501.4,2328.7,Healthy
M-017,Induction Motor,31,59.2,1.894,5.42,397.66,16.56,1498.9,2337.2,Healthy
M-017,Induction Motor,32,58.37,1.956,5.39,396.94,15.57,1511.7,2345.7,Healthy
M-017,Induction Motor,33,60.49,1.645,5.37,396.46,16.19,1497.3,2354.2,Healthy
M-017,Induction Motor,34,61.48,1.915,5.35,396.38,16.18,1498.1,2362.7,Healthy
M-017,Induction Motor,35,59.6,1.802,5.55,398.37,16.68,1505.1,2371.2,Healthy
M-017,Induction Motor,36,58.95,1.861,5.48,393.6,16.71,1518.5,2379.7,Healthy
M-017,Induction Motor,37,61.73,2.068,5.41,397.68,16.38,1504.0,2388.2,Healthy
M-017,Induction Motor,38,61.42,1.967,5.52,394.28,16.71,1496.0,2396.7,Healthy
M-017,Induction Motor,39,59.58,1.995,5.22,397.05,16.94,1488.5,2405.2,Healthy
M-017,Induction Motor,40,60.0,1.975,5.46,395.64,16.83,1483.3,2413.7,Healthy
M-017,Induction Motor,41,61.98,1.954,5.39,394.37,17.34,1494.3,2422.2,Healthy
M-017,Induction Motor,42,59.87,1.849,5.33,397.29,18.11,1499.4,2430.7,Healthy
M-017,Induction Motor,43,61.36,1.904,5.15,392.01,17.5,1492.4,2439.2,Healthy
M-017,Induction Motor,44,62.83,2.185,5.3,390.86,17.83,1484.7,2447.7,Healthy
M-017,Induction Motor,45,62.47,2.074,5.45,393.17,17.54,1469.9,2456.2,Healthy
M-017,Induction Motor,46,63.04,2.211,5.55,392.85,17.92,1473.2,2464.7,Healthy
M-017,Induction Motor,47,62.51,2.194,5.3,392.77,18.56,1475.1,2473.2,Healthy
M-017,Induction Motor,48,64.47,2.259,5.56,389.07,18.1,1453.1,2481.7,Healthy
M-017,Induction Motor,49,62.34,2.307,5.44,390.87,18.22,1460.9,2490.2,Healthy
M-017,Induction Motor,50,62.66,2.199,5.29,388.33,19.33,1462.5,2498.7,Healthy
M-017,Induction Motor,51,64.13,2.277,5.51,391.96,18.32,1452.1,2507.2,Healthy
M-017,Induction Motor,52,64.16,2.579,5.32,388.23,19.0,1455.4,2515.7,Healthy
M-017,Induction Motor,53,65.24,2.456,5.49,386.75,19.11,1457.8,2524.2,Healthy
M-017,Induction Motor,54,65.15,2.697,5.26,386.85,19.9,1448.2,2532.7,Healthy
M-017,Induction Motor,55,62.99,2.697,5.32,390.84,20.35,1449.4,2541.2,Healthy
M-017,Induction Motor,56,66.16,2.697,5.46,389.66,20.1,1439.1,2549.7,Healthy
M-017,Induction Motor,57,62.73,2.728,5.47,388.04,20.4,1433.3,2558.2,Healthy
M-017,Induction Motor,58,62.65,2.727,5.36,384.97,20.65,1450.1,2566.7,Healthy
M-017,Induction Motor,59,65.43,2.81,5.36,385.28,20.35,1431.6,2575.2,Healthy
M-017,Induction Motor,60,66.08,2.911,5.43,385.33,20.24,1432.2,2583.7,Healthy
M-017,Induction Motor,61,64.99,2.804,5.28,384.76,20.99,1410.1,2592.2,Healthy
M-017,Induction Motor,62,66.63,2.814,5.4,383.79,21.6,1434.2,2600.7,Warning
M-017,Induction Motor,63,64.68,3.031,5.36,383.59,21.58,1413.4,2609.2,Warning
M-017,Induction Motor,64,66.05,2.955,5.49,383.05,22.05,1410.1,2617.7,Warning
M-017,Induction Motor,65,66.06,3.012,5.42,379.46,22.6,1398.4,2626.2,Warning
M-017,Induction Motor,66,67.45,3.382,5.45,381.29,21.84,1394.0,2634.7,Warning
M-017,Induction Motor,67,68.32,3.427,5.34,378.06,21.54,1393.5,2643.2,Warning
M-017,Induction Motor,68,67.53,3.492,5.46,380.34,22.49,1392.8,2651.7,Warning
M-017,Induction Motor,69,69.63,3.378,5.18,377.77,22.56,1389.3,2660.2,Warning
M-017,Induction Motor,70,68.9,3.395,5.38,381.12,22.85,1404.7,2668.7,Warning
M-017,Induction Motor,71,67.7,3.473,5.36,378.12,23.48,1389.4,2677.2,Warning
M-017,Induction Motor,72,67.88,3.382,5.64,376.27,23.81,1369.1,2685.7,Warning
M-017,Induction Motor,73,68.73,3.557,5.44,371.17,23.86,1368.8,2694.2,Warning
M-017,Induction Motor,74,69.75,3.504,5.3,375.43,23.67,1370.3,2702.7,Warning
M-017,Induction Motor,75,68.21,3.464,5.49,372.74,24.22,1376.1,2711.2,Critical
M-017,Induction Motor,76,69.2,3.642,5.41,376.92,24.11,1364.8,2719.7,Warning
M-017,Induction Motor,77,68.15,3.75,5.39,372.33,24.61,1350.7,2728.2,Critical
M-017,Induction Motor,78,70.61,3.981,5.28,372.14,25.19,1367.6,2736.7,Critical
M-017,Induction Motor,79,69.03,3.892,5.42,372.52,24.39,1357.8,2745.2,Critical
M-017,Induction Motor,80,72.94,3.984,5.28,371.04,26.12,1356.9,2753.7,Critical
M-017,Induction Motor,81,72.18,4.071,5.32,371.0,25.73,1349.9,2762.2,Critical
M-017,Induction Motor,82,73.53,4.221,5.25,371.18,26.26,1346.3,2770.7,Critical
M-017,Induction Motor,83,71.26,4.495,5.26,367.89,26.34,1354.0,2779.2,Critical
M-017,Induction Motor,84,71.32,4.173,5.5,369.35,26.39,1337.4,2787.7,Critical
M-017,Induction Motor,85,72.96,4.388,5.52,369.32,26.87,1330.3,2796.2,Critical
M-017,Induction Motor,86,73.52,4.331,5.39,370.41,27.55,1312.3,2804.7,Critical
M-017,Induction Motor,87,73.26,4.302,5.36,368.14,27.51,1319.1,2813.2,Critical
M-017,Induction Motor,88,71.26,4.329,5.48,361.16,27.96,1319.9,2821.7,Critical
M-017,Induction Motor,89,75.45,4.482,5.18,366.81,28.25,1318.8,2830.2,Critical
M-017,Induction Motor,90,73.39,4.577,5.33,363.61,28.4,1297.4,2838.7,Critical
M-017,Induction Motor,91,73.43,4.496,5.24,364.84,28.73,1301.2,2847.2,Critical
M-017,Induction Motor,92,73.01,4.791,5.56,362.55,28.42,1302.4,2855.7,Critical
M-017,Induction Motor,93,77.08,4.689,5.25,364.4,29.13,1293.9,2864.2,Critical
M-017,Induction Motor,94,74.79,4.933,5.44,360.88,29.14,1278.5,2872.7,Critical
M-017,Induction Motor,95,76.6,4.845,5.34,361.64,29.4,1292.0,2881.2,Critical
M-017,Induction Motor,96,76.81,4.921,5.46,361.79,29.51,1279.4,2889.7,Critical
M-017,Induction Motor,97,76.25,5.063,5.35,359.49,30.62,1283.4,2898.2,Critical
M-017,Induction Motor,98,75.84,5.134,5.4,360.33,30.25,1280.9,2906.7,Critical
M-017,Induction Motor,99,77.49,5.122,5.49,359.28,30.52,1269.3,2915.2,Critical
M-017,Induction Motor,100,77.29,5.195,5.33,356.58,30.4,1251.1,2923.7,Critical
M-018,Hydraulic Pump,1,60.98,1.333,4.42,402.38,15.13,1483.1,5266.8,Healthy
M-018,Hydraulic Pump,2,59.34,1.38,4.55,405.04,14.92,1477.8,5275.3,Healthy
M-018,Hydraulic Pump,3,62.2,1.22,4.4,402.22,14.6,1494.5,5283.8,Healthy
M-018,Hydraulic Pump,4,60.13,1.296,4.62,402.03,15.15,1475.1,5292.3,Healthy
M-018,Hydraulic Pump,5,58.36,1.335,4.64,403.64,15.55,1472.3,5300.8,Healthy
M-018,Hydraulic Pump,6,59.56,1.173,4.58,402.84,15.1,1486.4,5309.3,Healthy
M-018,Hydraulic Pump,7,59.9,1.458,4.57,402.75,14.68,1486.4,5317.8,Healthy
M-018,Hydraulic Pump,8,60.81,1.368,4.58,402.42,15.17,1477.4,5326.3,Healthy
M-018,Hydraulic Pump,9,61.97,1.296,4.48,406.12,15.65,1483.0,5334.8,Healthy
M-018,Hydraulic Pump,10,60.31,1.283,4.54,401.73,15.39,1494.3,5343.3,Healthy
M-018,Hydraulic Pump,11,61.14,1.196,4.59,403.87,15.38,1474.5,5351.8,Healthy
M-018,Hydraulic Pump,12,60.47,1.434,4.44,402.58,15.12,1489.1,5360.3,Healthy
M-018,Hydraulic Pump,13,61.84,1.099,4.64,405.84,15.61,1476.9,5368.8,Healthy
M-018,Hydraulic Pump,14,60.19,1.14,4.33,402.76,15.25,1482.5,5377.3,Healthy
M-018,Hydraulic Pump,15,61.45,1.696,4.5,401.37,15.42,1482.9,5385.8,Healthy
M-018,Hydraulic Pump,16,59.78,1.438,4.46,403.22,15.2,1473.5,5394.3,Healthy
M-018,Hydraulic Pump,17,58.42,1.355,4.68,405.4,15.58,1474.7,5402.8,Healthy
M-018,Hydraulic Pump,18,60.72,1.158,4.56,406.26,15.72,1497.3,5411.3,Healthy
M-018,Hydraulic Pump,19,61.65,1.386,4.63,404.84,14.94,1469.0,5419.8,Healthy
M-018,Hydraulic Pump,20,61.53,1.58,4.63,399.7,15.04,1479.5,5428.3,Healthy
M-018,Hydraulic Pump,21,58.24,1.163,4.54,404.0,14.88,1469.7,5436.8,Healthy
M-018,Hydraulic Pump,22,61.9,1.283,4.52,402.39,14.95,1491.5,5445.3,Healthy
M-018,Hydraulic Pump,23,59.41,1.35,4.54,399.58,15.31,1468.7,5453.8,Healthy
M-018,Hydraulic Pump,24,61.23,1.186,4.59,402.62,14.99,1482.8,5462.3,Healthy
M-018,Hydraulic Pump,25,58.7,1.32,4.62,405.56,15.06,1478.6,5470.8,Healthy
M-018,Hydraulic Pump,26,58.68,1.238,4.39,404.36,15.52,1477.5,5479.3,Healthy
M-018,Hydraulic Pump,27,59.2,1.366,4.46,404.82,15.9,1474.0,5487.8,Healthy
M-018,Hydraulic Pump,28,59.58,1.153,4.56,403.64,15.13,1481.2,5496.3,Healthy
M-018,Hydraulic Pump,29,59.21,1.129,4.47,399.65,14.91,1483.6,5504.8,Healthy
M-018,Hydraulic Pump,30,60.54,1.116,4.65,403.09,14.77,1478.2,5513.3,Healthy
M-018,Hydraulic Pump,31,59.77,1.224,4.62,401.27,15.29,1470.4,5521.8,Healthy
M-018,Hydraulic Pump,32,60.42,1.36,4.57,403.64,15.14,1472.6,5530.3,Healthy
M-018,Hydraulic Pump,33,59.2,1.364,4.42,400.5,15.72,1479.0,5538.8,Healthy
M-018,Hydraulic Pump,34,61.23,1.433,4.55,402.73,15.1,1494.0,5547.3,Healthy
M-018,Hydraulic Pump,35,59.8,1.35,4.61,403.98,15.6,1478.0,5555.8,Healthy
M-018,Hydraulic Pump,36,61.28,1.113,4.68,405.73,15.12,1484.6,5564.3,Healthy
M-018,Hydraulic Pump,37,61.54,1.204,4.53,400.87,15.62,1487.7,5572.8,Healthy
M-018,Hydraulic Pump,38,60.21,1.297,4.53,401.5,15.23,1471.6,5581.3,Healthy
M-018,Hydraulic Pump,39,61.75,1.504,4.64,400.64,15.32,1482.9,5589.8,Healthy
M-018,Hydraulic Pump,40,61.73,1.175,4.62,400.23,15.46,1486.4,5598.3,Healthy
M-018,Hydraulic Pump,41,62.31,1.585,4.44,400.73,15.44,1473.0,5606.8,Healthy
M-018,Hydraulic Pump,42,61.4,1.612,4.45,400.74,16.28,1462.5,5615.3,Healthy
M-018,Hydraulic Pump,43,62.19,1.483,4.58,399.97,16.18,1464.1,5623.8,Healthy
M-018,Hydraulic Pump,44,59.8,1.587,4.29,400.04,16.19,1472.8,5632.3,Healthy
M-018,Hydraulic Pump,45,63.17,1.781,4.69,401.13,16.64,1465.4,5640.8,Healthy
M-018,Hydraulic Pump,46,62.72,1.535,4.59,399.35,16.36,1464.9,5649.3,Healthy
M-018,Hydraulic Pump,47,64.62,1.696,4.54,398.16,16.91,1455.6,5657.8,Healthy
M-018,Hydraulic Pump,48,62.78,1.775,4.67,401.03,16.35,1441.5,5666.3,Healthy
M-018,Hydraulic Pump,49,63.39,1.744,4.58,402.29,16.75,1462.5,5674.8,Healthy
M-018,Hydraulic Pump,50,62.05,1.966,4.62,395.32,17.01,1464.3,5683.3,Healthy
M-018,Hydraulic Pump,51,65.16,1.896,4.58,398.3,17.5,1444.6,5691.8,Healthy
M-018,Hydraulic Pump,52,64.71,1.94,4.45,398.6,17.6,1439.9,5700.3,Healthy
M-018,Hydraulic Pump,53,65.78,1.93,4.35,396.26,18.1,1431.6,5708.8,Healthy
M-018,Hydraulic Pump,54,64.9,1.846,4.68,395.05,17.83,1432.1,5717.3,Healthy
M-018,Hydraulic Pump,55,64.72,2.237,4.54,395.61,17.97,1419.0,5725.8,Healthy
M-018,Hydraulic Pump,56,63.69,1.914,4.35,394.91,18.19,1439.5,5734.3,Healthy
M-018,Hydraulic Pump,57,63.49,2.196,4.61,397.15,18.53,1435.4,5742.8,Healthy
M-018,Hydraulic Pump,58,65.46,2.304,4.78,393.64,18.88,1418.3,5751.3,Healthy
M-018,Hydraulic Pump,59,66.9,2.532,4.62,390.07,18.74,1426.7,5759.8,Healthy
M-018,Hydraulic Pump,60,63.95,2.201,4.48,392.53,19.36,1398.5,5768.3,Healthy
M-018,Hydraulic Pump,61,63.77,2.146,4.4,392.1,19.57,1417.9,5776.8,Healthy
M-018,Hydraulic Pump,62,66.55,2.311,4.57,393.56,19.66,1403.4,5785.3,Healthy
M-018,Hydraulic Pump,63,65.03,2.34,4.61,390.81,20.66,1396.6,5793.8,Healthy
M-018,Hydraulic Pump,64,67.36,2.538,4.53,389.31,20.42,1402.3,5802.3,Healthy
M-018,Hydraulic Pump,65,66.98,2.599,4.55,386.26,20.48,1391.8,5810.8,Healthy
M-018,Hydraulic Pump,66,69.37,2.681,4.56,389.82,20.34,1385.0,5819.3,Healthy
M-018,Hydraulic Pump,67,66.93,2.709,4.5,387.23,20.57,1386.0,5827.8,Healthy
M-018,Hydraulic Pump,68,67.83,2.772,4.47,388.31,20.83,1379.9,5836.3,Healthy
M-018,Hydraulic Pump,69,68.29,2.748,4.39,384.01,21.52,1382.1,5844.8,Warning
M-018,Hydraulic Pump,70,68.64,2.911,4.51,387.7,21.81,1368.1,5853.3,Warning
M-018,Hydraulic Pump,71,69.16,2.934,4.71,388.3,21.92,1365.6,5861.8,Warning
M-018,Hydraulic Pump,72,70.72,3.025,4.52,380.87,21.95,1358.1,5870.3,Warning
M-018,Hydraulic Pump,73,68.99,3.094,4.62,387.15,22.8,1349.9,5878.8,Warning
M-018,Hydraulic Pump,74,70.71,3.289,4.71,381.03,22.67,1363.6,5887.3,Warning
M-018,Hydraulic Pump,75,68.41,2.936,4.57,381.4,22.43,1361.4,5895.8,Warning
M-018,Hydraulic Pump,76,70.31,3.142,4.45,382.38,23.45,1349.7,5904.3,Warning
M-018,Hydraulic Pump,77,68.62,3.325,4.61,380.63,23.9,1335.8,5912.8,Warning
M-018,Hydraulic Pump,78,72.31,3.347,4.49,379.96,24.16,1340.0,5921.3,Warning
M-018,Hydraulic Pump,79,71.87,3.524,4.49,380.12,24.0,1341.6,5929.8,Warning
M-018,Hydraulic Pump,80,70.96,3.465,4.77,381.7,23.99,1336.1,5938.3,Warning
M-018,Hydraulic Pump,81,72.58,3.391,4.53,376.5,23.79,1323.1,5946.8,Warning
M-018,Hydraulic Pump,82,71.48,3.456,4.54,373.41,24.92,1319.8,5955.3,Critical
M-018,Hydraulic Pump,83,73.24,3.462,4.76,380.41,24.92,1326.7,5963.8,Warning
M-018,Hydraulic Pump,84,73.79,3.667,4.48,375.09,26.46,1321.2,5972.3,Warning
M-018,Hydraulic Pump,85,72.86,3.772,4.63,377.0,25.42,1307.9,5980.8,Warning
M-018,Hydraulic Pump,86,72.79,3.871,4.54,376.66,25.95,1301.7,5989.3,Warning
M-018,Hydraulic Pump,87,71.54,3.959,4.46,370.83,26.73,1295.6,5997.8,Critical
M-018,Hydraulic Pump,88,71.65,3.894,4.54,373.16,26.45,1264.2,6006.3,Critical
M-018,Hydraulic Pump,89,73.83,4.184,4.68,371.1,27.57,1273.3,6014.8,Critical
M-018,Hydraulic Pump,90,73.87,4.231,4.62,371.51,26.81,1272.4,6023.3,Critical
M-018,Hydraulic Pump,91,74.33,4.064,4.56,370.56,27.09,1273.6,6031.8,Critical
M-018,Hydraulic Pump,92,72.37,4.303,4.61,368.13,27.52,1273.6,6040.3,Critical
M-018,Hydraulic Pump,93,76.04,4.424,4.46,367.84,28.02,1258.1,6048.8,Critical
M-018,Hydraulic Pump,94,75.98,4.276,4.58,366.49,28.48,1273.2,6057.3,Critical
M-018,Hydraulic Pump,95,77.15,4.493,4.41,370.33,29.09,1255.3,6065.8,Critical
M-018,Hydraulic Pump,96,76.53,4.445,4.72,368.32,28.73,1260.3,6074.3,Critical
M-018,Hydraulic Pump,97,78.97,4.611,4.51,363.95,29.55,1243.0,6082.8,Critical
M-018,Hydraulic Pump,98,77.17,4.683,4.46,368.18,29.95,1242.0,6091.3,Critical
M-018,Hydraulic Pump,99,77.07,4.661,4.46,361.84,30.03,1231.1,6099.8,Critical
M-018,Hydraulic Pump,100,77.63,4.731,4.64,361.96,30.67,1228.8,6108.3,Critical
M-019,Centrifugal Compressor,1,63.71,2.465,5.35,389.32,17.05,1518.2,7961.2,Healthy
M-019,Centrifugal Compressor,2,65.32,2.353,5.34,390.54,16.81,1501.5,7969.7,Healthy
M-019,Centrifugal Compressor,3,63.1,2.434,5.25,392.81,17.42,1513.7,7978.2,Healthy
M-019,Centrifugal Compressor,4,66.34,2.341,5.24,390.68,17.58,1505.4,7986.7,Healthy
M-019,Centrifugal Compressor,5,65.27,2.325,5.23,390.35,17.05,1526.4,7995.2,Healthy
M-019,Centrifugal Compressor,6,67.49,2.487,5.16,390.69,17.11,1512.4,8003.7,Healthy
M-019,Centrifugal Compressor,7,64.87,2.4,5.33,392.1,16.81,1520.4,8012.2,Healthy
M-019,Centrifugal Compressor,8,67.27,2.227,5.21,390.01,17.05,1501.1,8020.7,Healthy
M-019,Centrifugal Compressor,9,66.84,2.414,5.29,391.4,16.84,1521.3,8029.2,Healthy
M-019,Centrifugal Compressor,10,65.21,2.158,5.25,390.48,17.27,1537.3,8037.7,Healthy
M-019,Centrifugal Compressor,11,65.66,2.663,5.19,389.79,16.94,1519.1,8046.2,Healthy
M-019,Centrifugal Compressor,12,64.43,2.215,5.26,388.75,17.41,1520.8,8054.7,Healthy
M-019,Centrifugal Compressor,13,64.29,2.463,5.2,390.93,17.01,1513.0,8063.2,Healthy
M-019,Centrifugal Compressor,14,66.2,2.274,5.31,391.65,16.53,1509.3,8071.7,Healthy
M-019,Centrifugal Compressor,15,63.89,2.364,5.26,389.18,17.36,1524.1,8080.2,Healthy
M-019,Centrifugal Compressor,16,66.68,2.082,5.45,391.37,17.04,1514.9,8088.7,Healthy
M-019,Centrifugal Compressor,17,63.62,2.452,5.42,391.35,16.63,1503.5,8097.2,Healthy
M-019,Centrifugal Compressor,18,64.85,2.319,5.33,393.78,17.19,1515.0,8105.7,Healthy
M-019,Centrifugal Compressor,19,65.04,2.417,5.14,392.24,16.65,1524.6,8114.2,Healthy
M-019,Centrifugal Compressor,20,64.77,2.508,5.11,392.69,17.5,1505.4,8122.7,Healthy
M-019,Centrifugal Compressor,21,65.07,2.449,5.29,390.36,16.84,1517.7,8131.2,Healthy
M-019,Centrifugal Compressor,22,65.63,2.333,5.17,393.46,17.06,1497.5,8139.7,Healthy
M-019,Centrifugal Compressor,23,66.66,2.337,5.26,391.79,16.5,1513.4,8148.2,Healthy
M-019,Centrifugal Compressor,24,66.78,2.539,5.23,392.47,17.32,1522.0,8156.7,Healthy
M-019,Centrifugal Compressor,25,63.83,2.605,5.21,391.26,16.9,1517.5,8165.2,Healthy
M-019,Centrifugal Compressor,26,64.17,2.381,5.27,393.49,17.41,1524.9,8173.7,Healthy
M-019,Centrifugal Compressor,27,66.25,2.63,5.23,390.72,16.95,1515.2,8182.2,Healthy
M-019,Centrifugal Compressor,28,63.48,2.44,5.31,390.52,16.41,1515.8,8190.7,Healthy
M-019,Centrifugal Compressor,29,63.65,2.46,5.27,391.47,16.65,1525.8,8199.2,Healthy
M-019,Centrifugal Compressor,30,65.41,2.299,5.31,391.23,17.67,1511.2,8207.7,Healthy
M-019,Centrifugal Compressor,31,63.71,2.443,5.36,395.68,18.22,1503.2,8216.2,Healthy
M-019,Centrifugal Compressor,32,65.04,2.259,5.23,395.99,16.74,1515.5,8224.7,Healthy
M-019,Centrifugal Compressor,33,64.51,2.288,5.44,387.96,16.99,1516.4,8233.2,Healthy
M-019,Centrifugal Compressor,34,65.16,2.37,5.42,386.81,17.18,1519.5,8241.7,Healthy
M-019,Centrifugal Compressor,35,65.55,2.309,5.38,393.35,16.72,1506.1,8250.2,Healthy
M-019,Centrifugal Compressor,36,63.53,2.435,5.26,390.32,17.75,1512.0,8258.7,Healthy
M-019,Centrifugal Compressor,37,65.43,2.385,5.45,387.06,16.92,1520.6,8267.2,Healthy
M-019,Centrifugal Compressor,38,64.94,2.252,5.27,387.8,17.26,1512.4,8275.7,Healthy
M-019,Centrifugal Compressor,39,64.51,2.534,5.16,387.95,16.71,1532.0,8284.2,Healthy
M-019,Centrifugal Compressor,40,64.0,2.452,5.34,389.16,16.7,1517.1,8292.7,Healthy
M-019,Centrifugal Compressor,41,65.47,2.57,5.18,390.28,18.02,1501.3,8301.2,Healthy
M-019,Centrifugal Compressor,42,62.81,2.242,5.37,390.16,16.87,1507.9,8309.7,Healthy
M-019,Centrifugal Compressor,43,66.31,2.244,5.2,389.19,16.09,1511.8,8318.2,Healthy
M-019,Centrifugal Compressor,44,65.13,2.315,5.23,390.55,16.98,1507.2,8326.7,Healthy
M-019,Centrifugal Compressor,45,63.87,2.414,5.11,390.61,17.6,1515.4,8335.2,Healthy
M-019,Centrifugal Compressor,46,63.01,2.43,5.34,389.45,16.92,1508.6,8343.7,Healthy
M-019,Centrifugal Compressor,47,64.65,2.328,5.3,394.35,17.04,1503.3,8352.2,Healthy
M-019,Centrifugal Compressor,48,68.24,2.478,5.34,390.91,17.11,1512.9,8360.7,Healthy
M-019,Centrifugal Compressor,49,66.29,2.351,5.31,392.98,17.46,1523.9,8369.2,Healthy
M-019,Centrifugal Compressor,50,63.97,2.597,5.32,391.65,17.17,1514.4,8377.7,Healthy
M-019,Centrifugal Compressor,51,64.64,2.364,5.39,391.2,17.12,1516.1,8386.2,Healthy
M-019,Centrifugal Compressor,52,64.4,2.151,5.33,392.36,17.02,1506.9,8394.7,Healthy
M-019,Centrifugal Compressor,53,67.39,2.367,5.28,389.63,16.55,1520.4,8403.2,Healthy
M-019,Centrifugal Compressor,54,63.4,2.436,5.28,388.8,16.57,1509.5,8411.7,Healthy
M-019,Centrifugal Compressor,55,64.45,2.225,5.14,391.19,17.72,1523.7,8420.2,Healthy
M-019,Centrifugal Compressor,56,65.4,2.544,5.37,390.43,17.11,1523.5,8428.7,Healthy
M-019,Centrifugal Compressor,57,66.54,2.543,5.15,393.39,17.67,1527.6,8437.2,Healthy
M-019,Centrifugal Compressor,58,63.9,2.248,5.3,393.99,17.1,1513.8,8445.7,Healthy
M-019,Centrifugal Compressor,59,65.09,2.531,5.22,392.0,16.98,1508.6,8454.2,Healthy
M-019,Centrifugal Compressor,60,64.04,2.471,4.99,392.0,16.96,1523.2,8462.7,Healthy
M-019,Centrifugal Compressor,61,65.92,2.414,5.15,389.01,16.8,1522.6,8471.2,Healthy
M-019,Centrifugal Compressor,62,67.33,2.448,5.2,390.07,16.87,1524.0,8479.7,Healthy
M-019,Centrifugal Compressor,63,64.65,2.403,5.39,389.9,17.22,1522.9,8488.2,Healthy
M-019,Centrifugal Compressor,64,65.28,2.643,5.42,391.56,16.74,1509.6,8496.7,Healthy
M-019,Centrifugal Compressor,65,65.46,2.278,5.28,394.41,17.05,1515.5,8505.2,Healthy
M-019,Centrifugal Compressor,66,66.23,2.471,5.14,390.13,17.69,1518.3,8513.7,Healthy
M-019,Centrifugal Compressor,67,64.0,2.385,5.08,387.32,17.37,1515.6,8522.2,Healthy
M-019,Centrifugal Compressor,68,65.83,2.547,5.29,392.5,17.11,1526.0,8530.7,Healthy
M-019,Centrifugal Compressor,69,67.33,2.432,5.27,391.68,16.99,1512.5,8539.2,Healthy
M-019,Centrifugal Compressor,70,66.46,2.36,5.21,392.83,17.36,1534.3,8547.7,Healthy
M-019,Centrifugal Compressor,71,66.67,2.508,5.35,390.74,17.22,1520.5,8556.2,Healthy
M-019,Centrifugal Compressor,72,64.55,2.402,5.35,391.0,17.24,1522.8,8564.7,Healthy
M-019,Centrifugal Compressor,73,66.22,2.616,5.2,394.32,17.19,1522.3,8573.2,Healthy
M-019,Centrifugal Compressor,74,66.04,2.486,5.19,392.63,16.52,1532.4,8581.7,Healthy
M-019,Centrifugal Compressor,75,65.66,2.548,5.32,391.11,16.83,1509.8,8590.2,Healthy
M-019,Centrifugal Compressor,76,66.14,2.496,5.31,390.8,17.17,1512.3,8598.7,Healthy
M-019,Centrifugal Compressor,77,64.39,2.375,5.23,393.97,16.55,1515.4,8607.2,Healthy
M-019,Centrifugal Compressor,78,65.96,2.647,5.2,388.81,17.28,1517.0,8615.7,Healthy
M-019,Centrifugal Compressor,79,64.94,2.461,5.34,392.51,17.13,1526.2,8624.2,Healthy
M-019,Centrifugal Compressor,80,65.44,2.414,5.33,388.52,17.24,1513.2,8632.7,Healthy
M-019,Centrifugal Compressor,81,63.61,2.459,5.21,387.81,16.72,1529.2,8641.2,Healthy
M-019,Centrifugal Compressor,82,64.54,2.447,5.15,395.24,17.05,1510.2,8649.7,Healthy
M-019,Centrifugal Compressor,83,66.27,2.654,5.22,389.63,17.83,1514.7,8658.2,Healthy
M-019,Centrifugal Compressor,84,64.92,2.151,5.25,388.33,16.83,1499.6,8666.7,Healthy
M-019,Centrifugal Compressor,85,66.69,2.232,5.06,389.22,17.46,1512.1,8675.2,Healthy
M-019,Centrifugal Compressor,86,64.83,2.466,5.24,393.51,16.94,1513.9,8683.7,Healthy
M-019,Centrifugal Compressor,87,67.92,2.415,5.28,390.62,16.17,1522.6,8692.2,Healthy
M-019,Centrifugal Compressor,88,67.2,2.559,5.2,390.69,17.15,1518.2,8700.7,Healthy
M-019,Centrifugal Compressor,89,66.02,2.433,5.22,391.31,17.37,1539.0,8709.2,Healthy
M-019,Centrifugal Compressor,90,64.6,2.435,5.22,391.65,17.37,1514.0,8717.7,Healthy
M-019,Centrifugal Compressor,91,62.75,2.532,5.27,390.35,16.83,1518.2,8726.2,Healthy
M-019,Centrifugal Compressor,92,64.37,2.339,5.13,389.67,17.24,1504.6,8734.7,Healthy
M-019,Centrifugal Compressor,93,66.59,2.267,5.27,392.01,17.31,1522.3,8743.2,Healthy
M-019,Centrifugal Compressor,94,65.1,2.388,5.32,391.59,16.9,1518.6,8751.7,Healthy
M-019,Centrifugal Compressor,95,65.0,2.336,5.22,392.01,16.7,1524.5,8760.2,Healthy
M-019,Centrifugal Compressor,96,64.53,2.137,5.31,385.64,16.67,1535.0,8768.7,Healthy
M-019,Centrifugal Compressor,97,66.48,2.526,5.14,390.66,17.46,1520.8,8777.2,Healthy
M-019,Centrifugal Compressor,98,66.57,2.622,5.32,388.58,17.23,1513.8,8785.7,Healthy
M-019,Centrifugal Compressor,99,63.65,2.516,5.38,390.85,17.14,1499.1,8794.2,Healthy
M-019,Centrifugal Compressor,100,66.55,2.504,5.28,388.53,16.45,1531.9,8802.7,Healthy
M-020,Industrial Robot,1,63.76,1.216,4.85,395.97,17.57,1498.5,5019.2,Healthy
M-020,Industrial Robot,2,62.59,1.432,4.82,395.36,17.01,1501.2,5027.7,Healthy
M-020,Industrial Robot,3,62.1,1.344,4.85,398.09,17.2,1496.5,5036.2,Healthy
M-020,Industrial Robot,4,62.06,1.283,4.93,401.39,17.49,1513.4,5044.7,Healthy
M-020,Industrial Robot,5,61.77,1.32,4.77,398.48,16.98,1498.2,5053.2,Healthy
M-020,Industrial Robot,6,61.42,1.147,4.77,399.26,17.12,1507.0,5061.7,Healthy
M-020,Industrial Robot,7,61.86,1.352,5.03,399.06,16.87,1493.6,5070.2,Healthy
M-020,Industrial Robot,8,63.13,1.146,4.82,400.01,16.42,1498.2,5078.7,Healthy
M-020,Industrial Robot,9,62.33,1.304,4.8,397.98,17.38,1517.8,5087.2,Healthy
M-020,Industrial Robot,10,62.34,1.112,4.96,398.38,16.71,1496.7,5095.7,Healthy
M-020,Industrial Robot,11,61.26,1.181,4.9,402.82,16.71,1517.5,5104.2,Healthy
M-020,Industrial Robot,12,62.42,1.339,4.87,397.56,17.19,1507.3,5112.7,Healthy
M-020,Industrial Robot,13,59.26,1.656,4.72,398.12,16.2,1501.0,5121.2,Healthy
M-020,Industrial Robot,14,61.62,1.289,4.93,398.68,17.28,1493.2,5129.7,Healthy
M-020,Industrial Robot,15,62.26,1.275,4.86,399.71,16.92,1502.3,5138.2,Healthy
M-020,Industrial Robot,16,60.79,1.482,4.97,399.37,17.01,1502.3,5146.7,Healthy
M-020,Industrial Robot,17,63.46,1.429,5.01,398.48,17.26,1512.6,5155.2,Healthy
M-020,Industrial Robot,18,61.06,1.232,4.93,396.7,16.46,1512.5,5163.7,Healthy
M-020,Industrial Robot,19,63.79,1.209,4.76,397.86,17.53,1499.8,5172.2,Healthy
M-020,Industrial Robot,20,62.28,1.389,4.92,402.16,16.84,1502.3,5180.7,Healthy
M-020,Industrial Robot,21,62.45,1.345,4.78,396.22,16.57,1508.9,5189.2,Healthy
M-020,Industrial Robot,22,61.19,1.407,4.91,397.22,16.76,1504.2,5197.7,Healthy
M-020,Industrial Robot,23,62.26,1.409,4.86,397.47,17.13,1514.5,5206.2,Healthy
M-020,Industrial Robot,24,59.92,1.255,4.96,399.6,17.3,1499.7,5214.7,Healthy
M-020,Industrial Robot,25,60.24,1.551,5.01,399.12,16.8,1499.2,5223.2,Healthy
M-020,Industrial Robot,26,62.45,1.32,4.9,402.39,17.42,1493.7,5231.7,Healthy
M-020,Industrial Robot,27,62.26,1.288,4.93,399.04,18.13,1506.5,5240.2,Healthy
M-020,Industrial Robot,28,62.01,1.572,4.92,396.13,17.05,1508.0,5248.7,Healthy
M-020,Industrial Robot,29,62.75,1.471,4.92,399.33,16.6,1515.3,5257.2,Healthy
M-020,Industrial Robot,30,61.8,1.233,5.16,402.53,16.94,1488.1,5265.7,Healthy
M-020,Industrial Robot,31,61.31,1.54,4.92,396.47,17.37,1501.4,5274.2,Healthy
M-020,Industrial Robot,32,61.39,1.282,5.03,400.26,16.57,1506.0,5282.7,Healthy
M-020,Industrial Robot,33,62.3,1.3,4.86,397.44,16.86,1505.4,5291.2,Healthy
M-020,Industrial Robot,34,61.84,1.416,4.82,400.58,17.55,1503.1,5299.7,Healthy
M-020,Industrial Robot,35,62.8,1.418,4.85,400.29,16.3,1481.8,5308.2,Healthy
M-020,Industrial Robot,36,61.78,1.426,4.89,400.66,16.67,1510.2,5316.7,Healthy
M-020,Industrial Robot,37,64.13,1.267,4.98,399.21,17.25,1516.1,5325.2,Healthy
M-020,Industrial Robot,38,62.56,1.442,4.78,400.64,17.66,1495.7,5333.7,Healthy
M-020,Industrial Robot,39,61.78,1.433,4.95,396.45,17.15,1500.4,5342.2,Healthy
M-020,Industrial Robot,40,61.01,1.513,4.9,401.13,16.68,1507.8,5350.7,Healthy
M-020,Industrial Robot,41,63.44,1.321,4.85,396.56,16.79,1499.5,5359.2,Healthy
M-020,Industrial Robot,42,61.0,1.258,4.92,399.72,17.47,1497.0,5367.7,Healthy
M-020,Industrial Robot,43,62.2,1.3,4.85,398.54,17.02,1505.1,5376.2,Healthy
M-020,Industrial Robot,44,61.77,1.498,4.73,401.28,16.96,1501.6,5384.7,Healthy
M-020,Industrial Robot,45,62.16,1.435,4.81,397.85,17.27,1489.5,5393.2,Healthy
M-020,Industrial Robot,46,62.13,1.255,4.8,395.89,17.36,1504.4,5401.7,Healthy
M-020,Industrial Robot,47,61.36,1.331,4.79,398.1,17.02,1503.6,5410.2,Healthy
M-020,Industrial Robot,48,62.64,1.134,4.94,395.72,17.24,1501.4,5418.7,Healthy
M-020,Industrial Robot,49,63.64,1.308,4.98,396.83,17.17,1486.1,5427.2,Healthy
M-020,Industrial Robot,50,63.64,1.652,4.83,399.41,17.34,1489.0,5435.7,Healthy
M-020,Industrial Robot,51,61.96,1.412,5.14,401.26,17.18,1506.4,5444.2,Healthy
M-020,Industrial Robot,52,63.42,1.653,4.8,401.91,17.05,1493.1,5452.7,Healthy
M-020,Industrial Robot,53,64.21,1.701,4.9,400.85,16.99,1512.1,5461.2,Healthy
M-020,Industrial Robot,54,63.26,1.732,5.09,397.75,17.84,1494.1,5469.7,Healthy
M-020,Industrial Robot,55,63.23,1.784,4.96,401.2,17.65,1481.5,5478.2,Healthy
M-020,Industrial Robot,56,65.39,1.904,4.79,399.86,18.06,1492.6,5486.7,Healthy
M-020,Industrial Robot,57,66.14,2.071,4.95,398.56,18.04,1498.1,5495.2,Healthy
M-020,Industrial Robot,58,66.41,2.075,5.0,399.94,17.51,1486.0,5503.7,Healthy
M-020,Industrial Robot,59,65.25,1.975,5.0,405.37,18.38,1488.5,5512.2,Healthy
M-020,Industrial Robot,60,65.71,2.206,4.92,401.1,17.82,1505.8,5520.7,Healthy
M-020,Industrial Robot,61,65.13,2.449,4.91,399.18,17.96,1484.0,5529.2,Healthy
M-020,Industrial Robot,62,66.72,2.685,5.06,398.39,17.7,1483.9,5537.7,Healthy
M-020,Industrial Robot,63,68.07,2.654,4.96,401.93,18.67,1483.5,5546.2,Healthy
M-020,Industrial Robot,64,69.12,2.785,4.81,402.07,18.53,1469.6,5554.7,Healthy
M-020,Industrial Robot,65,67.36,2.76,4.78,400.51,18.55,1481.3,5563.2,Healthy
M-020,Industrial Robot,66,70.62,3.096,4.97,399.74,18.66,1471.9,5571.7,Healthy
M-020,Industrial Robot,67,70.44,2.991,4.9,397.68,19.26,1476.4,5580.2,Healthy
M-020,Industrial Robot,68,72.82,3.136,4.84,399.28,18.71,1472.8,5588.7,Healthy
M-020,Industrial Robot,69,70.72,3.292,5.01,395.47,19.28,1461.8,5597.2,Healthy
M-020,Industrial Robot,70,72.3,3.602,4.67,398.74,19.24,1445.0,5605.7,Healthy
M-020,Industrial Robot,71,72.14,3.538,4.78,397.87,19.05,1457.0,5614.2,Healthy
M-020,Industrial Robot,72,72.64,3.847,4.89,401.37,19.1,1460.4,5622.7,Warning
M-020,Industrial Robot,73,75.5,3.668,4.74,401.73,19.68,1452.0,5631.2,Healthy
M-020,Industrial Robot,74,72.19,3.986,4.92,399.45,19.33,1451.7,5639.7,Warning
M-020,Industrial Robot,75,73.43,4.201,4.79,399.32,20.79,1442.7,5648.2,Warning
M-020,Industrial Robot,76,73.8,4.246,4.61,396.31,20.11,1448.0,5656.7,Warning
M-020,Industrial Robot,77,76.54,4.364,4.87,397.76,20.01,1437.2,5665.2,Warning
M-020,Industrial Robot,78,75.69,4.413,4.78,397.89,20.43,1445.5,5673.7,Warning
M-020,Industrial Robot,79,77.26,4.558,4.9,402.57,20.9,1431.7,5682.2,Warning
M-020,Industrial Robot,80,75.86,5.012,4.95,398.79,20.44,1441.1,5690.7,Warning
M-020,Industrial Robot,81,77.96,4.885,4.89,398.03,20.75,1430.8,5699.2,Warning
M-020,Industrial Robot,82,76.77,5.269,4.89,402.56,20.16,1422.4,5707.7,Warning
M-020,Industrial Robot,83,79.47,5.227,4.79,401.44,20.67,1441.0,5716.2,Warning
M-020,Industrial Robot,84,79.45,5.252,4.83,401.91,21.02,1436.5,5724.7,Warning
M-020,Industrial Robot,85,81.84,5.517,4.88,398.36,21.39,1438.1,5733.2,Warning
M-020,Industrial Robot,86,79.32,5.7,4.92,395.56,21.1,1417.8,5741.7,Warning
M-020,Industrial Robot,87,82.35,5.935,4.71,400.45,21.74,1425.2,5750.2,Warning
M-020,Industrial Robot,88,82.26,6.086,5.02,395.9,21.7,1415.7,5758.7,Critical
M-020,Industrial Robot,89,82.04,6.068,4.92,396.57,22.1,1412.0,5767.2,Critical
M-020,Industrial Robot,90,84.43,6.2,4.83,397.28,21.8,1405.8,5775.7,Critical
M-020,Industrial Robot,91,84.56,6.553,4.94,399.01,22.34,1409.1,5784.2,Critical
M-020,Industrial Robot,92,84.74,6.545,4.99,394.04,21.58,1414.7,5792.7,Critical
M-020,Industrial Robot,93,85.14,6.847,4.84,402.52,22.43,1407.3,5801.2,Critical
M-020,Industrial Robot,94,85.51,6.785,4.73,400.74,22.77,1401.5,5809.7,Critical
M-020,Industrial Robot,95,85.36,7.22,4.91,400.57,22.79,1389.2,5818.2,Critical
M-020,Industrial Robot,96,88.59,7.262,4.88,400.04,23.24,1400.2,5826.7,Critical
M-020,Industrial Robot,97,86.04,7.188,4.98,397.78,22.74,1395.0,5835.2,Critical
M-020,Industrial Robot,98,87.48,7.47,4.99,396.14,22.79,1376.2,5843.7,Critical
M-020,Industrial Robot,99,88.44,7.698,4.84,402.17,23.59,1385.9,5852.2,Critical
M-020,Industrial Robot,100,91.69,7.691,4.99,398.7,23.43,1388.0,5860.7,Critical
M-021,CNC Lathe,1,63.27,1.311,5.53,397.3,17.11,1469.6,5254.3,Healthy
M-021,CNC Lathe,2,64.59,1.463,5.53,398.6,17.09,1460.3,5262.8,Healthy
M-021,CNC Lathe,3,62.74,1.339,5.46,397.86,17.58,1478.1,5271.3,Healthy
M-021,CNC Lathe,4,65.5,1.296,5.38,396.86,16.71,1484.8,5279.8,Healthy
M-021,CNC Lathe,5,64.94,1.347,5.59,392.94,17.2,1461.8,5288.3,Healthy
M-021,CNC Lathe,6,63.98,1.247,5.53,397.44,17.46,1467.5,5296.8,Healthy
M-021,CNC Lathe,7,64.84,1.304,5.3,395.14,16.94,1481.2,5305.3,Healthy
M-021,CNC Lathe,8,64.55,1.145,5.45,401.02,17.03,1469.7,5313.8,Healthy
M-021,CNC Lathe,9,64.58,1.376,5.42,397.98,16.88,1478.0,5322.3,Healthy
M-021,CNC Lathe,10,64.2,1.343,5.39,395.34,17.32,1471.7,5330.8,Healthy
M-021,CNC Lathe,11,64.33,1.248,5.55,395.76,16.94,1478.6,5339.3,Healthy
M-021,CNC Lathe,12,65.4,1.222,5.66,397.61,16.63,1475.2,5347.8,Healthy
M-021,CNC Lathe,13,63.53,1.337,5.46,397.13,16.67,1480.2,5356.3,Healthy
M-021,CNC Lathe,14,62.61,1.152,5.5,400.19,16.87,1477.9,5364.8,Healthy
M-021,CNC Lathe,15,65.28,1.382,5.43,394.8,16.22,1470.2,5373.3,Healthy
M-021,CNC Lathe,16,65.41,1.15,5.53,395.08,17.03,1478.0,5381.8,Healthy
M-021,CNC Lathe,17,63.2,1.305,5.42,398.39,17.07,1472.7,5390.3,Healthy
M-021,CNC Lathe,18,65.86,1.364,5.39,396.81,16.96,1472.9,5398.8,Healthy
M-021,CNC Lathe,19,67.02,1.329,5.26,395.89,16.31,1469.7,5407.3,Healthy
M-021,CNC Lathe,20,61.67,1.192,5.31,397.62,17.04,1473.9,5415.8,Healthy
M-021,CNC Lathe,21,64.01,1.146,5.51,400.5,17.26,1466.8,5424.3,Healthy
M-021,CNC Lathe,22,62.53,1.224,5.51,398.57,17.29,1475.2,5432.8,Healthy
M-021,CNC Lathe,23,65.2,1.416,5.4,396.53,16.99,1467.4,5441.3,Healthy
M-021,CNC Lathe,24,64.87,1.58,5.33,396.87,17.91,1471.7,5449.8,Healthy
M-021,CNC Lathe,25,65.6,1.474,5.59,393.45,17.01,1463.8,5458.3,Healthy
M-021,CNC Lathe,26,62.15,1.578,5.59,394.45,17.48,1461.3,5466.8,Healthy
M-021,CNC Lathe,27,64.94,1.473,5.52,394.66,18.06,1463.5,5475.3,Healthy
M-021,CNC Lathe,28,64.3,1.646,5.33,394.5,18.19,1452.1,5483.8,Healthy
M-021,CNC Lathe,29,65.55,1.581,5.38,394.2,17.92,1451.4,5492.3,Healthy
M-021,CNC Lathe,30,68.1,1.454,5.56,393.21,17.73,1454.5,5500.8,Healthy
M-021,CNC Lathe,31,66.28,1.688,5.62,399.53,18.33,1446.1,5509.3,Healthy
M-021,CNC Lathe,32,66.2,1.577,5.56,390.68,19.21,1456.0,5517.8,Healthy
M-021,CNC Lathe,33,63.81,1.557,5.54,395.25,18.08,1452.5,5526.3,Healthy
M-021,CNC Lathe,34,63.67,1.665,5.57,391.41,18.14,1445.5,5534.8,Healthy
M-021,CNC Lathe,35,65.45,1.785,5.37,390.58,18.11,1443.3,5543.3,Healthy
M-021,CNC Lathe,36,66.16,1.602,5.48,393.78,18.89,1441.6,5551.8,Healthy
M-021,CNC Lathe,37,66.87,1.636,5.67,390.38,19.34,1443.1,5560.3,Healthy
M-021,CNC Lathe,38,66.56,1.889,5.49,388.07,19.15,1429.4,5568.8,Healthy
M-021,CNC Lathe,39,66.36,1.696,5.58,393.69,19.77,1441.9,5577.3,Healthy
M-021,CNC Lathe,40,66.69,1.814,5.39,391.35,19.66,1428.4,5585.8,Healthy
M-021,CNC Lathe,41,68.85,1.976,5.38,388.27,19.99,1434.7,5594.3,Healthy
M-021,CNC Lathe,42,68.16,2.194,5.63,390.08,19.62,1413.2,5602.8,Healthy
M-021,CNC Lathe,43,67.23,2.095,5.65,389.59,20.49,1418.9,5611.3,Healthy
M-021,CNC Lathe,44,68.64,2.143,5.27,387.48,20.58,1420.3,5619.8,Healthy
M-021,CNC Lathe,45,66.67,1.792,5.43,387.71,20.11,1416.4,5628.3,Healthy
M-021,CNC Lathe,46,68.92,2.204,5.23,384.76,20.48,1416.9,5636.8,Healthy
M-021,CNC Lathe,47,69.1,2.221,5.42,386.27,20.51,1415.6,5645.3,Healthy
M-021,CNC Lathe,48,67.62,2.308,5.48,386.37,20.71,1395.7,5653.8,Healthy
M-021,CNC Lathe,49,68.16,2.207,5.23,385.59,21.44,1408.1,5662.3,Warning
M-021,CNC Lathe,50,68.56,2.295,5.41,385.8,21.83,1408.3,5670.8,Warning
M-021,CNC Lathe,51,70.0,2.272,5.54,381.65,21.39,1402.2,5679.3,Warning
M-021,CNC Lathe,52,70.48,2.454,5.49,384.14,21.85,1386.9,5687.8,Warning
M-021,CNC Lathe,53,68.8,2.424,5.48,380.39,22.0,1397.6,5696.3,Warning
M-021,CNC Lathe,54,69.95,2.745,5.39,382.82,21.89,1387.7,5704.8,Warning
M-021,CNC Lathe,55,69.87,2.336,5.41,382.85,22.65,1402.8,5713.3,Warning
M-021,CNC Lathe,56,72.1,2.456,5.39,382.22,23.03,1380.7,5721.8,Warning
M-021,CNC Lathe,57,69.13,2.533,5.54,383.41,22.53,1384.3,5730.3,Warning
M-021,CNC Lathe,58,68.23,2.651,5.55,379.85,22.5,1360.7,5738.8,Warning
M-021,CNC Lathe,59,73.09,2.597,5.49,382.2,23.51,1371.2,5747.3,Warning
M-021,CNC Lathe,60,70.77,2.75,5.59,380.13,22.85,1356.8,5755.8,Warning
M-021,CNC Lathe,61,70.19,2.879,5.43,378.73,23.13,1366.5,5764.3,Warning
M-021,CNC Lathe,62,71.61,2.788,5.6,382.5,23.01,1365.2,5772.8,Warning
M-021,CNC Lathe,63,71.2,2.838,5.49,378.46,23.86,1364.6,5781.3,Warning
M-021,CNC Lathe,64,72.73,2.837,5.4,375.47,23.68,1371.6,5789.8,Warning
M-021,CNC Lathe,65,71.67,2.819,5.5,377.59,24.11,1363.8,5798.3,Warning
M-021,CNC Lathe,66,73.52,2.946,5.42,376.26,24.69,1346.6,5806.8,Warning
M-021,CNC Lathe,67,70.96,3.052,5.31,381.09,24.25,1344.4,5815.3,Warning
M-021,CNC Lathe,68,73.67,3.071,5.43,377.01,25.33,1348.4,5823.8,Warning
M-021,CNC Lathe,69,75.38,3.029,5.49,375.93,25.13,1349.8,5832.3,Warning
M-021,CNC Lathe,70,73.59,3.154,5.52,371.5,25.13,1334.2,5840.8,Critical
M-021,CNC Lathe,71,73.01,3.379,5.36,374.23,25.52,1342.6,5849.3,Critical
M-021,CNC Lathe,72,74.35,3.414,5.53,374.18,25.25,1316.8,5857.8,Critical
M-021,CNC Lathe,73,74.75,3.286,5.56,374.86,25.78,1315.5,5866.3,Critical
M-021,CNC Lathe,74,75.49,3.279,5.39,370.84,26.01,1330.5,5874.8,Critical
M-021,CNC Lathe,75,75.13,3.398,5.31,373.33,26.0,1318.5,5883.3,Critical
M-021,CNC Lathe,76,74.97,3.602,5.45,371.53,26.66,1330.8,5891.8,Critical
M-021,CNC Lathe,77,76.72,3.541,5.46,370.02,26.38,1305.9,5900.3,Critical
M-021,CNC Lathe,78,74.99,3.681,5.36,373.15,27.19,1306.9,5908.8,Critical
M-021,CNC Lathe,79,76.18,3.587,5.49,372.08,26.9,1290.8,5917.3,Critical
M-021,CNC Lathe,80,77.29,3.744,5.35,367.85,27.07,1293.6,5925.8,Critical
M-021,CNC Lathe,81,76.32,3.725,5.4,367.21,27.51,1297.0,5934.3,Critical
M-021,CNC Lathe,82,76.6,3.948,5.51,364.95,27.99,1296.8,5942.8,Critical
M-021,CNC Lathe,83,76.72,3.682,5.46,367.52,27.64,1276.6,5951.3,Critical
M-021,CNC Lathe,84,77.41,3.886,5.42,366.76,27.87,1281.0,5959.8,Critical
M-021,CNC Lathe,85,78.43,3.925,5.3,365.38,28.11,1282.9,5968.3,Critical
M-021,CNC Lathe,86,78.44,3.821,5.54,363.5,29.26,1276.6,5976.8,Critical
M-021,CNC Lathe,87,76.84,3.936,5.5,364.33,28.91,1286.0,5985.3,Critical
M-021,CNC Lathe,88,77.77,4.133,5.61,365.05,28.61,1273.4,5993.8,Critical
M-021,CNC Lathe,89,77.49,4.349,5.38,369.83,29.91,1259.1,6002.3,Critical
M-021,CNC Lathe,90,79.18,4.324,5.54,364.16,30.07,1260.7,6010.8,Critical
M-021,CNC Lathe,91,79.0,4.246,5.55,363.39,29.96,1264.1,6019.3,Critical
M-021,CNC Lathe,92,77.26,4.379,5.49,365.38,29.56,1266.4,6027.8,Critical
M-021,CNC Lathe,93,80.09,4.455,5.63,362.54,30.47,1251.9,6036.3,Critical
M-021,CNC Lathe,94,79.7,4.448,5.39,360.7,29.75,1249.5,6044.8,Critical
M-021,CNC Lathe,95,80.42,4.466,5.49,357.29,31.47,1241.3,6053.3,Critical
M-021,CNC Lathe,96,80.67,4.446,5.47,362.3,31.4,1245.1,6061.8,Critical
M-021,CNC Lathe,97,81.79,4.574,5.32,358.49,31.19,1242.7,6070.3,Critical
M-021,CNC Lathe,98,81.79,4.866,5.58,357.35,30.88,1241.4,6078.8,Critical
M-021,CNC Lathe,99,83.34,4.565,5.61,358.38,31.81,1239.2,6087.3,Critical
M-021,CNC Lathe,100,83.61,4.863,5.51,358.21,31.85,1221.8,6095.8,Critical
M-022,Induction Motor,1,60.32,1.171,4.61,395.89,12.21,1496.8,1063.4,Healthy
M-022,Induction Motor,2,57.81,1.409,4.69,396.62,12.68,1499.8,1071.9,Healthy
M-022,Induction Motor,3,60.29,1.385,4.69,392.48,12.01,1510.9,1080.4,Healthy
M-022,Induction Motor,4,56.76,1.349,4.74,395.44,12.18,1499.2,1088.9,Healthy
M-022,Induction Motor,5,59.29,1.37,4.55,397.85,12.82,1497.1,1097.4,Healthy
M-022,Induction Motor,6,58.05,1.303,4.6,396.64,11.97,1492.0,1105.9,Healthy
M-022,Induction Motor,7,60.33,1.479,4.56,392.96,13.47,1504.5,1114.4,Healthy
M-022,Induction Motor,8,59.39,1.47,4.61,397.37,12.38,1498.9,1122.9,Healthy
M-022,Induction Motor,9,59.58,1.192,4.82,393.75,11.84,1496.5,1131.4,Healthy
M-022,Induction Motor,10,58.56,1.36,4.69,397.62,12.61,1495.8,1139.9,Healthy
M-022,Induction Motor,11,59.77,1.415,4.45,396.77,11.81,1514.5,1148.4,Healthy
M-022,Induction Motor,12,59.23,1.344,4.54,394.37,13.12,1505.7,1156.9,Healthy
M-022,Induction Motor,13,57.85,1.547,4.74,395.07,12.43,1498.1,1165.4,Healthy
M-022,Induction Motor,14,62.08,1.271,4.64,394.77,11.82,1515.7,1173.9,Healthy
M-022,Induction Motor,15,58.3,1.393,4.45,394.83,12.47,1491.6,1182.4,Healthy
M-022,Induction Motor,16,60.42,1.334,4.74,398.35,12.11,1498.8,1190.9,Healthy
M-022,Induction Motor,17,59.93,1.44,4.62,396.01,12.24,1499.1,1199.4,Healthy
M-022,Induction Motor,18,61.27,1.444,4.69,397.08,12.27,1500.7,1207.9,Healthy
M-022,Induction Motor,19,58.41,1.518,4.34,395.46,12.72,1487.3,1216.4,Healthy
M-022,Induction Motor,20,60.19,1.284,4.58,397.52,12.39,1481.9,1224.9,Healthy
M-022,Induction Motor,21,58.54,1.483,4.67,399.13,12.91,1495.5,1233.4,Healthy
M-022,Induction Motor,22,62.72,1.369,4.53,394.36,11.53,1511.1,1241.9,Healthy
M-022,Induction Motor,23,61.63,1.244,4.6,395.82,11.98,1484.2,1250.4,Healthy
M-022,Induction Motor,24,59.46,1.328,4.58,396.08,12.82,1495.8,1258.9,Healthy
M-022,Induction Motor,25,59.92,1.453,4.68,394.4,12.35,1502.6,1267.4,Healthy
M-022,Induction Motor,26,58.36,1.518,4.76,394.19,12.39,1503.3,1275.9,Healthy
M-022,Induction Motor,27,59.06,1.424,4.64,392.69,12.48,1489.4,1284.4,Healthy
M-022,Induction Motor,28,60.84,1.286,4.61,398.38,12.49,1489.6,1292.9,Healthy
M-022,Induction Motor,29,58.5,1.294,4.66,396.35,12.03,1488.9,1301.4,Healthy
M-022,Induction Motor,30,60.05,1.344,4.84,395.7,12.96,1488.8,1309.9,Healthy
M-022,Induction Motor,31,57.83,1.232,4.74,399.14,12.05,1494.5,1318.4,Healthy
M-022,Induction Motor,32,58.31,1.149,4.69,396.08,12.32,1487.0,1326.9,Healthy
M-022,Induction Motor,33,61.68,1.306,4.67,392.72,12.25,1500.5,1335.4,Healthy
M-022,Induction Motor,34,60.11,1.385,4.67,393.37,12.39,1499.1,1343.9,Healthy
M-022,Induction Motor,35,59.99,1.375,4.49,393.0,11.55,1504.7,1352.4,Healthy
M-022,Induction Motor,36,60.71,1.467,4.65,391.36,11.96,1499.6,1360.9,Healthy
M-022,Induction Motor,37,59.88,1.339,4.66,395.65,12.36,1493.1,1369.4,Healthy
M-022,Induction Motor,38,60.89,1.314,4.49,394.09,12.2,1506.1,1377.9,Healthy
M-022,Induction Motor,39,59.66,1.344,4.5,397.2,12.09,1497.4,1386.4,Healthy
M-022,Induction Motor,40,61.49,1.427,4.46,392.09,12.3,1488.5,1394.9,Healthy
M-022,Induction Motor,41,60.49,1.371,4.64,394.22,12.93,1520.9,1403.4,Healthy
M-022,Induction Motor,42,59.38,1.408,4.63,395.11,12.03,1489.5,1411.9,Healthy
M-022,Induction Motor,43,58.35,1.415,4.57,390.47,12.48,1497.9,1420.4,Healthy
M-022,Induction Motor,44,61.33,1.411,4.47,391.17,12.07,1493.2,1428.9,Healthy
M-022,Induction Motor,45,60.85,1.365,4.73,392.98,12.66,1504.0,1437.4,Healthy
M-022,Induction Motor,46,57.29,1.525,4.63,396.41,12.02,1508.4,1445.9,Healthy
M-022,Induction Motor,47,58.29,1.466,4.7,393.68,13.01,1500.0,1454.4,Healthy
M-022,Induction Motor,48,60.5,1.183,4.83,393.18,12.68,1490.2,1462.9,Healthy
M-022,Induction Motor,49,58.97,1.461,4.72,393.09,12.7,1506.6,1471.4,Healthy
M-022,Induction Motor,50,58.59,1.558,4.48,394.38,12.49,1491.4,1479.9,Healthy
M-022,Induction Motor,51,60.03,1.395,4.6,397.3,12.24,1500.0,1488.4,Healthy
M-022,Induction Motor,52,61.09,1.461,4.7,393.33,12.5,1491.2,1496.9,Healthy
M-022,Induction Motor,53,58.18,1.358,4.53,397.21,12.61,1483.0,1505.4,Healthy
M-022,Induction Motor,54,58.72,1.191,4.58,396.54,12.24,1493.5,1513.9,Healthy
M-022,Induction Motor,55,61.27,1.09,4.75,394.54,12.29,1494.0,1522.4,Healthy
M-022,Induction Motor,56,61.57,1.218,4.62,396.69,11.76,1490.8,1530.9,Healthy
M-022,Induction Motor,57,59.54,1.26,4.54,394.93,12.55,1495.5,1539.4,Healthy
M-022,Induction Motor,58,61.01,1.246,4.5,399.48,12.09,1487.7,1547.9,Healthy
M-022,Induction Motor,59,57.62,1.495,4.59,395.12,12.26,1506.3,1556.4,Healthy
M-022,Induction Motor,60,59.5,1.647,4.63,397.75,12.6,1497.9,1564.9,Healthy
M-022,Induction Motor,61,59.01,1.406,4.67,394.49,12.38,1508.1,1573.4,Healthy
M-022,Induction Motor,62,62.2,1.469,4.81,394.37,12.57,1508.9,1581.9,Healthy
M-022,Induction Motor,63,58.64,1.308,4.8,393.68,11.85,1510.4,1590.4,Healthy
M-022,Induction Motor,64,61.15,1.418,4.62,394.75,12.42,1510.8,1598.9,Healthy
M-022,Induction Motor,65,60.0,1.626,4.53,395.59,12.19,1489.5,1607.4,Healthy
M-022,Induction Motor,66,59.53,1.416,4.67,399.97,12.48,1507.4,1615.9,Healthy
M-022,Induction Motor,67,59.79,1.567,4.86,396.69,11.97,1493.8,1624.4,Healthy
M-022,Induction Motor,68,60.05,1.421,4.69,396.55,12.32,1493.1,1632.9,Healthy
M-022,Induction Motor,69,60.2,1.589,4.72,396.7,12.68,1495.2,1641.4,Healthy
M-022,Induction Motor,70,59.1,1.276,4.61,394.79,12.74,1494.4,1649.9,Healthy
M-022,Induction Motor,71,58.75,1.599,4.58,395.94,12.48,1489.1,1658.4,Healthy
M-022,Induction Motor,72,61.2,1.443,4.78,394.27,12.35,1498.5,1666.9,Healthy
M-022,Induction Motor,73,60.03,1.192,4.63,392.78,12.45,1481.2,1675.4,Healthy
M-022,Induction Motor,74,57.49,1.464,4.57,393.65,12.77,1500.8,1683.9,Healthy
M-022,Induction Motor,75,60.76,1.346,4.89,394.42,12.93,1497.7,1692.4,Healthy
M-022,Induction Motor,76,57.73,1.424,4.65,393.53,12.0,1498.0,1700.9,Healthy
M-022,Induction Motor,77,60.13,1.07,4.73,394.64,11.85,1505.7,1709.4,Healthy
M-022,Induction Motor,78,59.69,1.512,4.67,395.63,12.27,1502.1,1717.9,Healthy
M-022,Induction Motor,79,59.22,1.264,4.68,395.34,12.33,1506.9,1726.4,Healthy
M-022,Induction Motor,80,59.58,1.368,4.56,396.49,12.44,1505.4,1734.9,Healthy
M-022,Induction Motor,81,59.02,1.311,4.7,396.14,12.0,1508.6,1743.4,Healthy
M-022,Induction Motor,82,57.68,1.46,4.49,399.4,11.78,1507.4,1751.9,Healthy
M-022,Induction Motor,83,59.62,1.322,4.64,396.89,12.0,1491.7,1760.4,Healthy
M-022,Induction Motor,84,60.49,1.161,4.56,401.71,11.98,1507.4,1768.9,Healthy
M-022,Induction Motor,85,59.01,1.427,4.69,397.89,12.25,1514.1,1777.4,Healthy
M-022,Induction Motor,86,59.01,1.394,4.65,393.39,12.22,1499.5,1785.9,Healthy
M-022,Induction Motor,87,59.2,1.659,4.54,397.99,12.62,1498.1,1794.4,Healthy
M-022,Induction Motor,88,58.68,1.274,4.57,392.06,11.97,1486.3,1802.9,Healthy
M-022,Induction Motor,89,61.33,1.44,4.7,396.81,12.38,1509.9,1811.4,Healthy
M-022,Induction Motor,90,58.98,1.379,4.7,392.99,13.4,1498.4,1819.9,Healthy
M-022,Induction Motor,91,59.88,1.517,4.71,395.71,12.37,1486.2,1828.4,Healthy
M-022,Induction Motor,92,59.05,1.428,4.67,398.07,12.28,1487.1,1836.9,Healthy
M-022,Induction Motor,93,60.98,1.538,4.71,395.3,12.69,1525.6,1845.4,Healthy
M-022,Induction Motor,94,59.85,1.209,4.56,396.88,11.76,1499.6,1853.9,Healthy
M-022,Induction Motor,95,60.17,1.55,4.75,397.36,11.56,1505.6,1862.4,Healthy
M-022,Induction Motor,96,60.56,1.397,4.45,394.08,11.91,1482.1,1870.9,Healthy
M-022,Induction Motor,97,59.71,1.27,4.88,395.29,12.77,1485.6,1879.4,Healthy
M-022,Induction Motor,98,59.08,1.378,4.53,394.79,12.24,1496.3,1887.9,Healthy
M-022,Induction Motor,99,61.94,1.412,4.67,396.71,12.53,1497.5,1896.4,Healthy
M-022,Induction Motor,100,59.33,1.386,4.74,397.88,12.24,1504.3,1904.9,Healthy
M-023,Hydraulic Pump,1,62.64,1.09,4.85,389.72,15.9,1516.8,2056.8,Healthy
M-023,Hydraulic Pump,2,62.68,1.164,4.88,392.78,15.22,1499.1,2065.3,Healthy
M-023,Hydraulic Pump,3,62.35,1.225,4.86,391.87,15.39,1518.0,2073.8,Healthy
M-023,Hydraulic Pump,4,63.82,1.287,4.71,393.62,15.42,1505.2,2082.3,Healthy
M-023,Hydraulic Pump,5,62.64,1.224,4.79,387.75,14.74,1500.0,2090.8,Healthy
M-023,Hydraulic Pump,6,60.24,1.082,4.95,392.22,14.79,1501.7,2099.3,Healthy
M-023,Hydraulic Pump,7,64.08,1.36,4.84,393.59,14.86,1509.0,2107.8,Healthy
M-023,Hydraulic Pump,8,60.83,1.172,4.83,387.87,15.34,1513.3,2116.3,Healthy
M-023,Hydraulic Pump,9,63.82,1.496,4.87,391.12,14.57,1510.4,2124.8,Healthy
M-023,Hydraulic Pump,10,63.28,1.053,4.81,391.27,15.32,1514.1,2133.3,Healthy
M-023,Hydraulic Pump,11,61.96,1.24,4.89,390.88,14.98,1512.9,2141.8,Healthy
M-023,Hydraulic Pump,12,62.39,1.072,4.97,389.07,15.1,1509.8,2150.3,Healthy
M-023,Hydraulic Pump,13,63.15,1.236,4.54,389.84,15.23,1506.3,2158.8,Healthy
M-023,Hydraulic Pump,14,63.22,1.338,4.88,389.79,14.94,1520.3,2167.3,Healthy
M-023,Hydraulic Pump,15,62.39,1.204,4.88,393.72,14.82,1503.3,2175.8,Healthy
M-023,Hydraulic Pump,16,60.68,1.18,4.89,390.52,15.75,1508.2,2184.3,Healthy
M-023,Hydraulic Pump,17,62.48,1.174,4.7,391.06,15.26,1506.3,2192.8,Healthy
M-023,Hydraulic Pump,18,62.88,1.135,4.71,391.03,15.21,1505.9,2201.3,Healthy
M-023,Hydraulic Pump,19,62.85,1.309,4.91,392.96,15.48,1511.2,2209.8,Healthy
M-023,Hydraulic Pump,20,63.03,1.449,4.91,389.55,14.48,1505.3,2218.3,Healthy
M-023,Hydraulic Pump,21,63.35,1.331,4.71,392.7,15.53,1512.1,2226.8,Healthy
M-023,Hydraulic Pump,22,63.1,1.2,4.79,392.82,15.34,1504.6,2235.3,Healthy
M-023,Hydraulic Pump,23,65.65,1.035,4.81,389.7,15.27,1491.6,2243.8,Healthy
M-023,Hydraulic Pump,24,64.13,1.336,4.86,390.62,15.38,1509.9,2252.3,Healthy
M-023,Hydraulic Pump,25,63.75,1.201,4.81,393.4,15.35,1505.8,2260.8,Healthy
M-023,Hydraulic Pump,26,63.05,1.238,4.88,393.78,15.01,1502.1,2269.3,Healthy
M-023,Hydraulic Pump,27,62.93,1.151,4.74,393.23,15.03,1492.3,2277.8,Healthy
M-023,Hydraulic Pump,28,63.62,1.163,4.89,393.41,15.2,1490.9,2286.3,Healthy
M-023,Hydraulic Pump,29,60.25,1.135,4.83,393.65,15.23,1528.2,2294.8,Healthy
M-023,Hydraulic Pump,30,60.81,1.23,4.79,391.71,15.74,1521.7,2303.3,Healthy
M-023,Hydraulic Pump,31,62.67,1.319,4.85,389.09,15.14,1503.2,2311.8,Healthy
M-023,Hydraulic Pump,32,62.53,1.114,4.85,391.86,15.38,1509.7,2320.3,Healthy
M-023,Hydraulic Pump,33,64.57,1.479,4.79,393.19,15.87,1515.2,2328.8,Healthy
M-023,Hydraulic Pump,34,63.46,0.997,4.78,390.42,15.62,1501.4,2337.3,Healthy
M-023,Hydraulic Pump,35,62.5,1.317,4.75,391.8,15.18,1514.2,2345.8,Healthy
M-023,Hydraulic Pump,36,63.39,1.291,4.85,387.89,15.18,1507.7,2354.3,Healthy
M-023,Hydraulic Pump,37,63.52,1.165,4.84,391.39,14.88,1498.0,2362.8,Healthy
M-023,Hydraulic Pump,38,63.06,1.337,4.77,390.81,15.42,1514.6,2371.3,Healthy
M-023,Hydraulic Pump,39,63.01,1.296,4.89,392.67,14.79,1522.0,2379.8,Healthy
M-023,Hydraulic Pump,40,63.26,1.378,4.76,390.87,15.34,1491.4,2388.3,Healthy
M-023,Hydraulic Pump,41,62.07,1.256,4.7,391.46,15.23,1516.3,2396.8,Healthy
M-023,Hydraulic Pump,42,62.05,1.428,4.74,387.81,15.52,1509.2,2405.3,Healthy
M-023,Hydraulic Pump,43,64.33,1.304,4.84,392.44,15.71,1507.7,2413.8,Healthy
M-023,Hydraulic Pump,44,65.11,1.656,4.84,392.24,15.79,1504.6,2422.3,Healthy
M-023,Hydraulic Pump,45,65.69,1.702,4.77,388.63,15.52,1490.7,2430.8,Healthy
M-023,Hydraulic Pump,46,64.66,1.669,4.96,392.25,15.93,1494.9,2439.3,Healthy
M-023,Hydraulic Pump,47,66.72,1.852,4.87,387.63,16.07,1511.6,2447.8,Healthy
M-023,Hydraulic Pump,48,65.23,1.826,4.78,387.98,15.54,1509.3,2456.3,Healthy
M-023,Hydraulic Pump,49,66.86,1.81,4.77,395.52,15.46,1488.8,2464.8,Healthy
M-023,Hydraulic Pump,50,65.4,1.822,4.78,390.2,15.58,1503.7,2473.3,Healthy
M-023,Hydraulic Pump,51,64.88,2.052,4.74,390.82,15.66,1492.1,2481.8,Healthy
M-023,Hydraulic Pump,52,67.04,2.323,4.77,394.48,15.79,1488.0,2490.3,Healthy
M-023,Hydraulic Pump,53,69.15,2.592,5.0,390.8,16.34,1493.7,2498.8,Healthy
M-023,Hydraulic Pump,54,67.83,2.212,4.86,390.23,15.91,1484.1,2507.3,Healthy
M-023,Hydraulic Pump,55,68.19,2.545,4.81,391.09,16.62,1485.5,2515.8,Healthy
M-023,Hydraulic Pump,56,68.67,2.527,4.85,389.09,16.48,1494.6,2524.3,Healthy
M-023,Hydraulic Pump,57,68.82,2.513,4.98,392.69,16.8,1487.4,2532.8,Healthy
M-023,Hydraulic Pump,58,67.68,2.787,4.97,390.28,15.95,1482.6,2541.3,Healthy
M-023,Hydraulic Pump,59,69.5,2.621,4.89,392.31,16.21,1493.0,2549.8,Healthy
M-023,Hydraulic Pump,60,70.79,2.679,4.91,392.82,17.32,1471.0,2558.3,Healthy
M-023,Hydraulic Pump,61,71.32,2.978,4.78,389.51,16.26,1478.5,2566.8,Healthy
M-023,Hydraulic Pump,62,70.43,2.781,4.84,393.56,16.57,1466.6,2575.3,Healthy
M-023,Hydraulic Pump,63,71.73,2.905,4.78,391.94,16.93,1460.0,2583.8,Healthy
M-023,Hydraulic Pump,64,70.15,3.123,4.77,393.36,18.06,1468.7,2592.3,Healthy
M-023,Hydraulic Pump,65,73.03,3.309,4.62,394.95,17.13,1472.2,2600.8,Healthy
M-023,Hydraulic Pump,66,72.76,3.648,4.93,391.8,17.58,1474.2,2609.3,Healthy
M-023,Hydraulic Pump,67,72.54,3.823,4.76,391.4,17.77,1449.5,2617.8,Warning
M-023,Hydraulic Pump,68,75.16,3.803,5.16,395.41,17.66,1474.8,2626.3,Warning
M-023,Hydraulic Pump,69,74.99,3.883,4.67,388.4,17.77,1454.5,2634.8,Warning
M-023,Hydraulic Pump,70,74.72,4.132,4.92,389.85,18.21,1449.1,2643.3,Warning
M-023,Hydraulic Pump,71,73.57,4.125,4.75,389.96,18.34,1459.6,2651.8,Warning
M-023,Hydraulic Pump,72,74.98,3.997,4.76,395.13,18.45,1463.7,2660.3,Warning
M-023,Hydraulic Pump,73,76.23,4.265,4.92,393.81,18.05,1444.5,2668.8,Warning
M-023,Hydraulic Pump,74,74.59,4.333,4.9,390.05,18.66,1463.8,2677.3,Warning
M-023,Hydraulic Pump,75,76.95,4.536,4.89,390.1,18.23,1440.9,2685.8,Warning
M-023,Hydraulic Pump,76,76.05,4.764,4.78,393.47,18.76,1443.5,2694.3,Warning
M-023,Hydraulic Pump,77,78.9,4.66,4.75,392.67,17.92,1441.7,2702.8,Warning
M-023,Hydraulic Pump,78,79.15,5.05,4.98,390.98,19.08,1432.9,2711.3,Warning
M-023,Hydraulic Pump,79,78.43,5.177,4.83,391.56,18.57,1440.5,2719.8,Warning
M-023,Hydraulic Pump,80,80.38,5.22,4.71,393.24,18.7,1434.7,2728.3,Warning
M-023,Hydraulic Pump,81,78.06,5.234,4.73,390.35,19.19,1439.3,2736.8,Warning
M-023,Hydraulic Pump,82,81.48,5.097,4.9,391.66,19.1,1423.3,2745.3,Warning
M-023,Hydraulic Pump,83,80.99,5.529,4.87,390.85,18.53,1424.1,2753.8,Warning
M-023,Hydraulic Pump,84,80.18,5.872,4.84,392.73,19.76,1428.3,2762.3,Warning
M-023,Hydraulic Pump,85,81.64,5.685,4.63,391.53,19.77,1423.1,2770.8,Warning
M-023,Hydraulic Pump,86,82.85,5.731,4.8,389.95,20.02,1421.5,2779.3,Warning
M-023,Hydraulic Pump,87,82.46,5.984,4.73,390.59,20.12,1408.2,2787.8,Warning
M-023,Hydraulic Pump,88,83.7,6.04,4.7,394.98,20.48,1411.7,2796.3,Critical
M-023,Hydraulic Pump,89,83.98,6.016,4.67,388.99,20.16,1413.2,2804.8,Critical
M-023,Hydraulic Pump,90,85.28,6.469,4.86,389.08,20.42,1416.8,2813.3,Critical
M-023,Hydraulic Pump,91,84.93,6.295,4.95,391.42,19.46,1425.9,2821.8,Critical
M-023,Hydraulic Pump,92,85.43,6.94,4.87,390.84,20.63,1401.3,2830.3,Critical
M-023,Hydraulic Pump,93,86.64,7.02,4.74,392.31,20.44,1403.2,2838.8,Critical
M-023,Hydraulic Pump,94,89.51,6.973,4.91,391.39,21.77,1394.5,2847.3,Critical
M-023,Hydraulic Pump,95,85.81,7.245,4.79,392.07,21.56,1403.0,2855.8,Critical
M-023,Hydraulic Pump,96,90.96,7.192,4.76,386.54,21.2,1379.3,2864.3,Critical
M-023,Hydraulic Pump,97,89.25,7.485,4.83,391.63,21.55,1400.1,2872.8,Critical
M-023,Hydraulic Pump,98,90.83,7.442,4.61,393.6,21.28,1385.2,2881.3,Critical
M-023,Hydraulic Pump,99,90.42,7.602,4.76,388.67,21.66,1382.9,2889.8,Critical
M-023,Hydraulic Pump,100,90.74,7.761,4.93,395.48,21.71,1383.8,2898.3,Critical
M-024,Centrifugal Compressor,1,62.71,1.964,5.43,404.71,16.71,1518.6,7933.0,Healthy
M-024,Centrifugal Compressor,2,63.54,2.005,5.44,407.05,17.03,1517.3,7941.5,Healthy
M-024,Centrifugal Compressor,3,63.55,2.009,5.66,405.55,17.08,1511.0,7950.0,Healthy
M-024,Centrifugal Compressor,4,63.28,2.1,5.45,403.98,16.82,1511.0,7958.5,Healthy
M-024,Centrifugal Compressor,5,63.81,1.955,5.43,405.62,17.33,1523.8,7967.0,Healthy
M-024,Centrifugal Compressor,6,64.47,1.967,5.36,405.67,17.09,1517.9,7975.5,Healthy
M-024,Centrifugal Compressor,7,61.93,1.975,5.52,406.5,16.7,1514.7,7984.0,Healthy
M-024,Centrifugal Compressor,8,63.9,1.933,5.4,405.9,16.25,1513.2,7992.5,Healthy
M-024,Centrifugal Compressor,9,65.57,1.96,5.41,401.52,16.64,1506.3,8001.0,Healthy
M-024,Centrifugal Compressor,10,62.4,2.111,5.29,406.16,16.41,1504.2,8009.5,Healthy
M-024,Centrifugal Compressor,11,64.01,1.945,5.36,404.54,16.76,1515.2,8018.0,Healthy
M-024,Centrifugal Compressor,12,62.63,1.975,5.37,406.27,16.73,1523.9,8026.5,Healthy
M-024,Centrifugal Compressor,13,63.74,2.193,5.53,406.05,16.98,1517.6,8035.0,Healthy
M-024,Centrifugal Compressor,14,64.42,1.849,5.37,406.5,16.88,1514.8,8043.5,Healthy
M-024,Centrifugal Compressor,15,60.83,2.039,5.48,405.05,16.72,1530.2,8052.0,Healthy
M-024,Centrifugal Compressor,16,62.6,2.041,5.42,406.15,16.73,1518.0,8060.5,Healthy
M-024,Centrifugal Compressor,17,61.4,2.045,5.28,405.79,16.9,1513.8,8069.0,Healthy
M-024,Centrifugal Compressor,18,61.69,2.008,5.58,408.58,16.5,1510.5,8077.5,Healthy
M-024,Centrifugal Compressor,19,62.7,2.209,5.22,404.57,16.83,1517.3,8086.0,Healthy
M-024,Centrifugal Compressor,20,62.31,2.03,5.43,404.86,16.31,1513.4,8094.5,Healthy
M-024,Centrifugal Compressor,21,63.05,1.805,5.44,407.63,16.56,1512.2,8103.0,Healthy
M-024,Centrifugal Compressor,22,61.94,2.042,5.34,408.57,16.73,1497.7,8111.5,Healthy
M-024,Centrifugal Compressor,23,63.51,2.266,5.45,408.06,16.92,1522.8,8120.0,Healthy
M-024,Centrifugal Compressor,24,63.96,2.174,5.43,402.25,16.3,1506.3,8128.5,Healthy
M-024,Centrifugal Compressor,25,59.8,2.008,5.54,402.81,16.94,1519.1,8137.0,Healthy
M-024,Centrifugal Compressor,26,63.1,2.202,5.39,408.72,16.62,1517.6,8145.5,Healthy
M-024,Centrifugal Compressor,27,62.66,1.949,5.26,406.83,17.16,1516.9,8154.0,Healthy
M-024,Centrifugal Compressor,28,63.44,1.873,5.44,401.52,16.27,1525.6,8162.5,Healthy
M-024,Centrifugal Compressor,29,62.84,2.073,5.45,407.28,16.59,1517.2,8171.0,Healthy
M-024,Centrifugal Compressor,30,62.74,1.876,5.36,406.51,16.55,1511.9,8179.5,Healthy
M-024,Centrifugal Compressor,31,63.77,2.079,5.43,402.43,16.84,1506.0,8188.0,Healthy
M-024,Centrifugal Compressor,32,62.8,1.932,5.49,409.34,16.63,1513.6,8196.5,Healthy
M-024,Centrifugal Compressor,33,64.06,2.129,5.39,406.42,17.4,1509.5,8205.0,Healthy
M-024,Centrifugal Compressor,34,62.12,2.155,5.61,406.03,16.09,1518.0,8213.5,Healthy
M-024,Centrifugal Compressor,35,62.2,2.117,5.26,402.73,16.58,1528.1,8222.0,Healthy
M-024,Centrifugal Compressor,36,61.18,2.021,5.25,406.26,16.76,1503.5,8230.5,Healthy
M-024,Centrifugal Compressor,37,64.37,1.829,5.56,408.43,16.79,1522.1,8239.0,Healthy
M-024,Centrifugal Compressor,38,62.61,1.875,5.42,402.54,16.68,1505.0,8247.5,Healthy
M-024,Centrifugal Compressor,39,64.0,2.106,5.47,406.36,17.34,1523.1,8256.0,Healthy
M-024,Centrifugal Compressor,40,64.87,1.952,5.34,400.83,16.55,1514.6,8264.5,Healthy
M-024,Centrifugal Compressor,41,63.35,1.996,5.47,407.01,16.52,1507.2,8273.0,Healthy
M-024,Centrifugal Compressor,42,62.91,2.072,5.34,405.16,16.19,1520.3,8281.5,Healthy
M-024,Centrifugal Compressor,43,63.66,2.066,5.48,405.94,17.25,1504.5,8290.0,Healthy
M-024,Centrifugal Compressor,44,63.07,2.168,5.55,407.26,16.32,1501.7,8298.5,Healthy
M-024,Centrifugal Compressor,45,62.62,2.103,5.49,403.49,16.9,1493.5,8307.0,Healthy
M-024,Centrifugal Compressor,46,61.94,2.163,5.28,403.47,16.5,1516.3,8315.5,Healthy
M-024,Centrifugal Compressor,47,61.49,2.056,5.36,408.0,16.52,1515.1,8324.0,Healthy
M-024,Centrifugal Compressor,48,63.03,2.01,5.48,407.63,16.51,1517.2,8332.5,Healthy
M-024,Centrifugal Compressor,49,61.71,2.128,5.42,404.95,16.8,1519.6,8341.0,Healthy
M-024,Centrifugal Compressor,50,64.53,2.124,5.51,409.49,16.35,1524.3,8349.5,Healthy
M-024,Centrifugal Compressor,51,62.34,2.016,5.45,404.39,16.46,1514.4,8358.0,Healthy
M-024,Centrifugal Compressor,52,63.38,2.05,5.38,408.53,16.37,1513.6,8366.5,Healthy
M-024,Centrifugal Compressor,53,65.56,2.259,5.54,404.43,16.83,1505.9,8375.0,Healthy
M-024,Centrifugal Compressor,54,64.34,2.161,5.53,404.1,16.29,1524.9,8383.5,Healthy
M-024,Centrifugal Compressor,55,66.41,2.338,5.63,406.02,16.69,1510.2,8392.0,Healthy
M-024,Centrifugal Compressor,56,67.45,2.474,5.62,405.69,17.24,1515.7,8400.5,Healthy
M-024,Centrifugal Compressor,57,66.45,2.305,5.59,404.93,17.0,1494.7,8409.0,Healthy
M-024,Centrifugal Compressor,58,66.92,2.632,5.69,405.75,16.81,1506.2,8417.5,Healthy
M-024,Centrifugal Compressor,59,67.02,2.472,5.76,404.93,17.34,1516.5,8426.0,Healthy
M-024,Centrifugal Compressor,60,68.33,2.584,5.94,408.67,16.81,1521.8,8434.5,Healthy
M-024,Centrifugal Compressor,61,70.59,2.291,5.88,404.59,17.29,1524.1,8443.0,Healthy
M-024,Centrifugal Compressor,62,67.58,2.563,5.88,408.03,17.51,1513.6,8451.5,Healthy
M-024,Centrifugal Compressor,63,69.04,2.9,6.02,402.84,17.15,1518.2,8460.0,Healthy
M-024,Centrifugal Compressor,64,69.69,2.558,6.15,407.47,17.3,1524.3,8468.5,Healthy
M-024,Centrifugal Compressor,65,70.39,2.884,6.16,406.26,17.44,1510.0,8477.0,Healthy
M-024,Centrifugal Compressor,66,69.15,2.696,6.16,402.03,17.93,1513.6,8485.5,Healthy
M-024,Centrifugal Compressor,67,74.1,2.701,6.35,404.78,17.7,1516.6,8494.0,Healthy
M-024,Centrifugal Compressor,68,73.3,2.872,6.09,405.4,17.77,1499.0,8502.5,Healthy
M-024,Centrifugal Compressor,69,74.85,2.78,6.44,405.85,17.67,1522.9,8511.0,Healthy
M-024,Centrifugal Compressor,70,76.81,2.948,6.55,405.33,18.28,1512.0,8519.5,Healthy
M-024,Centrifugal Compressor,71,77.76,3.128,6.52,400.61,18.18,1505.0,8528.0,Healthy
M-024,Centrifugal Compressor,72,76.75,3.208,6.6,407.4,17.98,1502.7,8536.5,Healthy
M-024,Centrifugal Compressor,73,76.16,3.071,6.6,408.22,18.44,1532.7,8545.0,Healthy
M-024,Centrifugal Compressor,74,76.67,3.308,6.75,405.45,17.93,1510.0,8553.5,Healthy
M-024,Centrifugal Compressor,75,77.86,3.431,6.81,407.41,18.38,1513.1,8562.0,Warning
M-024,Centrifugal Compressor,76,79.85,3.297,6.79,406.41,18.06,1517.0,8570.5,Warning
M-024,Centrifugal Compressor,77,80.12,3.258,6.93,409.27,18.97,1512.6,8579.0,Warning
M-024,Centrifugal Compressor,78,81.87,3.505,6.95,405.63,18.73,1535.0,8587.5,Warning
M-024,Centrifugal Compressor,79,82.2,3.312,6.9,405.34,18.26,1513.8,8596.0,Warning
M-024,Centrifugal Compressor,80,85.39,3.464,6.97,405.26,18.74,1507.0,8604.5,Warning
M-024,Centrifugal Compressor,81,82.07,3.75,7.19,404.71,18.46,1510.8,8613.0,Warning
M-024,Centrifugal Compressor,82,82.93,3.58,7.42,406.16,18.74,1520.3,8621.5,Warning
M-024,Centrifugal Compressor,83,84.14,3.664,7.1,408.23,18.98,1508.4,8630.0,Warning
M-024,Centrifugal Compressor,84,86.9,3.651,7.26,404.92,18.72,1509.7,8638.5,Warning
M-024,Centrifugal Compressor,85,86.75,3.827,7.3,405.19,19.43,1520.9,8647.0,Warning
M-024,Centrifugal Compressor,86,87.27,3.882,7.48,402.9,19.13,1521.3,8655.5,Warning
M-024,Centrifugal Compressor,87,89.72,4.019,7.32,404.12,19.58,1528.6,8664.0,Warning
M-024,Centrifugal Compressor,88,89.62,4.047,7.65,403.07,19.63,1502.7,8672.5,Warning
M-024,Centrifugal Compressor,89,90.43,4.112,7.74,403.08,19.35,1520.4,8681.0,Critical
M-024,Centrifugal Compressor,90,91.53,4.084,7.7,407.28,19.71,1505.9,8689.5,Critical
M-024,Centrifugal Compressor,91,92.12,4.139,7.92,408.19,19.41,1516.2,8698.0,Critical
M-024,Centrifugal Compressor,92,93.43,4.046,8.05,409.88,19.94,1525.8,8706.5,Critical
M-024,Centrifugal Compressor,93,92.69,4.285,8.05,403.97,20.0,1522.9,8715.0,Critical
M-024,Centrifugal Compressor,94,94.06,4.565,7.93,404.54,20.02,1507.5,8723.5,Critical
M-024,Centrifugal Compressor,95,95.39,4.676,8.32,407.12,20.55,1509.9,8732.0,Critical
M-024,Centrifugal Compressor,96,95.53,4.481,8.21,404.46,20.47,1517.5,8740.5,Critical
M-024,Centrifugal Compressor,97,97.74,4.634,8.47,403.1,20.66,1498.0,8749.0,Critical
M-024,Centrifugal Compressor,98,98.22,4.899,8.47,404.75,20.8,1519.7,8757.5,Critical
M-024,Centrifugal Compressor,99,100.53,4.765,8.61,404.39,20.34,1529.9,8766.0,Critical
M-024,Centrifugal Compressor,100,100.23,4.616,8.71,408.4,20.6,1498.1,8774.5,Critical
M-025,Industrial Robot,1,64.24,1.965,5.5,404.97,12.85,1465.6,6159.7,Healthy
M-025,Industrial Robot,2,63.12,1.864,5.19,403.45,12.29,1470.7,6168.2,Healthy
M-025,Industrial Robot,3,62.83,1.906,5.31,401.95,11.67,1468.8,6176.7,Healthy
M-025,Industrial Robot,4,64.98,1.787,5.44,402.25,12.02,1458.9,6185.2,Healthy
M-025,Industrial Robot,5,63.19,1.962,5.39,406.95,12.21,1458.9,6193.7,Healthy
M-025,Industrial Robot,6,64.35,1.945,5.42,403.19,12.3,1451.7,6202.2,Healthy
M-025,Industrial Robot,7,62.46,1.928,5.56,398.91,11.74,1446.4,6210.7,Healthy
M-025,Industrial Robot,8,64.65,1.947,5.32,406.59,12.1,1469.4,6219.2,Healthy
M-025,Industrial Robot,9,64.69,1.729,5.37,400.43,11.77,1455.9,6227.7,Healthy
M-025,Industrial Robot,10,62.28,1.823,5.61,403.57,12.04,1452.8,6236.2,Healthy
M-025,Industrial Robot,11,63.24,2.093,5.3,402.17,12.4,1467.7,6244.7,Healthy
M-025,Industrial Robot,12,63.32,1.729,5.44,404.8,12.14,1451.2,6253.2,Healthy
M-025,Industrial Robot,13,63.85,1.649,5.39,404.53,12.54,1456.8,6261.7,Healthy
M-025,Industrial Robot,14,65.71,2.073,5.48,399.24,11.58,1469.0,6270.2,Healthy
M-025,Industrial Robot,15,64.01,2.04,5.28,401.85,12.6,1452.1,6278.7,Healthy
M-025,Industrial Robot,16,64.94,1.829,5.42,399.81,12.33,1475.5,6287.2,Healthy
M-025,Industrial Robot,17,64.18,1.749,5.55,400.65,12.84,1447.8,6295.7,Healthy
M-025,Industrial Robot,18,64.05,2.027,5.33,402.34,12.64,1439.9,6304.2,Healthy
M-025,Industrial Robot,19,64.83,1.834,5.56,400.52,11.75,1453.6,6312.7,Healthy
M-025,Industrial Robot,20,63.04,1.819,5.37,398.16,12.2,1459.8,6321.2,Healthy
M-025,Industrial Robot,21,63.49,1.879,5.42,399.41,12.13,1458.9,6329.7,Healthy
M-025,Industrial Robot,22,63.43,1.665,5.54,400.23,11.8,1458.3,6338.2,Healthy
M-025,Industrial Robot,23,63.34,1.916,5.5,403.61,12.24,1462.4,6346.7,Healthy
M-025,Industrial Robot,24,61.85,1.975,5.37,406.11,12.63,1456.4,6355.2,Healthy
M-025,Industrial Robot,25,63.74,1.986,5.19,401.85,12.83,1464.7,6363.7,Healthy
M-025,Industrial Robot,26,62.71,1.882,5.32,401.49,12.35,1462.0,6372.2,Healthy
M-025,Industrial Robot,27,64.59,1.992,5.29,402.22,11.94,1454.8,6380.7,Healthy
M-025,Industrial Robot,28,62.81,1.904,5.52,404.39,11.85,1457.0,6389.2,Healthy
M-025,Industrial Robot,29,62.51,1.715,5.36,402.86,12.44,1463.2,6397.7,Healthy
M-025,Industrial Robot,30,64.79,1.769,5.56,403.78,12.13,1455.0,6406.2,Healthy
M-025,Industrial Robot,31,63.54,1.734,5.53,403.82,11.98,1448.1,6414.7,Healthy
M-025,Industrial Robot,32,63.48,1.923,5.35,404.43,12.71,1461.4,6423.2,Healthy
M-025,Industrial Robot,33,65.88,1.938,5.56,399.57,12.85,1454.1,6431.7,Healthy
M-025,Industrial Robot,34,65.07,2.253,5.52,403.65,12.58,1447.3,6440.2,Healthy
M-025,Industrial Robot,35,64.36,2.224,5.63,402.14,12.24,1460.5,6448.7,Healthy
M-025,Industrial Robot,36,66.4,2.032,5.7,400.44,12.12,1466.3,6457.2,Healthy
M-025,Industrial Robot,37,68.8,2.133,5.76,402.02,12.6,1460.0,6465.7,Healthy
M-025,Industrial Robot,38,66.57,2.229,5.77,401.37,11.97,1457.4,6474.2,Healthy
M-025,Industrial Robot,39,65.64,2.09,5.58,404.69,12.83,1463.2,6482.7,Healthy
M-025,Industrial Robot,40,68.71,2.164,5.78,405.04,12.58,1462.8,6491.2,Healthy
M-025,Industrial Robot,41,66.56,2.156,5.98,403.8,12.64,1460.1,6499.7,Healthy
M-025,Industrial Robot,42,68.21,2.205,5.75,403.16,12.9,1458.0,6508.2,Healthy
M-025,Industrial Robot,43,68.83,2.249,5.78,403.14,13.03,1469.7,6516.7,Healthy
M-025,Industrial Robot,44,69.48,2.174,5.86,399.89,13.06,1441.5,6525.2,Healthy
M-025,Industrial Robot,45,70.77,2.41,5.61,404.72,13.21,1455.6,6533.7,Healthy
M-025,Industrial Robot,46,68.56,2.205,5.86,404.81,12.74,1465.2,6542.2,Healthy
M-025,Industrial Robot,47,70.29,2.346,5.82,399.88,13.4,1456.7,6550.7,Healthy
M-025,Industrial Robot,48,71.27,2.59,6.01,401.8,13.42,1458.1,6559.2,Healthy
M-025,Industrial Robot,49,71.76,2.528,6.06,403.75,13.0,1465.8,6567.7,Healthy
M-025,Industrial Robot,50,72.36,2.417,6.11,397.28,13.51,1447.9,6576.2,Healthy
M-025,Industrial Robot,51,71.06,2.427,5.96,403.11,13.27,1454.1,6584.7,Healthy
M-025,Industrial Robot,52,72.02,2.432,6.24,398.99,13.05,1445.7,6593.2,Healthy
M-025,Industrial Robot,53,74.25,2.512,6.28,404.67,13.69,1449.8,6601.7,Healthy
M-025,Industrial Robot,54,74.2,2.724,6.33,403.76,12.68,1463.4,6610.2,Healthy
M-025,Industrial Robot,55,73.39,2.706,6.37,403.35,13.32,1468.5,6618.7,Healthy
M-025,Industrial Robot,56,75.46,2.703,6.26,402.97,14.1,1446.8,6627.2,Healthy
M-025,Industrial Robot,57,76.25,2.805,6.57,403.62,13.47,1461.3,6635.7,Healthy
M-025,Industrial Robot,58,75.57,2.888,6.28,401.2,13.68,1467.3,6644.2,Healthy
M-025,Industrial Robot,59,76.41,2.686,6.46,401.44,13.46,1454.5,6652.7,Healthy
M-025,Industrial Robot,60,76.44,2.614,6.56,403.52,14.16,1464.8,6661.2,Healthy
M-025,Industrial Robot,61,78.47,2.895,6.4,402.73,13.73,1466.2,6669.7,Warning
M-025,Industrial Robot,62,78.73,2.884,6.82,403.87,13.87,1461.6,6678.2,Warning
M-025,Industrial Robot,63,78.67,2.942,6.45,400.34,13.61,1461.6,6686.7,Warning
M-025,Industrial Robot,64,77.17,2.919,6.65,402.41,14.02,1452.8,6695.2,Healthy
M-025,Industrial Robot,65,79.02,2.941,6.72,402.07,14.38,1449.9,6703.7,Warning
M-025,Industrial Robot,66,82.38,2.916,6.9,401.22,13.66,1468.5,6712.2,Warning
M-025,Industrial Robot,67,80.94,3.111,6.83,401.01,13.98,1432.1,6720.7,Warning
M-025,Industrial Robot,68,79.19,3.195,7.02,404.9,13.77,1459.5,6729.2,Warning
M-025,Industrial Robot,69,79.36,3.149,7.03,402.14,14.05,1457.8,6737.7,Warning
M-025,Industrial Robot,70,84.12,3.204,7.01,405.21,14.14,1444.9,6746.2,Warning
M-025,Industrial Robot,71,84.8,3.399,6.83,401.91,14.28,1468.9,6754.7,Warning
M-025,Industrial Robot,72,83.73,3.34,7.12,401.24,14.8,1451.6,6763.2,Warning
M-025,Industrial Robot,73,83.76,3.363,7.02,405.7,14.41,1464.6,6771.7,Warning
M-025,Industrial Robot,74,83.79,3.493,7.28,404.06,15.14,1453.5,6780.2,Warning
M-025,Industrial Robot,75,85.32,3.351,7.24,403.5,14.75,1471.1,6788.7,Warning
M-025,Industrial Robot,76,86.74,3.497,7.19,403.91,14.54,1465.1,6797.2,Warning
M-025,Industrial Robot,77,86.25,3.686,7.39,404.16,14.8,1450.6,6805.7,Warning
M-025,Industrial Robot,78,86.94,3.433,7.42,399.25,14.83,1429.0,6814.2,Warning
M-025,Industrial Robot,79,88.96,3.5,7.36,404.92,14.9,1464.7,6822.7,Warning
M-025,Industrial Robot,80,87.4,3.794,7.5,402.41,15.38,1448.7,6831.2,Warning
M-025,Industrial Robot,81,90.33,3.77,7.54,399.99,14.85,1451.4,6839.7,Critical
M-025,Industrial Robot,82,91.29,3.781,7.55,399.3,14.83,1467.8,6848.2,Critical
M-025,Industrial Robot,83,90.63,3.795,7.84,401.34,14.77,1461.2,6856.7,Critical
M-025,Industrial Robot,84,91.63,3.793,7.64,405.07,14.97,1446.3,6865.2,Critical
M-025,Industrial Robot,85,92.0,4.018,7.76,403.25,14.82,1463.0,6873.7,Critical
M-025,Industrial Robot,86,91.26,3.995,7.91,402.37,14.83,1448.4,6882.2,Critical
M-025,Industrial Robot,87,94.96,3.913,7.96,402.41,14.97,1453.7,6890.7,Critical
M-025,Industrial Robot,88,95.74,4.472,7.91,401.4,14.82,1444.8,6899.2,Critical
M-025,Industrial Robot,89,93.32,4.048,7.99,403.55,15.54,1463.6,6907.7,Critical
M-025,Industrial Robot,90,94.27,4.141,8.01,399.64,14.84,1452.6,6916.2,Critical
M-025,Industrial Robot,91,92.69,4.062,8.16,402.53,15.61,1467.4,6924.7,Critical
M-025,Industrial Robot,92,95.45,4.328,8.08,402.73,15.72,1459.6,6933.2,Critical
M-025,Industrial Robot,93,96.52,4.334,8.25,399.31,16.04,1448.1,6941.7,Critical
M-025,Industrial Robot,94,96.6,4.374,8.33,402.61,15.92,1448.9,6950.2,Critical
M-025,Industrial Robot,95,97.7,4.148,8.24,399.49,15.89,1476.8,6958.7,Critical
M-025,Industrial Robot,96,99.91,4.174,8.23,399.58,15.34,1455.7,6967.2,Critical
M-025,Industrial Robot,97,99.95,4.338,8.42,402.61,16.27,1459.2,6975.7,Critical
M-025,Industrial Robot,98,100.75,4.539,8.4,400.58,15.63,1469.9,6984.2,Critical
M-025,Industrial Robot,99,99.27,4.708,8.41,403.71,16.51,1467.2,6992.7,Critical
M-025,Industrial Robot,100,100.47,4.664,8.55,400.4,16.25,1464.5,7001.2,Critical
M-026,CNC Lathe,1,65.1,1.193,4.98,405.59,13.68,1468.5,1990.5,Healthy
M-026,CNC Lathe,2,63.52,1.322,4.84,410.83,13.52,1473.4,1999.0,Healthy
M-026,CNC Lathe,3,62.71,1.321,4.81,404.6,13.63,1469.4,2007.5,Healthy
M-026,CNC Lathe,4,65.83,1.363,4.82,408.63,13.82,1475.3,2016.0,Healthy
M-026,CNC Lathe,5,62.73,1.381,4.89,411.14,13.61,1473.3,2024.5,Healthy
M-026,CNC Lathe,6,65.4,1.207,4.82,405.23,13.9,1467.7,2033.0,Healthy
M-026,CNC Lathe,7,64.2,1.277,4.76,409.68,13.86,1481.2,2041.5,Healthy
M-026,CNC Lathe,8,64.36,1.144,4.9,406.23,13.45,1466.8,2050.0,Healthy
M-026,CNC Lathe,9,64.32,1.192,4.64,409.13,13.32,1481.5,2058.5,Healthy
M-026,CNC Lathe,10,63.64,1.22,4.94,410.11,14.55,1455.4,2067.0,Healthy
M-026,CNC Lathe,11,64.55,1.402,4.77,408.45,14.03,1474.5,2075.5,Healthy
M-026,CNC Lathe,12,62.28,1.239,4.65,408.93,13.93,1467.7,2084.0,Healthy
M-026,CNC Lathe,13,64.0,1.226,4.85,411.64,13.59,1483.4,2092.5,Healthy
M-026,CNC Lathe,14,63.65,1.176,4.85,408.98,13.39,1471.4,2101.0,Healthy
M-026,CNC Lathe,15,62.4,1.134,4.78,410.04,14.08,1477.8,2109.5,Healthy
M-026,CNC Lathe,16,65.06,1.496,4.82,408.48,13.92,1477.8,2118.0,Healthy
M-026,CNC Lathe,17,64.29,1.199,4.59,410.86,13.76,1475.7,2126.5,Healthy
M-026,CNC Lathe,18,65.36,1.235,4.58,410.2,14.02,1473.6,2135.0,Healthy
M-026,CNC Lathe,19,62.52,1.372,4.66,406.09,13.59,1472.1,2143.5,Healthy
M-026,CNC Lathe,20,64.18,1.396,4.69,409.34,13.43,1468.7,2152.0,Healthy
M-026,CNC Lathe,21,64.62,1.47,4.8,410.42,13.6,1474.7,2160.5,Healthy
M-026,CNC Lathe,22,65.54,1.569,4.89,409.06,14.0,1475.1,2169.0,Healthy
M-026,CNC Lathe,23,63.57,1.411,4.66,410.3,14.21,1477.3,2177.5,Healthy
M-026,CNC Lathe,24,65.74,1.298,4.82,410.57,13.49,1476.2,2186.0,Healthy
M-026,CNC Lathe,25,64.85,1.427,4.67,411.72,13.75,1469.8,2194.5,Healthy
M-026,CNC Lathe,26,64.19,1.339,4.69,411.55,13.93,1479.0,2203.0,Healthy
M-026,CNC Lathe,27,66.12,1.366,4.6,410.43,13.8,1483.2,2211.5,Healthy
M-026,CNC Lathe,28,65.6,1.359,4.75,411.18,12.67,1472.7,2220.0,Healthy
M-026,CNC Lathe,29,65.44,1.329,4.73,409.76,14.07,1474.4,2228.5,Healthy
M-026,CNC Lathe,30,63.49,1.489,4.91,407.56,14.58,1470.8,2237.0,Healthy
M-026,CNC Lathe,31,65.44,1.431,4.7,408.27,13.62,1455.8,2245.5,Healthy
M-026,CNC Lathe,32,65.29,1.116,4.77,407.83,13.8,1453.1,2254.0,Healthy
M-026,CNC Lathe,33,62.31,1.272,4.82,409.61,13.96,1471.6,2262.5,Healthy
M-026,CNC Lathe,34,64.28,1.215,4.75,409.13,12.88,1463.6,2271.0,Healthy
M-026,CNC Lathe,35,64.86,1.365,4.74,407.96,12.99,1453.4,2279.5,Healthy
M-026,CNC Lathe,36,63.93,1.522,4.77,411.21,13.19,1473.0,2288.0,Healthy
M-026,CNC Lathe,37,63.46,1.254,4.84,408.93,13.11,1471.5,2296.5,Healthy
M-026,CNC Lathe,38,63.44,1.17,4.67,413.26,14.02,1454.6,2305.0,Healthy
M-026,CNC Lathe,39,64.08,1.329,4.74,407.84,13.86,1478.3,2313.5,Healthy
M-026,CNC Lathe,40,65.56,1.383,4.83,408.48,13.05,1457.9,2322.0,Healthy
M-026,CNC Lathe,41,63.28,1.319,4.64,406.91,13.46,1477.7,2330.5,Healthy
M-026,CNC Lathe,42,64.7,1.24,4.77,406.51,13.29,1457.5,2339.0,Healthy
M-026,CNC Lathe,43,64.82,1.309,4.75,410.78,13.25,1474.5,2347.5,Healthy
M-026,CNC Lathe,44,66.68,1.225,4.61,406.65,13.73,1484.7,2356.0,Healthy
M-026,CNC Lathe,45,66.35,1.445,4.86,410.1,13.85,1473.2,2364.5,Healthy
M-026,CNC Lathe,46,63.34,1.549,4.9,407.62,13.82,1482.4,2373.0,Healthy
M-026,CNC Lathe,47,64.8,1.319,4.91,409.68,13.38,1461.6,2381.5,Healthy
M-026,CNC Lathe,48,60.79,1.58,4.69,411.1,13.27,1472.1,2390.0,Healthy
M-026,CNC Lathe,49,64.84,1.195,4.86,408.77,13.79,1482.4,2398.5,Healthy
M-026,CNC Lathe,50,65.19,1.332,4.96,409.08,13.63,1469.4,2407.0,Healthy
M-026,CNC Lathe,51,62.83,1.183,4.71,407.14,13.5,1477.4,2415.5,Healthy
M-026,CNC Lathe,52,63.81,1.37,4.72,414.26,14.12,1468.8,2424.0,Healthy
M-026,CNC Lathe,53,64.63,1.182,4.75,407.97,13.86,1463.3,2432.5,Healthy
M-026,CNC Lathe,54,66.29,1.335,4.68,409.23,13.85,1474.9,2441.0,Healthy
M-026,CNC Lathe,55,64.49,1.449,4.85,410.81,13.5,1468.5,2449.5,Healthy
M-026,CNC Lathe,56,64.05,1.284,4.78,409.16,14.18,1466.7,2458.0,Healthy
M-026,CNC Lathe,57,63.12,1.421,4.78,407.8,13.87,1468.5,2466.5,Healthy
M-026,CNC Lathe,58,66.13,1.229,4.71,409.43,14.07,1465.0,2475.0,Healthy
M-026,CNC Lathe,59,64.75,1.204,4.86,407.87,13.81,1476.1,2483.5,Healthy
M-026,CNC Lathe,60,62.12,1.368,4.72,410.17,13.29,1466.1,2492.0,Healthy
M-026,CNC Lathe,61,65.74,1.478,4.67,412.76,12.69,1472.5,2500.5,Healthy
M-026,CNC Lathe,62,62.76,1.388,4.74,407.14,13.34,1464.5,2509.0,Healthy
M-026,CNC Lathe,63,64.39,1.46,4.96,408.83,13.7,1480.2,2517.5,Healthy
M-026,CNC Lathe,64,63.76,1.249,4.96,408.81,13.67,1457.9,2526.0,Healthy
M-026,CNC Lathe,65,63.67,1.57,4.82,409.11,14.08,1457.6,2534.5,Healthy
M-026,CNC Lathe,66,63.8,1.616,4.76,409.06,14.01,1480.7,2543.0,Healthy
M-026,CNC Lathe,67,62.74,1.395,4.94,407.88,13.47,1471.0,2551.5,Healthy
M-026,CNC Lathe,68,65.14,1.172,4.46,409.6,14.0,1468.3,2560.0,Healthy
M-026,CNC Lathe,69,63.57,1.323,4.93,407.84,13.8,1461.5,2568.5,Healthy
M-026,CNC Lathe,70,62.98,1.445,4.93,410.95,12.88,1467.4,2577.0,Healthy
M-026,CNC Lathe,71,64.59,1.35,4.58,406.58,13.32,1470.2,2585.5,Healthy
M-026,CNC Lathe,72,61.98,1.415,4.76,407.08,13.66,1459.2,2594.0,Healthy
M-026,CNC Lathe,73,64.24,1.127,4.6,408.26,13.35,1473.8,2602.5,Healthy
M-026,CNC Lathe,74,64.28,1.595,4.74,402.57,12.88,1461.2,2611.0,Healthy
M-026,CNC Lathe,75,68.36,1.339,4.88,411.18,13.15,1456.4,2619.5,Healthy
M-026,CNC Lathe,76,65.07,1.077,4.87,408.94,13.81,1473.2,2628.0,Healthy
M-026,CNC Lathe,77,64.73,1.356,4.8,409.26,13.12,1467.6,2636.5,Healthy
M-026,CNC Lathe,78,66.91,1.381,4.88,407.2,13.25,1461.1,2645.0,Healthy
M-026,CNC Lathe,79,62.7,1.149,4.79,408.46,13.9,1468.3,2653.5,Healthy
M-026,CNC Lathe,80,61.42,1.397,4.57,409.6,13.33,1472.6,2662.0,Healthy
M-026,CNC Lathe,81,62.57,1.437,4.77,408.48,13.0,1485.2,2670.5,Healthy
M-026,CNC Lathe,82,63.21,1.375,4.67,416.73,13.65,1465.8,2679.0,Healthy
M-026,CNC Lathe,83,65.03,1.433,4.81,408.52,13.75,1469.5,2687.5,Healthy
M-026,CNC Lathe,84,64.27,1.249,4.62,410.3,13.81,1481.1,2696.0,Healthy
M-026,CNC Lathe,85,64.36,1.317,4.63,409.09,13.72,1456.2,2704.5,Healthy
M-026,CNC Lathe,86,65.59,1.258,4.75,410.37,13.59,1482.0,2713.0,Healthy
M-026,CNC Lathe,87,65.06,1.326,4.46,411.16,13.18,1477.6,2721.5,Healthy
M-026,CNC Lathe,88,64.89,1.319,4.86,410.21,13.71,1457.0,2730.0,Healthy
M-026,CNC Lathe,89,64.35,1.194,4.66,408.45,14.11,1473.7,2738.5,Healthy
M-026,CNC Lathe,90,64.82,1.436,4.68,406.02,12.98,1472.6,2747.0,Healthy
M-026,CNC Lathe,91,65.49,1.453,4.69,411.88,14.31,1475.6,2755.5,Healthy
M-026,CNC Lathe,92,66.09,1.448,4.75,407.84,13.03,1467.2,2764.0,Healthy
M-026,CNC Lathe,93,64.02,1.318,4.76,404.58,13.87,1477.9,2772.5,Healthy
M-026,CNC Lathe,94,64.75,1.203,4.81,409.22,13.76,1483.2,2781.0,Healthy
M-026,CNC Lathe,95,64.09,1.365,4.68,411.01,13.84,1472.5,2789.5,Healthy
M-026,CNC Lathe,96,63.04,1.261,4.59,407.78,13.85,1473.9,2798.0,Healthy
M-026,CNC Lathe,97,64.49,1.521,4.8,408.02,13.35,1468.9,2806.5,Healthy
M-026,CNC Lathe,98,63.76,1.458,4.81,408.53,13.5,1476.4,2815.0,Healthy
M-026,CNC Lathe,99,65.52,1.122,4.75,409.35,13.79,1471.7,2823.5,Healthy
M-026,CNC Lathe,100,64.79,1.315,4.69,410.74,13.88,1476.0,2832.0,Healthy
M-027,Induction Motor,1,57.89,2.106,5.46,395.28,13.27,1450.5,4823.9,Healthy
M-027,Induction Motor,2,58.0,2.0,5.24,398.0,13.46,1459.8,4832.4,Healthy
M-027,Induction Motor,3,58.58,2.437,5.37,395.3,12.42,1459.5,4840.9,Healthy
M-027,Induction Motor,4,56.53,2.01,5.34,399.25,12.91,1446.8,4849.4,Healthy
M-027,Induction Motor,5,58.04,2.098,5.32,394.77,12.71,1464.6,4857.9,Healthy
M-027,Induction Motor,6,59.13,2.27,5.13,395.4,13.35,1461.2,4866.4,Healthy
M-027,Induction Motor,7,58.7,2.087,5.25,397.24,12.85,1460.7,4874.9,Healthy
M-027,Induction Motor,8,58.26,2.014,5.38,399.68,13.47,1461.8,4883.4,Healthy
M-027,Induction Motor,9,59.04,1.991,5.24,396.83,13.21,1451.6,4891.9,Healthy
M-027,Induction Motor,10,57.85,2.198,5.33,397.84,12.73,1453.9,4900.4,Healthy
M-027,Induction Motor,11,57.65,2.131,5.27,396.03,13.05,1473.2,4908.9,Healthy
M-027,Induction Motor,12,58.91,1.917,5.35,396.14,12.68,1462.1,4917.4,Healthy
M-027,Induction Motor,13,58.31,2.429,5.3,396.72,13.43,1456.6,4925.9,Healthy
M-027,Induction Motor,14,56.94,2.025,5.28,398.49,13.45,1462.9,4934.4,Healthy
M-027,Induction Motor,15,58.9,2.262,5.37,395.37,12.93,1452.3,4942.9,Healthy
M-027,Induction Motor,16,59.73,2.016,5.22,397.51,13.68,1462.3,4951.4,Healthy
M-027,Induction Motor,17,59.46,1.998,5.38,394.95,13.26,1443.9,4959.9,Healthy
M-027,Induction Motor,18,57.81,1.884,5.22,394.32,13.23,1457.2,4968.4,Healthy
M-027,Induction Motor,19,57.65,2.145,5.23,397.82,12.98,1474.7,4976.9,Healthy
M-027,Induction Motor,20,60.17,2.243,5.34,398.01,13.44,1458.7,4985.4,Healthy
M-027,Induction Motor,21,58.63,2.061,5.24,396.96,12.09,1456.2,4993.9,Healthy
M-027,Induction Motor,22,57.92,2.236,5.43,402.31,13.21,1457.7,5002.4,Healthy
M-027,Induction Motor,23,57.53,2.005,5.4,397.12,13.15,1456.6,5010.9,Healthy
M-027,Induction Motor,24,58.27,2.157,5.35,399.05,12.57,1461.1,5019.4,Healthy
M-027,Induction Motor,25,56.67,2.215,5.34,397.02,12.99,1457.5,5027.9,Healthy
M-027,Induction Motor,26,59.52,2.251,5.4,394.48,13.21,1437.3,5036.4,Healthy
M-027,Induction Motor,27,55.72,2.279,5.17,396.66,13.55,1460.2,5044.9,Healthy
M-027,Induction Motor,28,58.82,2.156,5.32,395.56,12.98,1454.8,5053.4,Healthy
M-027,Induction Motor,29,58.77,2.166,5.09,399.68,13.57,1450.9,5061.9,Healthy
M-027,Induction Motor,30,59.78,2.166,5.34,392.42,13.43,1448.6,5070.4,Healthy
M-027,Induction Motor,31,59.02,2.441,5.31,395.05,13.3,1437.6,5078.9,Healthy
M-027,Induction Motor,32,59.39,2.328,5.32,397.49,13.9,1447.5,5087.4,Healthy
M-027,Induction Motor,33,59.76,2.555,5.23,396.85,13.74,1453.1,5095.9,Healthy
M-027,Induction Motor,34,58.26,2.349,5.24,391.42,14.33,1439.1,5104.4,Healthy
M-027,Induction Motor,35,58.37,2.288,5.49,397.21,13.9,1447.2,5112.9,Healthy
M-027,Induction Motor,36,58.26,2.453,5.27,395.08,13.64,1433.1,5121.4,Healthy
M-027,Induction Motor,37,59.94,2.445,5.17,391.87,14.41,1437.9,5129.9,Healthy
M-027,Induction Motor,38,60.69,2.482,5.21,392.71,14.6,1424.9,5138.4,Healthy
M-027,Induction Motor,39,58.74,2.459,5.34,389.32,14.49,1434.5,5146.9,Healthy
M-027,Induction Motor,40,61.14,2.412,5.35,394.57,14.94,1424.4,5155.4,Healthy
M-027,Induction Motor,41,57.61,2.595,5.47,393.8,15.15,1426.4,5163.9,Healthy
M-027,Induction Motor,42,61.75,2.645,5.14,393.49,14.75,1422.8,5172.4,Healthy
M-027,Induction Motor,43,61.76,2.558,5.21,392.22,14.83,1418.0,5180.9,Healthy
M-027,Induction Motor,44,62.43,2.883,5.13,390.37,15.84,1413.5,5189.4,Healthy
M-027,Induction Motor,45,62.24,2.832,5.25,391.2,15.74,1421.0,5197.9,Healthy
M-027,Induction Motor,46,59.55,2.925,5.38,387.61,15.7,1417.5,5206.4,Healthy
M-027,Induction Motor,47,60.42,2.7,5.31,388.52,16.01,1414.4,5214.9,Healthy
M-027,Induction Motor,48,62.26,2.853,5.39,388.7,15.84,1414.0,5223.4,Healthy
M-027,Induction Motor,49,59.25,2.904,5.28,386.57,16.39,1405.4,5231.9,Healthy
M-027,Induction Motor,50,61.38,2.773,5.18,391.54,17.15,1398.8,5240.4,Healthy
M-027,Induction Motor,51,60.96,2.967,5.09,388.04,16.32,1385.8,5248.9,Healthy
M-027,Induction Motor,52,64.01,3.011,5.4,389.32,16.83,1392.2,5257.4,Healthy
M-027,Induction Motor,53,64.34,3.01,5.43,382.34,16.93,1390.5,5265.9,Healthy
M-027,Induction Motor,54,61.86,3.164,5.33,384.4,16.98,1378.8,5274.4,Healthy
M-027,Induction Motor,55,61.66,3.359,5.29,382.63,17.4,1384.4,5282.9,Healthy
M-027,Induction Motor,56,62.8,3.169,5.44,382.47,17.44,1363.1,5291.4,Healthy
M-027,Induction Motor,57,66.21,3.339,5.31,382.83,17.58,1373.6,5299.9,Healthy
M-027,Induction Motor,58,64.86,3.18,5.27,385.44,18.61,1376.7,5308.4,Healthy
M-027,Induction Motor,59,63.72,3.337,5.35,382.59,18.51,1363.1,5316.9,Healthy
M-027,Induction Motor,60,66.7,3.394,5.25,383.8,18.12,1366.7,5325.4,Healthy
M-027,Induction Motor,61,66.7,3.307,5.43,379.48,18.96,1354.4,5333.9,Warning
M-027,Induction Motor,62,66.7,3.433,5.28,379.62,18.04,1349.3,5342.4,Warning
M-027,Induction Motor,63,63.5,3.307,5.34,383.98,19.73,1345.6,5350.9,Healthy
M-027,Induction Motor,64,65.65,3.742,5.18,382.76,19.74,1335.8,5359.4,Healthy
M-027,Induction Motor,65,63.21,3.605,5.41,376.74,18.82,1348.2,5367.9,Warning
M-027,Induction Motor,66,67.06,3.622,5.25,380.45,19.44,1337.7,5376.4,Healthy
M-027,Induction Motor,67,66.9,3.802,5.29,381.58,20.23,1337.6,5384.9,Warning
M-027,Induction Motor,68,65.28,3.926,5.41,377.82,20.29,1342.3,5393.4,Warning
M-027,Induction Motor,69,69.02,3.965,5.36,379.28,20.82,1335.2,5401.9,Warning
M-027,Induction Motor,70,68.47,3.83,5.42,375.49,20.28,1328.2,5410.4,Warning
M-027,Induction Motor,71,66.03,3.892,5.35,376.77,21.09,1330.7,5418.9,Warning
M-027,Induction Motor,72,68.36,3.915,5.4,375.39,21.18,1322.5,5427.4,Warning
M-027,Induction Motor,73,70.08,3.927,5.28,376.06,21.33,1314.0,5435.9,Warning
M-027,Induction Motor,74,66.17,4.09,5.35,375.47,21.49,1315.4,5444.4,Warning
M-027,Induction Motor,75,67.37,4.225,5.31,374.1,21.71,1311.9,5452.9,Warning
M-027,Induction Motor,76,69.79,4.264,5.13,373.7,21.88,1300.6,5461.4,Warning
M-027,Induction Motor,77,70.93,4.176,5.23,368.03,22.76,1309.5,5469.9,Warning
M-027,Induction Motor,78,69.19,4.417,5.09,372.84,22.19,1311.8,5478.4,Warning
M-027,Induction Motor,79,70.32,4.414,5.23,369.62,22.93,1287.8,5486.9,Warning
M-027,Induction Motor,80,69.12,4.623,5.34,368.42,23.16,1288.2,5495.4,Warning
M-027,Induction Motor,81,68.33,4.451,5.21,370.49,22.98,1287.2,5503.9,Warning
M-027,Induction Motor,82,71.54,4.85,5.51,369.78,23.43,1277.7,5512.4,Warning
M-027,Induction Motor,83,69.06,4.349,5.23,371.96,24.25,1278.9,5520.9,Critical
M-027,Induction Motor,84,71.89,4.608,5.31,366.48,23.66,1279.2,5529.4,Warning
M-027,Induction Motor,85,70.9,4.797,5.3,370.21,24.37,1272.2,5537.9,Critical
M-027,Induction Motor,86,70.2,4.737,5.31,366.83,24.66,1267.7,5546.4,Critical
M-027,Induction Motor,87,70.98,4.924,5.27,364.76,24.29,1259.2,5554.9,Critical
M-027,Induction Motor,88,71.85,5.051,5.29,366.45,24.29,1263.8,5563.4,Critical
M-027,Induction Motor,89,73.59,4.795,5.22,363.4,25.1,1248.0,5571.9,Critical
M-027,Induction Motor,90,72.82,5.107,5.26,364.65,25.49,1225.8,5580.4,Critical
M-027,Induction Motor,91,72.45,5.206,5.22,361.24,26.04,1246.4,5588.9,Critical
M-027,Induction Motor,92,75.47,5.091,5.43,360.92,25.03,1246.4,5597.4,Critical
M-027,Induction Motor,93,74.72,5.287,5.29,364.95,26.49,1243.3,5605.9,Critical
M-027,Induction Motor,94,74.49,5.105,5.32,362.05,27.16,1234.6,5614.4,Critical
M-027,Induction Motor,95,73.39,5.382,5.44,364.07,26.66,1226.6,5622.9,Critical
M-027,Induction Motor,96,73.27,5.314,5.36,356.91,27.68,1221.0,5631.4,Critical
M-027,Induction Motor,97,75.42,5.488,5.43,359.8,26.85,1222.9,5639.9,Critical
M-027,Induction Motor,98,76.94,5.401,5.39,359.08,27.51,1210.1,5648.4,Critical
M-027,Induction Motor,99,75.63,5.622,5.27,355.91,27.39,1213.1,5656.9,Critical
M-027,Induction Motor,100,76.8,5.623,5.49,353.77,28.14,1191.7,5665.4,Critical
M-028,Hydraulic Pump,1,66.43,1.696,4.81,400.36,15.09,1455.2,5127.6,Healthy
M-028,Hydraulic Pump,2,64.31,1.435,4.85,395.57,14.91,1449.7,5136.1,Healthy
M-028,Hydraulic Pump,3,66.4,1.522,4.84,401.67,14.76,1445.5,5144.6,Healthy
M-028,Hydraulic Pump,4,66.52,1.315,4.82,401.52,15.45,1443.1,5153.1,Healthy
M-028,Hydraulic Pump,5,65.89,1.608,4.89,399.97,15.19,1459.2,5161.6,Healthy
M-028,Hydraulic Pump,6,66.51,1.579,4.97,399.26,14.65,1444.7,5170.1,Healthy
M-028,Hydraulic Pump,7,66.27,1.648,4.72,400.2,14.83,1433.1,5178.6,Healthy
M-028,Hydraulic Pump,8,67.76,1.623,4.86,398.31,14.82,1453.3,5187.1,Healthy
M-028,Hydraulic Pump,9,69.22,1.607,4.85,399.01,14.55,1457.8,5195.6,Healthy
M-028,Hydraulic Pump,10,68.48,1.691,4.79,400.85,15.4,1463.1,5204.1,Healthy
M-028,Hydraulic Pump,11,68.58,1.613,4.68,399.97,15.18,1455.8,5212.6,Healthy
M-028,Hydraulic Pump,12,69.02,1.594,5.02,396.14,15.24,1443.7,5221.1,Healthy
M-028,Hydraulic Pump,13,65.11,1.581,4.66,399.33,15.1,1459.0,5229.6,Healthy
M-028,Hydraulic Pump,14,65.59,1.714,4.82,401.71,14.94,1439.4,5238.1,Healthy
M-028,Hydraulic Pump,15,65.93,1.45,4.86,402.61,14.89,1455.1,5246.6,Healthy
M-028,Hydraulic Pump,16,65.57,1.627,4.88,396.76,15.02,1455.8,5255.1,Healthy
M-028,Hydraulic Pump,17,63.87,1.766,4.84,401.09,14.95,1436.3,5263.6,Healthy
M-028,Hydraulic Pump,18,68.04,1.595,4.81,401.83,15.36,1465.5,5272.1,Healthy
M-028,Hydraulic Pump,19,67.58,1.522,4.79,400.49,15.45,1438.4,5280.6,Healthy
M-028,Hydraulic Pump,20,67.4,1.798,4.79,401.52,15.26,1457.7,5289.1,Healthy
M-028,Hydraulic Pump,21,66.42,1.509,4.81,396.59,15.0,1452.1,5297.6,Healthy
M-028,Hydraulic Pump,22,69.54,1.654,4.87,401.98,14.75,1448.8,5306.1,Healthy
M-028,Hydraulic Pump,23,70.3,1.596,4.92,401.58,14.57,1452.6,5314.6,Healthy
M-028,Hydraulic Pump,24,67.57,1.645,4.73,397.42,14.93,1449.3,5323.1,Healthy
M-028,Hydraulic Pump,25,68.82,1.823,4.95,401.38,14.74,1446.8,5331.6,Healthy
M-028,Hydraulic Pump,26,67.65,1.529,4.87,401.1,15.28,1458.3,5340.1,Healthy
M-028,Hydraulic Pump,27,66.31,1.717,4.74,397.77,15.28,1459.8,5348.6,Healthy
M-028,Hydraulic Pump,28,67.98,1.608,4.84,399.93,14.7,1440.2,5357.1,Healthy
M-028,Hydraulic Pump,29,67.3,1.615,4.81,401.01,15.02,1454.6,5365.6,Healthy
M-028,Hydraulic Pump,30,67.22,1.824,4.82,404.34,15.22,1448.4,5374.1,Healthy
M-028,Hydraulic Pump,31,66.31,1.432,4.71,397.9,15.23,1445.9,5382.6,Healthy
M-028,Hydraulic Pump,32,67.62,1.759,4.8,403.81,14.68,1448.9,5391.1,Healthy
M-028,Hydraulic Pump,33,66.75,1.718,4.59,396.77,15.05,1462.5,5399.6,Healthy
M-028,Hydraulic Pump,34,67.67,1.443,4.69,403.0,14.87,1442.6,5408.1,Healthy
M-028,Hydraulic Pump,35,69.17,1.727,4.94,397.76,14.56,1451.2,5416.6,Healthy
M-028,Hydraulic Pump,36,67.8,1.649,4.96,396.19,15.39,1441.3,5425.1,Healthy
M-028,Hydraulic Pump,37,68.42,1.548,4.73,398.44,14.59,1450.4,5433.6,Healthy
M-028,Hydraulic Pump,38,66.47,1.7,4.87,403.03,15.22,1454.3,5442.1,Healthy
M-028,Hydraulic Pump,39,69.07,1.53,4.66,400.06,14.59,1469.7,5450.6,Healthy
M-028,Hydraulic Pump,40,69.14,1.865,4.82,400.76,14.93,1457.2,5459.1,Healthy
M-028,Hydraulic Pump,41,65.94,1.3,4.73,396.74,15.61,1464.6,5467.6,Healthy
M-028,Hydraulic Pump,42,65.71,1.76,4.9,396.52,14.96,1445.5,5476.1,Healthy
M-028,Hydraulic Pump,43,68.29,1.458,4.8,398.28,15.26,1448.4,5484.6,Healthy
M-028,Hydraulic Pump,44,66.75,1.58,5.01,398.82,14.73,1454.8,5493.1,Healthy
M-028,Hydraulic Pump,45,67.32,1.454,5.03,398.74,15.04,1450.0,5501.6,Healthy
M-028,Hydraulic Pump,46,69.71,1.45,4.84,403.3,15.33,1436.9,5510.1,Healthy
M-028,Hydraulic Pump,47,67.05,1.708,4.94,398.09,15.72,1433.0,5518.6,Healthy
M-028,Hydraulic Pump,48,66.24,1.661,4.95,398.5,15.68,1444.2,5527.1,Healthy
M-028,Hydraulic Pump,49,69.5,1.683,4.88,396.26,16.43,1432.9,5535.6,Healthy
M-028,Hydraulic Pump,50,67.32,1.863,4.82,398.12,15.99,1427.7,5544.1,Healthy
M-028,Hydraulic Pump,51,70.54,1.947,4.95,395.92,16.24,1434.9,5552.6,Healthy
M-028,Hydraulic Pump,52,70.18,2.023,4.83,393.43,16.91,1434.6,5561.1,Healthy
M-028,Hydraulic Pump,53,68.34,1.979,4.66,398.05,15.97,1425.1,5569.6,Healthy
M-028,Hydraulic Pump,54,69.6,2.103,4.82,396.67,16.68,1423.2,5578.1,Healthy
M-028,Hydraulic Pump,55,69.67,2.005,4.64,393.3,16.99,1418.0,5586.6,Healthy
M-028,Hydraulic Pump,56,69.64,2.039,4.72,393.27,17.01,1416.4,5595.1,Healthy
M-028,Hydraulic Pump,57,70.56,2.108,4.71,390.87,18.25,1403.6,5603.6,Healthy
M-028,Hydraulic Pump,58,69.74,2.245,4.85,394.1,17.41,1410.8,5612.1,Healthy
M-028,Hydraulic Pump,59,70.72,2.199,4.83,394.55,17.79,1404.9,5620.6,Healthy
M-028,Hydraulic Pump,60,72.21,2.407,4.97,388.29,18.35,1405.9,5629.1,Healthy
M-028,Hydraulic Pump,61,70.15,2.379,4.91,389.51,18.43,1404.0,5637.6,Healthy
M-028,Hydraulic Pump,62,70.23,2.389,4.84,388.92,18.21,1391.8,5646.1,Healthy
M-028,Hydraulic Pump,63,72.77,2.541,4.72,391.15,18.48,1375.9,5654.6,Healthy
M-028,Hydraulic Pump,64,71.67,2.658,4.88,389.16,18.88,1381.4,5663.1,Healthy
M-028,Hydraulic Pump,65,72.55,2.455,4.77,388.05,18.81,1373.5,5671.6,Healthy
M-028,Hydraulic Pump,66,73.23,2.645,4.78,385.96,20.1,1369.2,5680.1,Healthy
M-028,Hydraulic Pump,67,73.36,2.647,4.81,387.99,19.33,1371.4,5688.6,Healthy
M-028,Hydraulic Pump,68,74.81,2.98,4.8,386.44,20.85,1376.1,5697.1,Healthy
M-028,Hydraulic Pump,69,72.96,2.758,4.91,383.61,20.73,1365.1,5705.6,Healthy
M-028,Hydraulic Pump,70,74.65,2.865,4.75,387.83,20.54,1354.6,5714.1,Healthy
M-028,Hydraulic Pump,71,74.27,2.984,4.71,383.03,20.69,1360.0,5722.6,Healthy
M-028,Hydraulic Pump,72,73.64,2.816,4.61,380.47,21.66,1348.7,5731.1,Warning
M-028,Hydraulic Pump,73,75.65,3.157,4.82,382.5,21.83,1345.0,5739.6,Warning
M-028,Hydraulic Pump,74,77.07,3.235,4.75,380.89,21.5,1348.8,5748.1,Warning
M-028,Hydraulic Pump,75,75.25,3.132,4.84,380.92,22.15,1349.3,5756.6,Warning
M-028,Hydraulic Pump,76,77.19,3.299,4.67,379.33,22.59,1319.9,5765.1,Warning
M-028,Hydraulic Pump,77,79.01,3.367,4.81,378.21,22.81,1315.1,5773.6,Warning
M-028,Hydraulic Pump,78,79.4,3.593,4.91,375.97,23.0,1329.1,5782.1,Warning
M-028,Hydraulic Pump,79,77.88,3.385,4.74,377.04,23.02,1326.6,5790.6,Warning
M-028,Hydraulic Pump,80,75.22,3.655,4.68,375.21,22.83,1304.9,5799.1,Warning
M-028,Hydraulic Pump,81,79.71,3.679,4.69,378.35,24.27,1305.1,5807.6,Warning
M-028,Hydraulic Pump,82,80.71,3.818,4.88,373.89,24.37,1300.8,5816.1,Critical
M-028,Hydraulic Pump,83,79.26,3.71,4.82,373.03,23.71,1301.9,5824.6,Warning
M-028,Hydraulic Pump,84,77.21,3.878,4.84,374.48,24.68,1290.8,5833.1,Critical
M-028,Hydraulic Pump,85,79.96,4.027,4.98,373.45,25.12,1276.1,5841.6,Critical
M-028,Hydraulic Pump,86,80.3,4.093,4.79,373.23,25.31,1283.5,5850.1,Critical
M-028,Hydraulic Pump,87,81.26,4.196,4.82,369.2,25.52,1277.5,5858.6,Critical
M-028,Hydraulic Pump,88,83.49,4.122,4.86,369.31,25.71,1262.0,5867.1,Critical
M-028,Hydraulic Pump,89,78.44,4.402,4.59,369.03,25.97,1254.9,5875.6,Critical
M-028,Hydraulic Pump,90,82.98,4.34,4.71,367.5,26.44,1256.2,5884.1,Critical
M-028,Hydraulic Pump,91,81.94,4.62,4.62,367.73,26.93,1258.6,5892.6,Critical
M-028,Hydraulic Pump,92,82.55,4.541,4.84,365.06,27.79,1251.9,5901.1,Critical
M-028,Hydraulic Pump,93,83.62,4.699,4.85,368.99,27.83,1238.2,5909.6,Critical
M-028,Hydraulic Pump,94,82.92,4.623,4.76,368.4,28.14,1235.1,5918.1,Critical
M-028,Hydraulic Pump,95,83.8,5.062,4.7,362.54,27.89,1226.9,5926.6,Critical
M-028,Hydraulic Pump,96,84.04,4.728,4.76,363.61,28.54,1225.5,5935.1,Critical
M-028,Hydraulic Pump,97,85.49,4.945,4.9,364.59,29.15,1216.1,5943.6,Critical
M-028,Hydraulic Pump,98,83.64,4.897,4.76,362.97,29.52,1217.2,5952.1,Critical
M-028,Hydraulic Pump,99,83.59,5.196,4.77,358.38,29.59,1225.8,5960.6,Critical
M-028,Hydraulic Pump,100,84.93,5.066,4.79,359.36,29.82,1201.2,5969.1,Critical
M-029,Centrifugal Compressor,1,61.83,2.465,4.81,406.29,14.38,1462.5,1829.2,Healthy
M-029,Centrifugal Compressor,2,63.37,2.137,4.58,406.54,14.44,1462.5,1837.7,Healthy
M-029,Centrifugal Compressor,3,62.95,2.054,4.48,407.71,14.75,1457.8,1846.2,Healthy
M-029,Centrifugal Compressor,4,61.68,2.392,4.58,405.75,14.67,1451.7,1854.7,Healthy
M-029,Centrifugal Compressor,5,64.23,2.126,4.47,403.92,14.16,1463.6,1863.2,Healthy
M-029,Centrifugal Compressor,6,63.65,2.296,4.42,402.0,14.66,1466.9,1871.7,Healthy
M-029,Centrifugal Compressor,7,64.12,2.29,4.61,404.72,14.54,1457.3,1880.2,Healthy
M-029,Centrifugal Compressor,8,61.85,2.334,4.57,407.82,13.92,1468.6,1888.7,Healthy
M-029,Centrifugal Compressor,9,62.99,2.434,4.65,401.13,14.73,1469.9,1897.2,Healthy
M-029,Centrifugal Compressor,10,61.32,2.118,4.63,406.22,14.14,1472.7,1905.7,Healthy
M-029,Centrifugal Compressor,11,63.19,2.056,4.45,408.08,14.38,1455.4,1914.2,Healthy
M-029,Centrifugal Compressor,12,63.37,2.233,4.42,408.03,14.78,1465.0,1922.7,Healthy
M-029,Centrifugal Compressor,13,60.99,2.528,4.73,408.54,14.47,1461.9,1931.2,Healthy
M-029,Centrifugal Compressor,14,63.36,2.169,4.49,404.82,14.58,1463.1,1939.7,Healthy
M-029,Centrifugal Compressor,15,61.68,2.115,4.58,403.87,13.93,1477.9,1948.2,Healthy
M-029,Centrifugal Compressor,16,65.6,2.252,4.37,408.42,14.48,1467.3,1956.7,Healthy
M-029,Centrifugal Compressor,17,62.07,2.181,4.52,406.35,14.11,1471.5,1965.2,Healthy
M-029,Centrifugal Compressor,18,60.75,2.355,4.56,408.44,14.03,1466.8,1973.7,Healthy
M-029,Centrifugal Compressor,19,63.4,2.335,4.46,404.45,14.26,1457.1,1982.2,Healthy
M-029,Centrifugal Compressor,20,64.34,2.322,4.63,403.1,13.72,1459.7,1990.7,Healthy
M-029,Centrifugal Compressor,21,61.3,2.311,4.46,406.61,14.09,1465.7,1999.2,Healthy
M-029,Centrifugal Compressor,22,61.77,2.082,4.63,404.46,14.85,1456.0,2007.7,Healthy
M-029,Centrifugal Compressor,23,61.84,2.272,4.49,406.25,14.51,1465.6,2016.2,Healthy
M-029,Centrifugal Compressor,24,62.73,2.126,4.72,405.26,14.22,1460.5,2024.7,Healthy
M-029,Centrifugal Compressor,25,62.52,2.096,4.61,404.36,14.25,1475.2,2033.2,Healthy
M-029,Centrifugal Compressor,26,63.97,2.499,4.48,407.46,14.51,1460.7,2041.7,Healthy
M-029,Centrifugal Compressor,27,61.93,2.436,4.5,406.27,14.69,1453.4,2050.2,Healthy
M-029,Centrifugal Compressor,28,61.53,2.608,4.46,409.23,14.35,1457.8,2058.7,Healthy
M-029,Centrifugal Compressor,29,62.44,2.298,4.68,407.51,14.29,1446.2,2067.2,Healthy
M-029,Centrifugal Compressor,30,62.86,2.322,4.67,403.06,14.19,1457.0,2075.7,Healthy
M-029,Centrifugal Compressor,31,62.76,2.317,4.59,402.21,14.43,1463.1,2084.2,Healthy
M-029,Centrifugal Compressor,32,62.92,2.285,4.21,407.13,14.03,1466.1,2092.7,Healthy
M-029,Centrifugal Compressor,33,64.33,2.105,4.61,403.53,14.35,1460.2,2101.2,Healthy
M-029,Centrifugal Compressor,34,63.74,2.379,4.57,402.71,13.49,1468.5,2109.7,Healthy
M-029,Centrifugal Compressor,35,63.73,2.186,4.58,405.58,14.75,1461.8,2118.2,Healthy
M-029,Centrifugal Compressor,36,63.91,2.232,4.58,405.17,14.15,1442.5,2126.7,Healthy
M-029,Centrifugal Compressor,37,63.94,2.516,4.41,407.38,14.6,1457.0,2135.2,Healthy
M-029,Centrifugal Compressor,38,61.95,2.447,4.66,406.9,14.18,1469.9,2143.7,Healthy
M-029,Centrifugal Compressor,39,61.83,2.476,4.71,408.36,14.49,1440.8,2152.2,Healthy
M-029,Centrifugal Compressor,40,62.61,2.518,4.64,406.87,14.13,1469.4,2160.7,Healthy
M-029,Centrifugal Compressor,41,60.94,2.285,4.72,404.39,14.58,1447.1,2169.2,Healthy
M-029,Centrifugal Compressor,42,62.05,2.327,4.58,410.13,14.19,1465.9,2177.7,Healthy
M-029,Centrifugal Compressor,43,63.6,2.253,4.64,407.13,14.35,1461.4,2186.2,Healthy
M-029,Centrifugal Compressor,44,61.91,2.243,4.55,406.99,14.44,1453.1,2194.7,Healthy
M-029,Centrifugal Compressor,45,62.94,2.48,4.41,406.87,14.87,1445.0,2203.2,Healthy
M-029,Centrifugal Compressor,46,63.11,2.49,4.36,402.69,14.3,1448.8,2211.7,Healthy
M-029,Centrifugal Compressor,47,64.82,2.546,4.5,406.4,15.22,1461.0,2220.2,Healthy
M-029,Centrifugal Compressor,48,63.67,2.554,4.89,403.28,15.13,1446.8,2228.7,Healthy
M-029,Centrifugal Compressor,49,63.88,2.597,4.55,400.71,15.33,1441.0,2237.2,Healthy
M-029,Centrifugal Compressor,50,62.13,2.71,4.49,403.72,14.4,1446.1,2245.7,Healthy
M-029,Centrifugal Compressor,51,64.05,2.43,4.49,401.08,15.96,1439.7,2254.2,Healthy
M-029,Centrifugal Compressor,52,62.84,2.715,4.34,399.68,15.9,1430.7,2262.7,Healthy
M-029,Centrifugal Compressor,53,66.34,2.729,4.61,402.72,15.94,1423.8,2271.2,Healthy
M-029,Centrifugal Compressor,54,65.09,2.861,4.52,402.02,16.29,1416.5,2279.7,Healthy
M-029,Centrifugal Compressor,55,63.65,2.994,4.43,399.0,16.83,1415.8,2288.2,Healthy
M-029,Centrifugal Compressor,56,64.85,2.832,4.51,397.75,16.66,1427.2,2296.7,Healthy
M-029,Centrifugal Compressor,57,65.79,2.83,4.64,402.52,17.29,1409.1,2305.2,Healthy
M-029,Centrifugal Compressor,58,64.89,3.014,4.57,396.05,17.28,1415.1,2313.7,Healthy
M-029,Centrifugal Compressor,59,68.26,2.963,4.69,400.75,17.17,1413.3,2322.2,Healthy
M-029,Centrifugal Compressor,60,66.51,3.04,4.57,395.68,17.09,1402.3,2330.7,Healthy
M-029,Centrifugal Compressor,61,68.47,3.102,4.55,398.21,17.32,1406.1,2339.2,Healthy
M-029,Centrifugal Compressor,62,69.35,3.194,4.36,395.82,18.34,1399.4,2347.7,Healthy
M-029,Centrifugal Compressor,63,67.96,3.287,4.45,393.7,18.24,1397.6,2356.2,Healthy
M-029,Centrifugal Compressor,64,66.51,3.545,4.31,391.24,18.81,1394.0,2364.7,Healthy
M-029,Centrifugal Compressor,65,68.15,3.439,4.6,393.98,18.97,1360.9,2373.2,Healthy
M-029,Centrifugal Compressor,66,68.39,3.412,4.74,391.64,19.12,1393.2,2381.7,Healthy
M-029,Centrifugal Compressor,67,69.53,3.481,4.64,391.02,19.99,1382.6,2390.2,Healthy
M-029,Centrifugal Compressor,68,67.22,3.467,4.33,393.49,19.85,1369.4,2398.7,Healthy
M-029,Centrifugal Compressor,69,70.93,3.591,4.81,388.79,20.14,1365.5,2407.2,Healthy
M-029,Centrifugal Compressor,70,69.0,3.643,4.58,390.59,20.42,1369.0,2415.7,Healthy
M-029,Centrifugal Compressor,71,71.88,3.583,4.39,389.62,20.18,1366.6,2424.2,Healthy
M-029,Centrifugal Compressor,72,69.19,3.725,4.51,392.55,21.47,1345.9,2432.7,Warning
M-029,Centrifugal Compressor,73,68.17,3.787,4.54,388.2,20.98,1357.0,2441.2,Healthy
M-029,Centrifugal Compressor,74,70.66,3.947,4.61,387.97,21.53,1332.1,2449.7,Warning
M-029,Centrifugal Compressor,75,71.62,4.015,4.53,385.59,21.73,1342.0,2458.2,Warning
M-029,Centrifugal Compressor,76,71.76,4.014,4.52,384.49,21.69,1328.8,2466.7,Warning
M-029,Centrifugal Compressor,77,71.7,4.165,4.63,385.15,22.12,1332.7,2475.2,Warning
M-029,Centrifugal Compressor,78,73.69,4.162,4.59,385.22,22.22,1332.3,2483.7,Warning
M-029,Centrifugal Compressor,79,70.38,4.384,4.43,383.42,23.02,1318.4,2492.2,Warning
M-029,Centrifugal Compressor,80,73.5,4.427,4.73,382.88,23.09,1317.2,2500.7,Warning
M-029,Centrifugal Compressor,81,73.31,4.234,4.44,382.09,23.44,1322.0,2509.2,Warning
M-029,Centrifugal Compressor,82,73.68,4.648,4.43,381.74,23.53,1296.4,2517.7,Warning
M-029,Centrifugal Compressor,83,72.27,4.483,4.51,378.74,24.19,1298.7,2526.2,Warning
M-029,Centrifugal Compressor,84,73.48,4.578,4.48,383.0,24.12,1289.5,2534.7,Warning
M-029,Centrifugal Compressor,85,77.01,4.765,4.56,377.3,24.8,1280.0,2543.2,Warning
M-029,Centrifugal Compressor,86,76.23,4.78,4.65,373.35,24.52,1278.6,2551.7,Critical
M-029,Centrifugal Compressor,87,74.43,4.873,4.52,375.5,24.77,1273.7,2560.2,Warning
M-029,Centrifugal Compressor,88,77.19,4.887,4.63,381.73,25.46,1264.9,2568.7,Warning
M-029,Centrifugal Compressor,89,76.36,5.194,4.66,374.27,25.67,1277.2,2577.2,Critical
M-029,Centrifugal Compressor,90,77.48,5.137,4.52,375.5,25.99,1276.8,2585.7,Warning
M-029,Centrifugal Compressor,91,75.46,4.934,4.48,372.51,25.88,1246.7,2594.2,Critical
M-029,Centrifugal Compressor,92,78.96,5.172,4.52,373.13,27.29,1256.0,2602.7,Critical
M-029,Centrifugal Compressor,93,77.93,5.19,4.61,372.03,27.64,1248.4,2611.2,Critical
M-029,Centrifugal Compressor,94,79.66,5.257,4.48,367.64,27.66,1243.9,2619.7,Critical
M-029,Centrifugal Compressor,95,79.61,5.622,4.46,368.43,27.43,1222.0,2628.2,Critical
M-029,Centrifugal Compressor,96,79.0,5.601,4.55,366.4,27.91,1234.3,2636.7,Critical
M-029,Centrifugal Compressor,97,80.79,5.668,4.51,367.97,28.57,1223.1,2645.2,Critical
M-029,Centrifugal Compressor,98,81.06,5.571,4.7,368.25,28.01,1227.4,2653.7,Critical
M-029,Centrifugal Compressor,99,80.74,5.786,4.77,366.37,28.49,1226.9,2662.2,Critical
M-029,Centrifugal Compressor,100,78.7,5.716,4.55,364.2,29.34,1210.1,2670.7,Critical
M-030,Industrial Robot,1,61.42,1.936,5.35,412.02,12.28,1498.8,6636.8,Healthy
M-030,Industrial Robot,2,60.02,2.018,5.49,406.3,12.46,1501.3,6645.3,Healthy
M-030,Industrial Robot,3,61.79,1.842,5.61,410.21,13.16,1487.0,6653.8,Healthy
M-030,Industrial Robot,4,60.45,2.013,5.5,410.76,12.29,1497.0,6662.3,Healthy
M-030,Industrial Robot,5,61.98,2.057,5.34,407.32,12.33,1485.8,6670.8,Healthy
M-030,Industrial Robot,6,59.2,1.971,5.43,412.16,13.32,1482.9,6679.3,Healthy
M-030,Industrial Robot,7,59.88,1.984,5.49,410.38,13.05,1485.5,6687.8,Healthy
M-030,Industrial Robot,8,59.52,1.747,5.46,408.94,12.89,1498.8,6696.3,Healthy
M-030,Industrial Robot,9,62.46,1.81,5.4,406.02,12.59,1494.7,6704.8,Healthy
M-030,Industrial Robot,10,59.95,1.717,5.66,408.23,12.55,1483.9,6713.3,Healthy
M-030,Industrial Robot,11,59.2,2.003,5.3,411.89,12.68,1485.5,6721.8,Healthy
M-030,Industrial Robot,12,60.5,1.949,5.41,410.0,12.28,1470.5,6730.3,Healthy
M-030,Industrial Robot,13,61.54,2.187,5.53,409.55,12.45,1484.7,6738.8,Healthy
M-030,Industrial Robot,14,60.32,1.918,5.24,404.52,12.75,1486.1,6747.3,Healthy
M-030,Industrial Robot,15,59.61,1.773,5.42,408.81,13.09,1479.1,6755.8,Healthy
M-030,Industrial Robot,16,61.71,1.965,5.46,411.17,12.74,1477.6,6764.3,Healthy
M-030,Industrial Robot,17,60.09,1.941,5.42,410.87,13.0,1487.5,6772.8,Healthy
M-030,Industrial Robot,18,60.07,1.808,5.44,408.78,12.89,1483.0,6781.3,Healthy
M-030,Industrial Robot,19,60.59,1.988,5.44,408.76,12.89,1496.9,6789.8,Healthy
M-030,Industrial Robot,20,60.84,2.094,5.49,411.4,13.27,1482.6,6798.3,Healthy
M-030,Industrial Robot,21,60.17,1.99,5.46,407.76,12.47,1476.4,6806.8,Healthy
M-030,Industrial Robot,22,60.83,1.914,5.58,412.01,12.48,1504.5,6815.3,Healthy
M-030,Industrial Robot,23,59.51,1.727,5.35,407.3,12.85,1501.1,6823.8,Healthy
M-030,Industrial Robot,24,62.87,1.668,5.56,412.7,12.94,1482.6,6832.3,Healthy
M-030,Industrial Robot,25,61.0,1.78,5.55,406.72,12.83,1482.0,6840.8,Healthy
M-030,Industrial Robot,26,61.23,1.864,5.44,411.54,13.12,1480.7,6849.3,Healthy
M-030,Industrial Robot,27,61.02,1.764,5.43,408.19,12.15,1496.1,6857.8,Healthy
M-030,Industrial Robot,28,60.92,1.829,5.47,412.04,12.95,1492.1,6866.3,Healthy
M-030,Industrial Robot,29,59.99,1.909,5.37,409.47,12.93,1497.0,6874.8,Healthy
M-030,Industrial Robot,30,60.03,1.994,5.54,409.16,12.85,1497.5,6883.3,Healthy
M-030,Industrial Robot,31,61.82,1.768,5.45,410.44,12.31,1500.1,6891.8,Healthy
M-030,Industrial Robot,32,61.17,1.84,5.42,408.25,12.84,1494.3,6900.3,Healthy
M-030,Industrial Robot,33,60.0,2.071,5.44,408.05,12.76,1478.1,6908.8,Healthy
M-030,Industrial Robot,34,59.16,1.78,5.4,411.14,12.13,1490.6,6917.3,Healthy
M-030,Industrial Robot,35,61.81,2.068,5.43,408.82,13.3,1498.5,6925.8,Healthy
M-030,Industrial Robot,36,60.47,2.032,5.5,409.68,13.46,1496.3,6934.3,Healthy
M-030,Industrial Robot,37,63.06,1.767,5.66,409.33,12.53,1490.8,6942.8,Healthy
M-030,Industrial Robot,38,61.41,2.021,5.56,408.34,12.24,1486.1,6951.3,Healthy
M-030,Industrial Robot,39,60.78,1.905,5.61,410.01,13.51,1499.2,6959.8,Healthy
M-030,Industrial Robot,40,60.44,1.681,5.71,409.08,12.91,1482.3,6968.3,Healthy
M-030,Industrial Robot,41,62.72,1.996,5.37,405.73,12.65,1491.6,6976.8,Healthy
M-030,Industrial Robot,42,61.71,1.801,5.41,405.86,12.4,1474.6,6985.3,Healthy
M-030,Industrial Robot,43,59.94,1.934,5.51,408.3,12.68,1499.5,6993.8,Healthy
M-030,Industrial Robot,44,60.46,1.741,5.55,411.83,12.34,1482.2,7002.3,Healthy
M-030,Industrial Robot,45,58.42,1.839,5.38,406.6,12.46,1487.6,7010.8,Healthy
M-030,Industrial Robot,46,60.57,1.856,5.63,410.26,12.82,1502.2,7019.3,Healthy
M-030,Industrial Robot,47,61.98,1.862,5.29,408.9,13.1,1495.5,7027.8,Healthy
M-030,Industrial Robot,48,60.36,1.885,5.49,408.41,12.39,1482.5,7036.3,Healthy
M-030,Industrial Robot,49,61.39,1.768,5.62,409.63,12.2,1495.9,7044.8,Healthy
M-030,Industrial Robot,50,62.6,2.271,5.61,407.89,12.66,1507.9,7053.3,Healthy
M-030,Industrial Robot,51,59.86,1.742,5.44,407.62,12.38,1482.4,7061.8,Healthy
M-030,Industrial Robot,52,61.66,1.739,5.49,408.11,12.78,1492.9,7070.3,Healthy
M-030,Industrial Robot,53,61.87,2.002,5.41,409.64,13.1,1491.2,7078.8,Healthy
M-030,Industrial Robot,54,61.86,1.749,5.57,405.87,12.05,1480.5,7087.3,Healthy
M-030,Industrial Robot,55,61.31,1.966,5.39,405.8,12.92,1492.4,7095.8,Healthy
M-030,Industrial Robot,56,61.31,2.126,5.49,407.66,13.05,1484.4,7104.3,Healthy
M-030,Industrial Robot,57,60.67,1.83,5.39,408.8,13.12,1479.1,7112.8,Healthy
M-030,Industrial Robot,58,62.08,1.673,5.64,413.06,12.23,1488.3,7121.3,Healthy
M-030,Industrial Robot,59,61.57,1.822,5.66,409.69,12.41,1488.3,7129.8,Healthy
M-030,Industrial Robot,60,59.91,1.897,5.43,408.09,12.87,1474.1,7138.3,Healthy
M-030,Industrial Robot,61,62.91,1.922,5.66,411.57,12.12,1488.2,7146.8,Healthy
M-030,Industrial Robot,62,58.64,1.786,5.46,408.23,12.42,1482.3,7155.3,Healthy
M-030,Industrial Robot,63,63.47,1.909,5.54,409.54,12.71,1471.2,7163.8,Healthy
M-030,Industrial Robot,64,62.8,1.808,5.59,412.01,11.96,1488.1,7172.3,Healthy
M-030,Industrial Robot,65,61.28,1.908,5.48,408.77,12.34,1496.1,7180.8,Healthy
M-030,Industrial Robot,66,61.27,1.917,5.32,409.13,12.57,1494.4,7189.3,Healthy
M-030,Industrial Robot,67,58.71,1.763,5.66,408.05,11.94,1482.1,7197.8,Healthy
M-030,Industrial Robot,68,59.84,1.973,5.54,407.71,12.46,1492.0,7206.3,Healthy
M-030,Industrial Robot,69,61.48,1.77,5.38,413.88,12.5,1499.6,7214.8,Healthy
M-030,Industrial Robot,70,61.07,2.026,5.54,409.99,12.64,1477.7,7223.3,Healthy
M-030,Industrial Robot,71,60.6,1.832,5.44,408.91,12.65,1492.8,7231.8,Healthy
M-030,Industrial Robot,72,60.63,2.009,5.43,409.82,13.47,1478.1,7240.3,Healthy
M-030,Industrial Robot,73,60.29,1.677,5.5,409.68,12.63,1480.4,7248.8,Healthy
M-030,Industrial Robot,74,59.88,1.901,5.34,411.41,12.1,1486.5,7257.3,Healthy
M-030,Industrial Robot,75,60.27,1.835,5.32,409.56,12.17,1488.8,7265.8,Healthy
M-030,Industrial Robot,76,59.89,1.889,5.3,411.47,12.97,1483.3,7274.3,Healthy
M-030,Industrial Robot,77,64.16,1.986,5.45,408.66,12.31,1482.9,7282.8,Healthy
M-030,Industrial Robot,78,60.67,1.889,5.34,412.35,12.86,1502.4,7291.3,Healthy
M-030,Industrial Robot,79,61.24,2.02,5.35,410.85,11.96,1479.9,7299.8,Healthy
M-030,Industrial Robot,80,63.81,1.853,5.47,411.05,12.57,1479.5,7308.3,Healthy
M-030,Industrial Robot,81,59.6,1.991,5.51,411.32,12.79,1488.2,7316.8,Healthy
M-030,Industrial Robot,82,60.81,1.906,5.44,408.94,12.76,1499.2,7325.3,Healthy
M-030,Industrial Robot,83,58.79,2.181,5.55,410.52,12.24,1482.0,7333.8,Healthy
M-030,Industrial Robot,84,61.53,1.925,5.35,407.92,12.33,1481.1,7342.3,Healthy
M-030,Industrial Robot,85,61.12,1.772,5.55,406.67,12.93,1512.1,7350.8,Healthy
M-030,Industrial Robot,86,61.73,1.829,5.43,407.4,12.97,1489.0,7359.3,Healthy
M-030,Industrial Robot,87,58.63,1.72,5.3,411.17,12.24,1494.3,7367.8,Healthy
M-030,Industrial Robot,88,60.13,1.99,5.45,411.54,12.31,1481.8,7376.3,Healthy
M-030,Industrial Robot,89,60.25,1.995,5.37,408.49,12.5,1490.9,7384.8,Healthy
M-030,Industrial Robot,90,60.32,1.964,5.4,411.62,12.85,1483.1,7393.3,Healthy
M-030,Industrial Robot,91,61.66,1.764,5.49,408.07,12.7,1486.3,7401.8,Healthy
M-030,Industrial Robot,92,59.89,1.706,5.45,412.03,12.69,1475.2,7410.3,Healthy
M-030,Industrial Robot,93,60.52,2.037,5.45,407.7,13.2,1479.0,7418.8,Healthy
M-030,Industrial Robot,94,60.53,1.821,5.54,410.61,12.28,1482.1,7427.3,Healthy
M-030,Industrial Robot,95,60.96,1.921,5.45,409.03,12.16,1502.5,7435.8,Healthy
M-030,Industrial Robot,96,61.56,1.895,5.57,409.24,12.3,1490.4,7444.3,Healthy
M-030,Industrial Robot,97,60.96,2.096,5.4,407.72,13.32,1497.1,7452.8,Healthy
M-030,Industrial Robot,98,61.56,1.813,5.52,407.06,12.41,1478.4,7461.3,Healthy
M-030,Industrial Robot,99,59.89,1.752,5.55,413.22,12.93,1493.7,7469.8,Healthy
M-030,Industrial Robot,100,60.39,1.918,5.37,407.05,12.08,1477.9,7478.3,Healthy
M-031,CNC Lathe,1,62.21,2.209,4.52,396.3,15.91,1446.6,1042.5,Healthy
M-031,CNC Lathe,2,64.26,2.223,4.58,395.41,15.24,1461.1,1051.0,Healthy
M-031,CNC Lathe,3,65.29,2.045,4.31,397.07,15.53,1459.9,1059.5,Healthy
M-031,CNC Lathe,4,65.41,2.034,4.55,394.21,15.22,1445.4,1068.0,Healthy
M-031,CNC Lathe,5,65.23,2.363,4.51,399.49,16.25,1462.5,1076.5,Healthy
M-031,CNC Lathe,6,67.12,2.347,4.62,392.16,15.66,1452.9,1085.0,Healthy
M-031,CNC Lathe,7,66.64,2.135,4.68,396.13,15.73,1455.4,1093.5,Healthy
M-031,CNC Lathe,8,65.01,2.204,4.5,395.0,15.6,1473.0,1102.0,Healthy
M-031,CNC Lathe,9,67.63,2.115,4.59,394.27,15.63,1449.7,1110.5,Healthy
M-031,CNC Lathe,10,66.46,2.23,4.57,397.7,15.44,1455.8,1119.0,Healthy
M-031,CNC Lathe,11,65.77,2.13,4.51,394.33,16.21,1465.9,1127.5,Healthy
M-031,CNC Lathe,12,66.72,2.251,4.4,394.97,15.5,1456.4,1136.0,Healthy
M-031,CNC Lathe,13,66.5,1.995,4.45,395.14,15.28,1460.1,1144.5,Healthy
M-031,CNC Lathe,14,64.82,2.305,4.48,396.85,15.78,1438.6,1153.0,Healthy
M-031,CNC Lathe,15,63.51,2.218,4.54,395.79,16.21,1462.5,1161.5,Healthy
M-031,CNC Lathe,16,67.12,1.877,4.68,394.71,15.75,1467.9,1170.0,Healthy
M-031,CNC Lathe,17,62.69,2.141,4.61,394.69,16.06,1463.8,1178.5,Healthy
M-031,CNC Lathe,18,65.44,2.244,4.63,397.13,16.07,1451.4,1187.0,Healthy
M-031,CNC Lathe,19,65.93,2.231,4.62,393.61,16.12,1451.4,1195.5,Healthy
M-031,CNC Lathe,20,68.1,2.077,4.39,395.21,16.16,1460.4,1204.0,Healthy
M-031,CNC Lathe,21,67.39,2.164,4.46,394.13,15.68,1445.2,1212.5,Healthy
M-031,CNC Lathe,22,64.7,2.075,4.58,398.34,16.03,1449.6,1221.0,Healthy
M-031,CNC Lathe,23,66.49,2.237,4.61,393.24,15.74,1459.2,1229.5,Healthy
M-031,CNC Lathe,24,65.69,2.377,4.42,395.72,16.33,1439.4,1238.0,Healthy
M-031,CNC Lathe,25,65.84,2.049,4.65,391.94,16.18,1449.9,1246.5,Healthy
M-031,CNC Lathe,26,64.82,2.539,4.44,393.73,16.12,1442.5,1255.0,Healthy
M-031,CNC Lathe,27,65.99,2.429,4.52,392.44,16.48,1435.2,1263.5,Healthy
M-031,CNC Lathe,28,67.69,2.312,4.46,389.74,16.43,1457.5,1272.0,Healthy
M-031,CNC Lathe,29,67.15,2.536,4.52,388.05,16.76,1443.6,1280.5,Healthy
M-031,CNC Lathe,30,67.65,2.429,4.43,392.74,16.74,1444.0,1289.0,Healthy
M-031,CNC Lathe,31,66.62,2.345,4.56,391.11,16.88,1433.8,1297.5,Healthy
M-031,CNC Lathe,32,67.19,2.332,4.51,394.38,17.17,1429.9,1306.0,Healthy
M-031,CNC Lathe,33,66.63,2.565,4.56,394.85,16.7,1435.0,1314.5,Healthy
M-031,CNC Lathe,34,67.46,2.555,4.54,391.0,17.07,1432.2,1323.0,Healthy
M-031,CNC Lathe,35,68.2,2.591,4.61,390.6,17.72,1415.4,1331.5,Healthy
M-031,CNC Lathe,36,70.29,2.604,4.46,390.14,17.38,1416.2,1340.0,Healthy
M-031,CNC Lathe,37,67.83,2.681,4.53,390.2,17.84,1413.4,1348.5,Healthy
M-031,CNC Lathe,38,67.38,2.723,4.45,390.44,17.97,1419.3,1357.0,Healthy
M-031,CNC Lathe,39,68.4,2.798,4.58,393.4,18.48,1406.0,1365.5,Healthy
M-031,CNC Lathe,40,67.04,2.744,4.43,389.79,18.51,1411.3,1374.0,Healthy
M-031,CNC Lathe,41,69.97,2.989,4.32,385.72,18.88,1419.5,1382.5,Healthy
M-031,CNC Lathe,42,69.34,2.854,4.49,389.22,18.72,1420.2,1391.0,Healthy
M-031,CNC Lathe,43,68.12,2.894,4.59,388.03,19.06,1412.3,1399.5,Healthy
M-031,CNC Lathe,44,68.63,2.809,4.43,385.08,18.35,1412.9,1408.0,Healthy
M-031,CNC Lathe,45,67.08,3.194,4.45,386.24,18.64,1404.4,1416.5,Healthy
M-031,CNC Lathe,46,69.23,3.018,4.43,387.3,19.05,1399.1,1425.0,Healthy
M-031,CNC Lathe,47,70.31,3.226,4.59,386.05,19.51,1398.1,1433.5,Healthy
M-031,CNC Lathe,48,70.89,3.003,4.59,383.53,19.85,1397.0,1442.0,Healthy
M-031,CNC Lathe,49,69.38,2.949,4.48,379.67,19.8,1379.7,1450.5,Warning
M-031,CNC Lathe,50,74.13,3.303,4.51,387.12,20.29,1377.4,1459.0,Healthy
M-031,CNC Lathe,51,69.86,3.342,4.41,384.76,20.46,1381.6,1467.5,Healthy
M-031,CNC Lathe,52,71.02,3.361,4.58,384.38,20.41,1385.3,1476.0,Healthy
M-031,CNC Lathe,53,68.63,3.481,4.49,381.52,20.8,1382.1,1484.5,Healthy
M-031,CNC Lathe,54,70.11,3.356,4.51,382.43,21.35,1374.3,1493.0,Warning
M-031,CNC Lathe,55,71.35,3.31,4.42,382.77,20.8,1369.8,1501.5,Healthy
M-031,CNC Lathe,56,71.97,3.443,4.52,381.75,21.38,1389.3,1510.0,Warning
M-031,CNC Lathe,57,73.44,3.437,4.63,378.87,21.15,1370.6,1518.5,Warning
M-031,CNC Lathe,58,73.0,3.597,4.45,379.29,21.59,1359.7,1527.0,Warning
M-031,CNC Lathe,59,73.49,3.537,4.47,376.69,22.04,1361.1,1535.5,Warning
M-031,CNC Lathe,60,69.92,3.67,4.46,380.97,21.9,1348.8,1544.0,Warning
M-031,CNC Lathe,61,74.97,3.851,4.49,379.64,21.97,1338.3,1552.5,Warning
M-031,CNC Lathe,62,74.72,3.613,4.63,379.76,22.43,1348.3,1561.0,Warning
M-031,CNC Lathe,63,74.22,3.643,4.64,378.12,23.05,1344.4,1569.5,Warning
M-031,CNC Lathe,64,73.79,3.834,4.56,380.92,22.57,1341.0,1578.0,Warning
M-031,CNC Lathe,65,73.84,3.571,4.45,375.78,23.85,1340.7,1586.5,Warning
M-031,CNC Lathe,66,74.7,3.721,4.5,378.09,24.02,1329.7,1595.0,Warning
M-031,CNC Lathe,67,72.17,3.852,4.43,374.14,23.66,1334.5,1603.5,Warning
M-031,CNC Lathe,68,73.24,4.163,4.69,371.71,23.96,1327.0,1612.0,Warning
M-031,CNC Lathe,69,73.72,3.867,4.46,373.52,23.81,1342.1,1620.5,Warning
M-031,CNC Lathe,70,74.49,3.921,4.47,376.09,23.88,1326.6,1629.0,Warning
M-031,CNC Lathe,71,75.55,4.146,4.66,371.51,23.81,1310.6,1637.5,Warning
M-031,CNC Lathe,72,76.02,4.195,4.58,372.73,24.32,1317.0,1646.0,Critical
M-031,CNC Lathe,73,77.89,4.099,4.41,372.4,25.31,1302.3,1654.5,Critical
M-031,CNC Lathe,74,76.1,4.183,4.54,367.62,24.45,1317.5,1663.0,Critical
M-031,CNC Lathe,75,76.38,4.249,4.5,371.05,25.22,1287.1,1671.5,Critical
M-031,CNC Lathe,76,75.39,4.274,4.57,370.58,25.75,1306.7,1680.0,Critical
M-031,CNC Lathe,77,76.48,4.433,4.63,372.88,25.43,1288.6,1688.5,Critical
M-031,CNC Lathe,78,74.63,4.238,4.55,370.34,25.44,1303.2,1697.0,Critical
M-031,CNC Lathe,79,77.17,4.471,4.62,370.93,25.88,1293.3,1705.5,Critical
M-031,CNC Lathe,80,78.45,4.854,4.49,365.9,26.34,1286.0,1714.0,Critical
M-031,CNC Lathe,81,78.08,4.641,4.35,368.19,26.21,1279.3,1722.5,Critical
M-031,CNC Lathe,82,77.74,4.692,4.53,367.02,26.97,1284.1,1731.0,Critical
M-031,CNC Lathe,83,78.4,4.624,4.56,365.85,26.73,1263.8,1739.5,Critical
M-031,CNC Lathe,84,79.25,5.112,4.45,367.12,27.45,1266.4,1748.0,Critical
M-031,CNC Lathe,85,76.11,4.937,4.51,365.9,27.26,1276.1,1756.5,Critical
M-031,CNC Lathe,86,79.18,5.167,4.57,366.7,27.47,1265.6,1765.0,Critical
M-031,CNC Lathe,87,77.54,4.891,4.61,363.93,27.3,1253.8,1773.5,Critical
M-031,CNC Lathe,88,79.01,5.009,4.42,366.3,27.99,1244.3,1782.0,Critical
M-031,CNC Lathe,89,81.96,5.062,4.56,363.45,28.3,1248.9,1790.5,Critical
M-031,CNC Lathe,90,80.8,5.103,4.54,361.85,28.28,1236.1,1799.0,Critical
M-031,CNC Lathe,91,80.67,5.202,4.69,362.57,28.36,1235.8,1807.5,Critical
M-031,CNC Lathe,92,81.28,5.14,4.45,359.49,28.73,1245.9,1816.0,Critical
M-031,CNC Lathe,93,78.85,5.439,4.48,359.09,29.39,1234.5,1824.5,Critical
M-031,CNC Lathe,94,80.26,5.156,4.57,361.26,29.17,1242.8,1833.0,Critical
M-031,CNC Lathe,95,81.84,5.553,4.41,356.95,29.37,1225.1,1841.5,Critical
M-031,CNC Lathe,96,83.47,5.484,4.43,358.5,29.64,1217.9,1850.0,Critical
M-031,CNC Lathe,97,82.27,5.481,4.43,356.29,30.31,1223.8,1858.5,Critical
M-031,CNC Lathe,98,83.79,5.526,4.4,356.06,30.62,1203.6,1867.0,Critical
M-031,CNC Lathe,99,84.68,5.483,4.58,354.53,30.29,1196.0,1875.5,Critical
M-031,CNC Lathe,100,85.46,5.741,4.57,354.94,30.42,1214.6,1884.0,Critical
M-032,Induction Motor,1,67.47,1.793,4.94,391.58,14.83,1462.3,3729.7,Healthy
M-032,Induction Motor,2,67.21,2.105,4.89,392.8,16.06,1466.5,3738.2,Healthy
M-032,Induction Motor,3,66.66,2.213,5.11,394.35,14.93,1469.8,3746.7,Healthy
M-032,Induction Motor,4,66.98,2.226,4.93,392.59,15.38,1472.8,3755.2,Healthy
M-032,Induction Motor,5,70.52,2.067,4.91,391.51,14.68,1453.5,3763.7,Healthy
M-032,Induction Motor,6,67.96,2.191,4.86,394.72,14.9,1455.6,3772.2,Healthy
M-032,Induction Motor,7,66.39,2.224,5.11,391.69,14.92,1466.5,3780.7,Healthy
M-032,Induction Motor,8,69.75,2.258,4.91,392.78,14.77,1458.4,3789.2,Healthy
M-032,Induction Motor,9,67.79,1.902,4.9,393.59,14.67,1465.3,3797.7,Healthy
M-032,Induction Motor,10,68.9,2.133,4.9,395.49,15.68,1464.1,3806.2,Healthy
M-032,Induction Motor,11,67.85,1.99,4.91,395.29,15.85,1458.2,3814.7,Healthy
M-032,Induction Motor,12,67.47,1.987,4.91,390.63,15.35,1451.4,3823.2,Healthy
M-032,Induction Motor,13,67.02,2.057,4.82,391.6,14.81,1470.3,3831.7,Healthy
M-032,Induction Motor,14,69.38,1.97,5.23,391.28,15.05,1465.5,3840.2,Healthy
M-032,Induction Motor,15,68.38,2.026,5.06,395.55,15.2,1460.3,3848.7,Healthy
M-032,Induction Motor,16,66.94,1.939,4.87,394.24,15.2,1459.6,3857.2,Healthy
M-032,Induction Motor,17,66.99,1.998,4.95,392.9,15.2,1458.0,3865.7,Healthy
M-032,Induction Motor,18,66.87,2.065,5.02,392.13,14.36,1450.6,3874.2,Healthy
M-032,Induction Motor,19,68.96,2.183,5.02,394.18,15.56,1458.8,3882.7,Healthy
M-032,Induction Motor,20,67.84,1.972,4.93,396.94,14.91,1452.2,3891.2,Healthy
M-032,Induction Motor,21,67.44,2.016,4.98,394.74,15.07,1478.4,3899.7,Healthy
M-032,Induction Motor,22,69.15,1.973,4.94,394.21,14.91,1445.0,3908.2,Healthy
M-032,Induction Motor,23,69.99,1.931,5.04,394.55,14.91,1477.2,3916.7,Healthy
M-032,Induction Motor,24,67.75,2.081,4.8,388.93,15.11,1471.9,3925.2,Healthy
M-032,Induction Motor,25,65.44,2.082,4.96,395.63,15.56,1462.7,3933.7,Healthy
M-032,Induction Motor,26,67.56,1.978,4.84,391.9,14.81,1460.7,3942.2,Healthy
M-032,Induction Motor,27,67.63,2.031,4.96,392.23,15.49,1463.4,3950.7,Healthy
M-032,Induction Motor,28,67.09,1.924,4.94,395.43,15.41,1467.6,3959.2,Healthy
M-032,Induction Motor,29,68.54,2.21,5.04,393.45,15.06,1468.5,3967.7,Healthy
M-032,Induction Motor,30,64.77,2.216,5.02,396.43,14.81,1470.8,3976.2,Healthy
M-032,Induction Motor,31,68.47,1.991,4.94,392.74,15.07,1450.7,3984.7,Healthy
M-032,Induction Motor,32,69.08,1.951,4.85,395.55,14.71,1459.1,3993.2,Healthy
M-032,Induction Motor,33,66.48,2.261,5.07,391.51,14.85,1467.7,4001.7,Healthy
M-032,Induction Motor,34,68.19,2.022,4.91,392.68,15.52,1474.1,4010.2,Healthy
M-032,Induction Motor,35,69.86,1.976,4.96,395.84,14.89,1456.1,4018.7,Healthy
M-032,Induction Motor,36,68.63,2.008,4.8,391.5,15.55,1463.5,4027.2,Healthy
M-032,Induction Motor,37,65.8,1.991,5.13,393.01,15.11,1461.6,4035.7,Healthy
M-032,Induction Motor,38,67.92,2.017,5.09,392.21,15.55,1476.1,4044.2,Healthy
M-032,Induction Motor,39,68.13,1.939,4.97,392.02,15.51,1463.2,4052.7,Healthy
M-032,Induction Motor,40,67.53,1.943,4.77,391.53,15.43,1471.0,4061.2,Healthy
M-032,Induction Motor,41,67.3,1.951,4.97,394.53,15.47,1463.1,4069.7,Healthy
M-032,Induction Motor,42,70.16,2.217,4.83,390.22,14.8,1470.9,4078.2,Healthy
M-032,Induction Motor,43,65.62,2.119,4.94,390.66,15.29,1460.1,4086.7,Healthy
M-032,Induction Motor,44,68.64,1.869,4.86,391.4,15.43,1459.6,4095.2,Healthy
M-032,Induction Motor,45,69.09,2.016,4.97,396.12,14.58,1461.8,4103.7,Healthy
M-032,Induction Motor,46,67.64,1.97,4.94,393.77,14.94,1462.0,4112.2,Healthy
M-032,Induction Motor,47,66.45,2.04,5.05,395.1,15.61,1460.7,4120.7,Healthy
M-032,Induction Motor,48,67.28,2.153,5.07,393.32,15.73,1467.2,4129.2,Healthy
M-032,Induction Motor,49,66.99,2.01,4.95,390.01,15.01,1470.7,4137.7,Healthy
M-032,Induction Motor,50,69.29,2.099,5.0,392.53,14.98,1466.1,4146.2,Healthy
M-032,Induction Motor,51,67.15,2.267,4.99,394.04,14.83,1443.0,4154.7,Healthy
M-032,Induction Motor,52,68.21,2.005,5.05,391.33,15.01,1470.5,4163.2,Healthy
M-032,Induction Motor,53,68.2,1.944,4.96,396.96,15.25,1460.3,4171.7,Healthy
M-032,Induction Motor,54,68.75,2.107,5.1,394.66,15.52,1473.5,4180.2,Healthy
M-032,Induction Motor,55,67.51,2.037,4.82,392.73,14.79,1463.6,4188.7,Healthy
M-032,Induction Motor,56,67.41,2.29,5.03,392.37,15.65,1460.7,4197.2,Healthy
M-032,Induction Motor,57,66.35,2.132,4.88,393.17,15.24,1453.9,4205.7,Healthy
M-032,Induction Motor,58,69.54,2.43,4.89,391.45,15.91,1478.3,4214.2,Healthy
M-032,Induction Motor,59,68.11,2.534,4.94,394.5,15.23,1444.8,4222.7,Healthy
M-032,Induction Motor,60,68.31,2.457,4.93,395.04,15.37,1447.9,4231.2,Healthy
M-032,Induction Motor,61,72.59,2.633,4.98,394.64,15.58,1451.0,4239.7,Healthy
M-032,Induction Motor,62,70.17,2.723,5.04,394.5,15.07,1457.2,4248.2,Healthy
M-032,Induction Motor,63,70.62,2.891,4.91,393.05,16.44,1449.8,4256.7,Healthy
M-032,Induction Motor,64,73.04,2.952,4.94,393.17,15.65,1423.5,4265.2,Healthy
M-032,Induction Motor,65,71.1,3.199,5.09,389.15,16.66,1438.1,4273.7,Healthy
M-032,Induction Motor,66,70.84,3.324,4.9,398.38,16.1,1438.4,4282.2,Healthy
M-032,Induction Motor,67,71.92,3.34,5.03,389.69,16.69,1435.1,4290.7,Healthy
M-032,Induction Motor,68,72.61,3.281,5.05,393.72,16.38,1442.2,4299.2,Healthy
M-032,Induction Motor,69,74.83,3.683,5.12,393.59,17.39,1445.0,4307.7,Healthy
M-032,Induction Motor,70,75.71,3.508,4.96,393.64,16.92,1430.3,4316.2,Healthy
M-032,Induction Motor,71,76.13,3.94,4.79,395.86,16.46,1425.4,4324.7,Warning
M-032,Induction Motor,72,74.88,3.897,5.06,393.39,17.36,1431.2,4333.2,Warning
M-032,Induction Motor,73,74.25,4.057,5.03,394.46,16.64,1431.8,4341.7,Warning
M-032,Induction Motor,74,77.9,4.15,4.99,392.69,17.57,1406.5,4350.2,Warning
M-032,Induction Motor,75,77.35,4.551,5.01,394.73,17.46,1422.7,4358.7,Warning
M-032,Induction Motor,76,78.21,4.445,4.93,396.06,18.09,1407.6,4367.2,Warning
M-032,Induction Motor,77,78.55,4.593,4.97,395.15,18.55,1401.4,4375.7,Warning
M-032,Induction Motor,78,80.72,4.853,4.92,391.28,18.61,1397.0,4384.2,Warning
M-032,Induction Motor,79,79.76,5.05,5.0,395.64,17.83,1412.2,4392.7,Warning
M-032,Induction Motor,80,80.94,5.165,4.91,393.47,18.25,1401.5,4401.2,Warning
M-032,Induction Motor,81,81.05,5.361,4.82,392.77,18.18,1400.5,4409.7,Warning
M-032,Induction Motor,82,82.23,5.577,5.02,393.73,18.67,1397.1,4418.2,Warning
M-032,Induction Motor,83,82.79,5.423,5.03,393.68,19.19,1391.2,4426.7,Warning
M-032,Induction Motor,84,85.25,5.77,4.9,396.24,19.06,1406.1,4435.2,Critical
M-032,Induction Motor,85,84.64,6.052,5.06,392.59,19.21,1390.9,4443.7,Critical
M-032,Induction Motor,86,86.14,5.992,5.01,394.99,19.02,1379.6,4452.2,Critical
M-032,Induction Motor,87,83.87,6.534,4.88,395.99,19.35,1392.4,4460.7,Critical
M-032,Induction Motor,88,87.27,6.704,5.1,393.58,19.7,1386.0,4469.2,Critical
M-032,Induction Motor,89,90.52,6.629,4.82,393.64,19.53,1379.1,4477.7,Critical
M-032,Induction Motor,90,89.42,6.851,4.89,392.74,19.55,1384.5,4486.2,Critical
M-032,Induction Motor,91,89.76,6.831,5.2,392.72,20.2,1368.4,4494.7,Critical
M-032,Induction Motor,92,90.02,7.146,4.81,395.5,19.98,1375.3,4503.2,Critical
M-032,Induction Motor,93,89.99,7.316,5.0,393.43,20.7,1359.0,4511.7,Critical
M-032,Induction Motor,94,92.27,7.361,4.86,394.31,20.99,1363.7,4520.2,Critical
M-032,Induction Motor,95,93.58,7.561,4.84,394.83,20.84,1364.7,4528.7,Critical
M-032,Induction Motor,96,91.32,7.786,5.13,392.75,21.47,1361.1,4537.2,Critical
M-032,Induction Motor,97,92.98,8.188,4.99,393.18,21.13,1355.1,4545.7,Critical
M-032,Induction Motor,98,92.75,8.307,5.0,392.01,20.89,1346.3,4554.2,Critical
M-032,Induction Motor,99,95.19,8.4,4.97,394.5,21.11,1344.4,4562.7,Critical
M-032,Induction Motor,100,96.03,8.62,5.04,392.74,21.72,1335.6,4571.2,Critical
M-033,Hydraulic Pump,1,55.91,2.062,5.38,402.38,17.05,1484.5,1932.3,Healthy
M-033,Hydraulic Pump,2,56.58,2.053,5.41,403.25,17.38,1481.7,1940.8,Healthy
M-033,Hydraulic Pump,3,56.93,2.083,5.35,401.21,17.36,1492.6,1949.3,Healthy
M-033,Hydraulic Pump,4,55.47,2.059,5.26,408.41,17.13,1492.9,1957.8,Healthy
M-033,Hydraulic Pump,5,56.64,2.175,5.39,397.02,16.99,1492.7,1966.3,Healthy
M-033,Hydraulic Pump,6,55.2,2.167,5.52,403.95,17.15,1507.0,1974.8,Healthy
M-033,Hydraulic Pump,7,55.77,1.838,5.36,402.34,16.29,1491.9,1983.3,Healthy
M-033,Hydraulic Pump,8,57.64,2.043,5.21,402.39,16.76,1477.1,1991.8,Healthy
M-033,Hydraulic Pump,9,56.6,1.9,5.36,399.72,17.12,1489.3,2000.3,Healthy
M-033,Hydraulic Pump,10,56.12,2.096,5.21,403.4,16.51,1488.1,2008.8,Healthy
M-033,Hydraulic Pump,11,57.26,1.924,5.17,403.34,16.76,1493.9,2017.3,Healthy
M-033,Hydraulic Pump,12,57.16,2.068,5.35,403.03,16.06,1478.5,2025.8,Healthy
M-033,Hydraulic Pump,13,59.08,2.061,5.39,402.15,16.75,1488.9,2034.3,Healthy
M-033,Hydraulic Pump,14,59.73,2.091,5.24,399.54,17.46,1491.2,2042.8,Healthy
M-033,Hydraulic Pump,15,57.66,2.164,5.25,404.18,16.56,1484.6,2051.3,Healthy
M-033,Hydraulic Pump,16,58.17,2.042,5.34,403.66,16.99,1480.1,2059.8,Healthy
M-033,Hydraulic Pump,17,56.07,2.022,5.21,403.7,17.18,1503.3,2068.3,Healthy
M-033,Hydraulic Pump,18,56.36,2.096,5.34,404.08,16.46,1507.1,2076.8,Healthy
M-033,Hydraulic Pump,19,57.88,2.175,5.41,403.91,16.41,1491.4,2085.3,Healthy
M-033,Hydraulic Pump,20,54.79,2.111,5.28,402.76,17.19,1488.9,2093.8,Healthy
M-033,Hydraulic Pump,21,56.47,2.064,5.11,402.31,15.9,1487.8,2102.3,Healthy
M-033,Hydraulic Pump,22,57.8,2.115,5.23,402.92,16.39,1492.5,2110.8,Healthy
M-033,Hydraulic Pump,23,60.29,2.282,5.3,403.16,16.42,1486.1,2119.3,Healthy
M-033,Hydraulic Pump,24,57.2,1.998,5.38,405.98,16.88,1493.3,2127.8,Healthy
M-033,Hydraulic Pump,25,54.75,2.151,5.18,402.0,17.1,1500.8,2136.3,Healthy
M-033,Hydraulic Pump,26,56.21,2.012,5.22,400.44,16.55,1479.6,2144.8,Healthy
M-033,Hydraulic Pump,27,57.59,2.108,5.35,400.93,16.35,1493.0,2153.3,Healthy
M-033,Hydraulic Pump,28,56.85,2.043,5.26,406.26,16.92,1508.3,2161.8,Healthy
M-033,Hydraulic Pump,29,58.29,2.265,5.18,404.03,16.62,1479.2,2170.3,Healthy
M-033,Hydraulic Pump,30,58.56,2.026,5.19,402.01,16.49,1487.0,2178.8,Healthy
M-033,Hydraulic Pump,31,56.5,2.269,5.23,406.16,17.06,1495.7,2187.3,Healthy
M-033,Hydraulic Pump,32,57.67,2.063,5.42,403.97,16.18,1494.9,2195.8,Healthy
M-033,Hydraulic Pump,33,57.71,2.026,5.3,401.61,16.29,1480.1,2204.3,Healthy
M-033,Hydraulic Pump,34,54.93,2.141,5.04,401.51,16.5,1490.3,2212.8,Healthy
M-033,Hydraulic Pump,35,54.54,2.109,5.16,405.1,16.55,1491.8,2221.3,Healthy
M-033,Hydraulic Pump,36,56.77,2.09,5.3,401.98,16.89,1496.3,2229.8,Healthy
M-033,Hydraulic Pump,37,55.85,2.112,5.41,404.25,17.09,1493.9,2238.3,Healthy
M-033,Hydraulic Pump,38,55.65,1.964,5.32,404.72,17.74,1500.4,2246.8,Healthy
M-033,Hydraulic Pump,39,55.37,1.969,5.52,402.41,16.78,1484.8,2255.3,Healthy
M-033,Hydraulic Pump,40,58.65,2.121,5.21,400.85,16.88,1492.9,2263.8,Healthy
M-033,Hydraulic Pump,41,57.77,2.127,5.27,401.75,16.71,1488.1,2272.3,Healthy
M-033,Hydraulic Pump,42,56.61,2.063,5.2,404.1,16.64,1485.8,2280.8,Healthy
M-033,Hydraulic Pump,43,56.35,2.09,5.3,403.68,17.08,1503.0,2289.3,Healthy
M-033,Hydraulic Pump,44,57.26,1.967,5.27,400.83,17.4,1507.8,2297.8,Healthy
M-033,Hydraulic Pump,45,57.91,2.247,5.32,403.57,16.29,1490.4,2306.3,Healthy
M-033,Hydraulic Pump,46,56.32,2.236,5.29,406.73,17.23,1492.2,2314.8,Healthy
M-033,Hydraulic Pump,47,57.33,2.468,5.29,403.5,16.99,1485.5,2323.3,Healthy
M-033,Hydraulic Pump,48,58.0,2.1,5.14,403.54,17.59,1490.2,2331.8,Healthy
M-033,Hydraulic Pump,49,57.41,2.236,5.37,401.7,17.34,1489.2,2340.3,Healthy
M-033,Hydraulic Pump,50,59.18,2.491,5.33,402.6,16.97,1477.0,2348.8,Healthy
M-033,Hydraulic Pump,51,56.09,2.545,5.44,404.3,17.35,1477.3,2357.3,Healthy
M-033,Hydraulic Pump,52,60.51,2.637,5.45,400.88,17.09,1474.9,2365.8,Healthy
M-033,Hydraulic Pump,53,57.91,2.625,5.3,401.41,16.09,1488.6,2374.3,Healthy
M-033,Hydraulic Pump,54,58.05,2.897,5.3,407.07,17.88,1474.4,2382.8,Healthy
M-033,Hydraulic Pump,55,59.62,3.099,5.14,403.22,17.58,1473.9,2391.3,Healthy
M-033,Hydraulic Pump,56,61.29,3.035,5.34,403.12,17.87,1475.7,2399.8,Healthy
M-033,Hydraulic Pump,57,60.49,3.109,5.22,401.28,17.7,1472.2,2408.3,Healthy
M-033,Hydraulic Pump,58,61.75,3.317,5.24,403.23,17.95,1466.5,2416.8,Healthy
M-033,Hydraulic Pump,59,62.23,3.428,5.31,403.29,17.77,1485.3,2425.3,Healthy
M-033,Hydraulic Pump,60,61.8,3.209,5.38,402.61,18.01,1463.3,2433.8,Healthy
M-033,Hydraulic Pump,61,65.27,3.556,5.35,403.16,18.31,1476.9,2442.3,Healthy
M-033,Hydraulic Pump,62,63.18,3.444,5.38,403.83,18.36,1467.5,2450.8,Healthy
M-033,Hydraulic Pump,63,63.5,3.729,5.28,401.66,18.85,1450.5,2459.3,Healthy
M-033,Hydraulic Pump,64,67.25,3.941,5.11,402.39,18.48,1462.9,2467.8,Warning
M-033,Hydraulic Pump,65,63.7,3.95,5.28,401.36,18.35,1465.1,2476.3,Warning
M-033,Hydraulic Pump,66,63.34,4.116,5.37,402.4,18.78,1465.0,2484.8,Warning
M-033,Hydraulic Pump,67,65.02,4.1,5.24,405.17,19.33,1442.4,2493.3,Warning
M-033,Hydraulic Pump,68,67.57,4.386,5.45,403.61,18.98,1460.6,2501.8,Warning
M-033,Hydraulic Pump,69,67.7,4.673,5.39,403.15,18.7,1444.6,2510.3,Warning
M-033,Hydraulic Pump,70,65.65,4.496,5.38,402.83,19.59,1449.8,2518.8,Warning
M-033,Hydraulic Pump,71,67.4,4.651,5.34,403.12,19.4,1438.7,2527.3,Warning
M-033,Hydraulic Pump,72,67.88,5.032,5.42,399.89,18.64,1443.3,2535.8,Warning
M-033,Hydraulic Pump,73,70.0,4.82,5.39,402.96,19.53,1446.5,2544.3,Warning
M-033,Hydraulic Pump,74,68.82,4.971,5.36,402.78,20.38,1443.7,2552.8,Warning
M-033,Hydraulic Pump,75,70.74,5.124,5.38,402.19,19.94,1428.5,2561.3,Warning
M-033,Hydraulic Pump,76,71.78,5.29,5.49,407.62,20.23,1434.1,2569.8,Warning
M-033,Hydraulic Pump,77,69.94,5.49,5.31,403.92,20.69,1424.6,2578.3,Warning
M-033,Hydraulic Pump,78,70.51,5.481,5.37,403.95,19.9,1434.9,2586.8,Warning
M-033,Hydraulic Pump,79,70.74,5.537,5.28,401.73,20.66,1428.8,2595.3,Warning
M-033,Hydraulic Pump,80,74.85,5.738,5.28,405.26,20.44,1436.1,2603.8,Warning
M-033,Hydraulic Pump,81,73.95,5.616,5.41,404.66,20.94,1406.4,2612.3,Warning
M-033,Hydraulic Pump,82,73.07,5.959,5.21,406.32,20.73,1419.0,2620.8,Warning
M-033,Hydraulic Pump,83,75.1,6.231,4.96,401.55,20.37,1420.0,2629.3,Critical
M-033,Hydraulic Pump,84,74.67,6.298,5.08,402.22,21.39,1425.6,2637.8,Critical
M-033,Hydraulic Pump,85,76.46,6.271,5.42,404.29,21.1,1395.6,2646.3,Critical
M-033,Hydraulic Pump,86,77.32,6.496,5.33,402.98,21.81,1408.3,2654.8,Critical
M-033,Hydraulic Pump,87,76.75,6.893,5.23,404.47,21.34,1398.8,2663.3,Critical
M-033,Hydraulic Pump,88,77.36,6.924,5.43,405.79,21.44,1396.4,2671.8,Critical
M-033,Hydraulic Pump,89,77.58,6.838,5.27,402.16,21.94,1384.1,2680.3,Critical
M-033,Hydraulic Pump,90,77.68,7.032,5.41,400.61,21.91,1398.1,2688.8,Critical
M-033,Hydraulic Pump,91,80.42,7.331,5.3,401.73,21.32,1398.5,2697.3,Critical
M-033,Hydraulic Pump,92,80.41,7.212,5.17,403.34,22.23,1386.0,2705.8,Critical
M-033,Hydraulic Pump,93,79.7,7.323,5.43,400.24,22.44,1391.0,2714.3,Critical
M-033,Hydraulic Pump,94,82.55,7.591,5.3,399.44,21.71,1393.5,2722.8,Critical
M-033,Hydraulic Pump,95,79.48,7.802,5.39,404.33,22.3,1373.3,2731.3,Critical
M-033,Hydraulic Pump,96,82.85,8.135,5.23,401.23,22.5,1387.9,2739.8,Critical
M-033,Hydraulic Pump,97,84.34,7.971,5.14,407.52,22.76,1382.7,2748.3,Critical
M-033,Hydraulic Pump,98,82.67,8.325,5.39,403.44,23.58,1375.4,2756.8,Critical
M-033,Hydraulic Pump,99,83.82,8.441,5.34,403.3,22.67,1377.8,2765.3,Critical
M-033,Hydraulic Pump,100,84.32,8.491,5.3,400.92,22.87,1351.6,2773.8,Critical
M-034,Centrifugal Compressor,1,62.32,2.204,4.69,391.05,12.64,1491.9,822.4,Healthy
M-034,Centrifugal Compressor,2,62.2,2.2,4.5,394.01,12.19,1485.2,830.9,Healthy
M-034,Centrifugal Compressor,3,63.54,1.976,4.48,390.2,12.74,1470.2,839.4,Healthy
M-034,Centrifugal Compressor,4,62.74,2.204,4.56,394.16,11.69,1484.5,847.9,Healthy
M-034,Centrifugal Compressor,5,62.13,1.937,4.44,394.74,12.59,1486.0,856.4,Healthy
M-034,Centrifugal Compressor,6,63.5,1.954,4.57,393.81,12.22,1490.5,864.9,Healthy
M-034,Centrifugal Compressor,7,61.62,2.132,4.59,393.12,12.26,1487.7,873.4,Healthy
M-034,Centrifugal Compressor,8,62.86,1.921,4.73,389.7,13.04,1478.4,881.9,Healthy
M-034,Centrifugal Compressor,9,61.94,2.165,4.48,387.84,12.33,1482.6,890.4,Healthy
M-034,Centrifugal Compressor,10,64.2,1.974,4.61,391.4,12.38,1487.4,898.9,Healthy
M-034,Centrifugal Compressor,11,61.74,2.137,4.66,393.67,11.94,1474.7,907.4,Healthy
M-034,Centrifugal Compressor,12,62.18,2.215,4.52,391.78,12.8,1476.9,915.9,Healthy
M-034,Centrifugal Compressor,13,64.12,1.925,4.51,388.88,12.41,1485.6,924.4,Healthy
M-034,Centrifugal Compressor,14,62.16,2.06,4.41,394.98,12.36,1476.0,932.9,Healthy
M-034,Centrifugal Compressor,15,64.23,2.075,4.46,390.19,12.07,1471.1,941.4,Healthy
M-034,Centrifugal Compressor,16,61.52,2.407,4.43,388.63,12.46,1479.0,949.9,Healthy
M-034,Centrifugal Compressor,17,63.14,2.051,4.46,394.96,11.8,1482.5,958.4,Healthy
M-034,Centrifugal Compressor,18,63.18,2.216,4.52,389.12,12.89,1476.1,966.9,Healthy
M-034,Centrifugal Compressor,19,64.19,2.161,4.5,392.4,12.77,1480.3,975.4,Healthy
M-034,Centrifugal Compressor,20,61.47,1.903,4.5,393.23,12.01,1485.1,983.9,Healthy
M-034,Centrifugal Compressor,21,62.38,2.207,4.31,388.77,12.2,1494.6,992.4,Healthy
M-034,Centrifugal Compressor,22,61.45,2.102,4.76,392.47,12.67,1474.5,1000.9,Healthy
M-034,Centrifugal Compressor,23,63.76,2.277,4.6,391.44,12.56,1466.6,1009.4,Healthy
M-034,Centrifugal Compressor,24,63.66,2.015,4.52,394.25,12.75,1466.7,1017.9,Healthy
M-034,Centrifugal Compressor,25,61.21,2.194,4.37,394.45,12.41,1490.9,1026.4,Healthy
M-034,Centrifugal Compressor,26,61.46,2.039,4.65,391.02,11.93,1484.1,1034.9,Healthy
M-034,Centrifugal Compressor,27,60.44,2.29,4.57,389.83,12.77,1488.9,1043.4,Healthy
M-034,Centrifugal Compressor,28,62.35,2.39,4.77,392.26,12.74,1490.1,1051.9,Healthy
M-034,Centrifugal Compressor,29,60.99,2.152,4.48,389.97,12.41,1481.2,1060.4,Healthy
M-034,Centrifugal Compressor,30,60.42,2.159,4.52,394.41,12.77,1472.8,1068.9,Healthy
M-034,Centrifugal Compressor,31,63.93,2.182,4.53,390.59,11.96,1469.9,1077.4,Healthy
M-034,Centrifugal Compressor,32,60.16,2.12,4.34,389.88,12.6,1491.6,1085.9,Healthy
M-034,Centrifugal Compressor,33,60.97,2.19,4.52,390.58,12.42,1474.4,1094.4,Healthy
M-034,Centrifugal Compressor,34,62.25,2.126,4.66,394.37,12.16,1477.5,1102.9,Healthy
M-034,Centrifugal Compressor,35,63.32,2.096,4.62,393.42,12.72,1480.3,1111.4,Healthy
M-034,Centrifugal Compressor,36,60.95,2.097,4.5,393.17,12.9,1492.0,1119.9,Healthy
M-034,Centrifugal Compressor,37,63.41,2.005,4.69,392.47,12.08,1486.5,1128.4,Healthy
M-034,Centrifugal Compressor,38,62.08,1.883,4.45,391.48,12.33,1471.1,1136.9,Healthy
M-034,Centrifugal Compressor,39,63.25,2.18,4.4,396.88,11.94,1476.0,1145.4,Healthy
M-034,Centrifugal Compressor,40,62.8,2.063,4.69,391.26,12.04,1484.5,1153.9,Healthy
M-034,Centrifugal Compressor,41,58.87,2.181,4.68,387.0,12.22,1466.5,1162.4,Healthy
M-034,Centrifugal Compressor,42,62.37,2.387,4.57,391.18,11.38,1470.8,1170.9,Healthy
M-034,Centrifugal Compressor,43,62.19,2.128,4.58,393.15,12.05,1479.9,1179.4,Healthy
M-034,Centrifugal Compressor,44,61.75,2.005,4.46,392.69,11.47,1464.8,1187.9,Healthy
M-034,Centrifugal Compressor,45,66.15,2.038,4.69,391.48,12.17,1484.9,1196.4,Healthy
M-034,Centrifugal Compressor,46,62.45,2.096,4.54,392.4,12.12,1475.8,1204.9,Healthy
M-034,Centrifugal Compressor,47,61.18,1.972,4.73,389.8,12.71,1476.8,1213.4,Healthy
M-034,Centrifugal Compressor,48,63.0,2.117,4.37,391.67,12.58,1472.0,1221.9,Healthy
M-034,Centrifugal Compressor,49,65.14,2.215,4.63,393.47,11.55,1485.3,1230.4,Healthy
M-034,Centrifugal Compressor,50,65.08,2.208,4.52,389.38,11.94,1469.0,1238.9,Healthy
M-034,Centrifugal Compressor,51,61.87,1.989,4.53,392.02,11.76,1473.5,1247.4,Healthy
M-034,Centrifugal Compressor,52,61.66,2.044,4.55,391.86,12.22,1474.2,1255.9,Healthy
M-034,Centrifugal Compressor,53,62.33,2.29,4.4,393.88,11.79,1482.5,1264.4,Healthy
M-034,Centrifugal Compressor,54,63.61,1.958,4.58,389.52,12.77,1466.8,1272.9,Healthy
M-034,Centrifugal Compressor,55,61.28,2.133,4.62,391.8,12.54,1475.2,1281.4,Healthy
M-034,Centrifugal Compressor,56,61.04,2.293,4.6,390.64,11.79,1489.4,1289.9,Healthy
M-034,Centrifugal Compressor,57,63.87,2.091,4.48,391.09,12.29,1485.8,1298.4,Healthy
M-034,Centrifugal Compressor,58,60.98,2.047,4.53,392.13,12.67,1482.1,1306.9,Healthy
M-034,Centrifugal Compressor,59,64.75,2.02,4.72,389.7,12.26,1482.7,1315.4,Healthy
M-034,Centrifugal Compressor,60,64.49,2.124,4.65,390.98,11.64,1479.3,1323.9,Healthy
M-034,Centrifugal Compressor,61,62.09,2.36,4.78,389.94,12.15,1474.6,1332.4,Healthy
M-034,Centrifugal Compressor,62,64.78,2.313,5.04,391.0,12.59,1495.1,1340.9,Healthy
M-034,Centrifugal Compressor,63,65.08,2.163,4.78,393.02,12.5,1486.0,1349.4,Healthy
M-034,Centrifugal Compressor,64,66.23,2.285,4.96,390.05,12.84,1474.8,1357.9,Healthy
M-034,Centrifugal Compressor,65,64.02,2.433,5.05,391.5,12.23,1481.4,1366.4,Healthy
M-034,Centrifugal Compressor,66,65.77,2.568,4.89,388.07,13.01,1481.3,1374.9,Healthy
M-034,Centrifugal Compressor,67,67.12,2.371,5.16,390.71,13.22,1475.9,1383.4,Healthy
M-034,Centrifugal Compressor,68,69.05,2.557,5.05,389.96,13.17,1490.9,1391.9,Healthy
M-034,Centrifugal Compressor,69,67.77,2.508,5.4,389.61,12.87,1490.7,1400.4,Healthy
M-034,Centrifugal Compressor,70,71.5,2.375,5.25,391.22,13.1,1488.9,1408.9,Healthy
M-034,Centrifugal Compressor,71,70.21,2.665,5.21,390.91,13.36,1490.2,1417.4,Healthy
M-034,Centrifugal Compressor,72,71.97,2.787,5.37,393.17,13.53,1474.3,1425.9,Healthy
M-034,Centrifugal Compressor,73,72.82,2.597,5.54,394.67,13.73,1489.6,1434.4,Healthy
M-034,Centrifugal Compressor,74,73.1,2.826,5.33,393.63,13.24,1476.6,1442.9,Healthy
M-034,Centrifugal Compressor,75,74.34,2.977,5.56,388.0,13.52,1486.2,1451.4,Healthy
M-034,Centrifugal Compressor,76,74.46,2.944,5.71,390.76,13.76,1477.9,1459.9,Healthy
M-034,Centrifugal Compressor,77,75.9,3.299,5.75,389.17,13.66,1476.3,1468.4,Healthy
M-034,Centrifugal Compressor,78,77.09,3.294,5.77,391.62,13.11,1490.2,1476.9,Healthy
M-034,Centrifugal Compressor,79,77.58,3.285,5.87,390.07,13.9,1473.4,1485.4,Healthy
M-034,Centrifugal Compressor,80,80.41,3.058,5.83,390.97,14.62,1485.3,1493.9,Warning
M-034,Centrifugal Compressor,81,77.75,3.383,6.08,396.07,14.07,1470.1,1502.4,Healthy
M-034,Centrifugal Compressor,82,81.1,3.465,6.14,392.99,14.41,1483.8,1510.9,Warning
M-034,Centrifugal Compressor,83,83.67,3.509,6.06,392.24,13.95,1470.6,1519.4,Warning
M-034,Centrifugal Compressor,84,81.74,3.468,6.38,391.71,14.76,1483.7,1527.9,Warning
M-034,Centrifugal Compressor,85,83.49,3.809,6.3,391.28,14.37,1490.8,1536.4,Warning
M-034,Centrifugal Compressor,86,84.65,3.842,6.38,393.31,15.0,1466.6,1544.9,Warning
M-034,Centrifugal Compressor,87,85.83,3.861,6.49,394.38,14.41,1476.0,1553.4,Warning
M-034,Centrifugal Compressor,88,85.87,4.049,6.51,387.95,15.1,1478.5,1561.9,Warning
M-034,Centrifugal Compressor,89,89.2,4.101,6.7,388.73,14.64,1465.4,1570.4,Warning
M-034,Centrifugal Compressor,90,88.87,4.004,6.78,391.96,15.84,1484.3,1578.9,Warning
M-034,Centrifugal Compressor,91,90.21,3.976,6.89,393.38,15.43,1471.2,1587.4,Critical
M-034,Centrifugal Compressor,92,90.77,4.254,6.94,390.38,14.65,1473.5,1595.9,Critical
M-034,Centrifugal Compressor,93,92.63,4.431,7.08,393.73,15.49,1472.6,1604.4,Critical
M-034,Centrifugal Compressor,94,92.88,4.469,7.14,390.33,15.09,1472.5,1612.9,Critical
M-034,Centrifugal Compressor,95,94.1,4.422,7.16,394.73,15.97,1497.2,1621.4,Critical
M-034,Centrifugal Compressor,96,93.79,4.613,7.31,391.65,16.52,1465.7,1629.9,Critical
M-034,Centrifugal Compressor,97,96.17,4.57,7.4,387.39,16.45,1490.2,1638.4,Critical
M-034,Centrifugal Compressor,98,98.71,4.585,7.58,393.34,16.26,1479.2,1646.9,Critical
M-034,Centrifugal Compressor,99,100.87,4.746,7.63,392.86,16.35,1484.1,1655.4,Critical
M-034,Centrifugal Compressor,100,100.99,4.98,7.71,390.22,16.41,1491.7,1663.9,Critical
M-035,Industrial Robot,1,69.4,1.713,5.24,396.58,18.2,1485.3,2232.0,Healthy
M-035,Industrial Robot,2,66.77,1.873,5.27,400.5,17.52,1477.1,2240.5,Healthy
M-035,Industrial Robot,3,67.57,1.832,5.22,398.15,17.43,1474.8,2249.0,Healthy
M-035,Industrial Robot,4,68.0,1.642,5.19,401.76,17.67,1478.5,2257.5,Healthy
M-035,Industrial Robot,5,67.07,1.833,5.13,399.86,17.5,1476.5,2266.0,Healthy
M-035,Industrial Robot,6,67.05,1.684,5.03,400.35,17.87,1490.3,2274.5,Healthy
M-035,Industrial Robot,7,68.75,1.934,5.2,400.43,17.38,1470.7,2283.0,Healthy
M-035,Industrial Robot,8,67.66,1.725,5.17,395.2,17.82,1469.6,2291.5,Healthy
M-035,Industrial Robot,9,65.72,1.912,5.27,400.03,17.41,1483.7,2300.0,Healthy
M-035,Industrial Robot,10,66.51,1.806,5.31,400.95,17.64,1475.7,2308.5,Healthy
M-035,Industrial Robot,11,67.49,1.857,5.06,402.61,17.5,1476.3,2317.0,Healthy
M-035,Industrial Robot,12,68.41,1.808,5.27,400.1,17.69,1479.6,2325.5,Healthy
M-035,Industrial Robot,13,67.88,1.893,5.28,402.18,17.38,1489.5,2334.0,Healthy
M-035,Industrial Robot,14,65.39,1.75,5.16,397.86,17.76,1483.8,2342.5,Healthy
M-035,Industrial Robot,15,66.58,1.881,5.26,396.32,17.72,1480.9,2351.0,Healthy
M-035,Industrial Robot,16,66.33,1.682,5.11,399.82,17.4,1482.4,2359.5,Healthy
M-035,Industrial Robot,17,67.95,1.87,5.3,401.49,17.76,1468.1,2368.0,Healthy
M-035,Industrial Robot,18,68.82,1.977,5.14,398.58,17.92,1463.3,2376.5,Healthy
M-035,Industrial Robot,19,67.91,2.005,5.14,400.68,17.69,1486.3,2385.0,Healthy
M-035,Industrial Robot,20,67.56,1.784,5.03,400.38,17.63,1461.6,2393.5,Healthy
M-035,Industrial Robot,21,66.23,1.754,5.12,400.14,17.62,1477.4,2402.0,Healthy
M-035,Industrial Robot,22,70.15,1.772,5.09,403.33,18.17,1469.2,2410.5,Healthy
M-035,Industrial Robot,23,68.89,1.604,5.46,403.76,17.84,1484.8,2419.0,Healthy
M-035,Industrial Robot,24,67.97,1.746,5.3,402.91,17.4,1477.7,2427.5,Healthy
M-035,Industrial Robot,25,65.96,1.82,5.15,402.7,18.22,1469.4,2436.0,Healthy
M-035,Industrial Robot,26,68.36,1.931,5.0,402.13,17.14,1473.8,2444.5,Healthy
M-035,Industrial Robot,27,66.35,1.637,5.29,398.31,17.52,1477.9,2453.0,Healthy
M-035,Industrial Robot,28,68.33,1.709,5.23,399.73,17.3,1486.1,2461.5,Healthy
M-035,Industrial Robot,29,69.93,1.85,5.12,398.72,17.94,1478.0,2470.0,Healthy
M-035,Industrial Robot,30,66.16,1.622,5.22,397.67,17.52,1490.9,2478.5,Healthy
M-035,Industrial Robot,31,66.44,1.952,5.07,401.95,17.86,1481.8,2487.0,Healthy
M-035,Industrial Robot,32,66.71,1.902,5.21,403.97,17.44,1488.2,2495.5,Healthy
M-035,Industrial Robot,33,66.35,1.797,5.11,399.2,17.6,1489.4,2504.0,Healthy
M-035,Industrial Robot,34,67.98,1.973,5.18,402.76,17.74,1471.6,2512.5,Healthy
M-035,Industrial Robot,35,68.7,2.003,5.24,401.86,18.11,1475.7,2521.0,Healthy
M-035,Industrial Robot,36,66.57,1.869,5.35,400.8,17.88,1478.5,2529.5,Healthy
M-035,Industrial Robot,37,67.79,1.762,5.23,401.95,17.13,1465.9,2538.0,Healthy
M-035,Industrial Robot,38,65.46,2.032,5.08,400.9,18.31,1480.0,2546.5,Healthy
M-035,Industrial Robot,39,68.37,1.798,5.21,398.21,17.06,1477.0,2555.0,Healthy
M-035,Industrial Robot,40,68.36,1.886,5.1,399.77,17.53,1481.6,2563.5,Healthy
M-035,Industrial Robot,41,68.75,2.201,5.14,400.34,17.9,1471.6,2572.0,Healthy
M-035,Industrial Robot,42,66.09,2.12,5.41,402.19,18.58,1480.6,2580.5,Healthy
M-035,Industrial Robot,43,68.57,2.203,5.28,396.99,18.12,1471.5,2589.0,Healthy
M-035,Industrial Robot,44,70.82,2.244,4.93,401.08,17.31,1481.2,2597.5,Healthy
M-035,Industrial Robot,45,68.43,2.134,5.1,398.41,18.05,1462.8,2606.0,Healthy
M-035,Industrial Robot,46,69.31,2.158,5.15,403.04,18.02,1473.3,2614.5,Healthy
M-035,Industrial Robot,47,68.49,2.489,5.29,403.05,18.32,1472.3,2623.0,Healthy
M-035,Industrial Robot,48,68.8,2.452,5.1,400.85,18.15,1471.0,2631.5,Healthy
M-035,Industrial Robot,49,73.64,2.653,5.32,397.83,18.38,1465.7,2640.0,Healthy
M-035,Industrial Robot,50,71.11,2.882,5.1,400.84,17.64,1465.9,2648.5,Healthy
M-035,Industrial Robot,51,72.01,2.739,5.22,399.07,18.15,1453.0,2657.0,Healthy
M-035,Industrial Robot,52,70.75,2.677,5.04,398.54,18.54,1460.4,2665.5,Healthy
M-035,Industrial Robot,53,70.68,2.808,5.12,401.07,18.33,1453.6,2674.0,Healthy
M-035,Industrial Robot,54,73.7,2.914,5.05,400.02,18.55,1434.0,2682.5,Healthy
M-035,Industrial Robot,55,73.17,3.205,5.17,402.28,19.16,1447.5,2691.0,Healthy
M-035,Industrial Robot,56,75.79,3.232,5.22,398.21,18.48,1444.0,2699.5,Healthy
M-035,Industrial Robot,57,74.84,3.493,5.21,400.38,19.46,1462.0,2708.0,Healthy
M-035,Industrial Robot,58,72.41,3.579,5.14,402.36,18.84,1457.4,2716.5,Healthy
M-035,Industrial Robot,59,72.85,3.615,5.24,397.05,19.76,1439.5,2725.0,Healthy
M-035,Industrial Robot,60,76.36,3.597,5.05,398.17,20.78,1464.0,2733.5,Healthy
M-035,Industrial Robot,61,75.17,3.73,5.3,397.61,19.75,1451.6,2742.0,Healthy
M-035,Industrial Robot,62,76.29,3.947,5.19,402.41,19.7,1429.5,2750.5,Warning
M-035,Industrial Robot,63,77.42,4.039,5.16,397.52,20.02,1442.5,2759.0,Warning
M-035,Industrial Robot,64,77.1,4.009,5.28,400.77,19.65,1425.1,2767.5,Warning
M-035,Industrial Robot,65,76.64,4.2,5.14,402.01,19.43,1428.0,2776.0,Warning
M-035,Industrial Robot,66,76.36,4.212,5.36,404.68,20.4,1418.5,2784.5,Warning
M-035,Industrial Robot,67,77.21,3.938,5.19,403.45,20.42,1418.0,2793.0,Warning
M-035,Industrial Robot,68,80.24,4.555,5.33,402.41,20.06,1415.3,2801.5,Warning
M-035,Industrial Robot,69,80.45,4.613,4.98,398.27,20.02,1434.0,2810.0,Warning
M-035,Industrial Robot,70,79.5,4.598,5.14,397.94,20.8,1420.3,2818.5,Warning
M-035,Industrial Robot,71,81.39,4.574,5.13,404.13,20.66,1420.2,2827.0,Warning
M-035,Industrial Robot,72,79.72,4.748,5.22,401.99,20.77,1421.5,2835.5,Warning
M-035,Industrial Robot,73,81.68,4.797,5.21,401.06,20.89,1415.5,2844.0,Warning
M-035,Industrial Robot,74,80.52,4.923,5.32,400.08,20.76,1413.7,2852.5,Warning
M-035,Industrial Robot,75,80.8,5.13,5.3,401.36,21.32,1423.4,2861.0,Warning
M-035,Industrial Robot,76,85.09,5.313,5.13,401.07,21.37,1413.3,2869.5,Critical
M-035,Industrial Robot,77,81.88,5.449,5.23,400.89,20.62,1398.7,2878.0,Warning
M-035,Industrial Robot,78,84.31,5.499,5.4,402.88,20.93,1417.5,2886.5,Critical
M-035,Industrial Robot,79,85.89,5.609,5.17,399.1,21.1,1419.7,2895.0,Critical
M-035,Industrial Robot,80,81.37,5.701,5.13,400.51,21.18,1415.7,2903.5,Warning
M-035,Industrial Robot,81,82.79,5.683,5.18,397.62,21.81,1396.7,2912.0,Warning
M-035,Industrial Robot,82,86.48,5.911,5.32,401.45,21.59,1405.4,2920.5,Critical
M-035,Industrial Robot,83,86.21,6.238,5.24,400.91,22.0,1405.4,2929.0,Critical
M-035,Industrial Robot,84,87.97,6.283,5.24,402.07,22.66,1407.4,2937.5,Critical
M-035,Industrial Robot,85,88.33,6.34,5.05,401.31,22.42,1390.5,2946.0,Critical
M-035,Industrial Robot,86,86.03,6.712,5.22,397.78,22.3,1380.6,2954.5,Critical
M-035,Industrial Robot,87,88.99,6.861,5.16,400.01,22.37,1387.3,2963.0,Critical
M-035,Industrial Robot,88,87.78,6.93,5.2,400.32,22.52,1376.5,2971.5,Critical
M-035,Industrial Robot,89,90.38,7.061,4.99,401.61,23.02,1394.7,2980.0,Critical
M-035,Industrial Robot,90,91.25,7.334,5.22,402.18,22.85,1375.6,2988.5,Critical
M-035,Industrial Robot,91,91.2,7.264,5.21,396.88,22.47,1385.8,2997.0,Critical
M-035,Industrial Robot,92,90.47,7.316,5.23,399.97,23.02,1376.3,3005.5,Critical
M-035,Industrial Robot,93,92.17,7.46,5.1,400.17,22.86,1379.1,3014.0,Critical
M-035,Industrial Robot,94,91.46,7.619,5.15,402.48,23.83,1376.1,3022.5,Critical
M-035,Industrial Robot,95,92.14,7.55,5.27,400.06,23.51,1367.0,3031.0,Critical
M-035,Industrial Robot,96,91.49,7.923,5.17,396.47,23.58,1356.9,3039.5,Critical
M-035,Industrial Robot,97,94.42,7.98,5.33,397.24,24.26,1369.4,3048.0,Critical
M-035,Industrial Robot,98,92.65,8.278,5.16,397.81,24.25,1354.1,3056.5,Critical
M-035,Industrial Robot,99,96.25,8.169,5.14,397.59,23.66,1361.7,3065.0,Critical
M-035,Industrial Robot,100,93.47,8.408,5.12,399.4,24.36,1356.3,3073.5,Critical
M-036,CNC Lathe,1,55.12,2.164,4.97,402.61,14.86,1510.6,6284.5,Healthy
M-036,CNC Lathe,2,54.88,2.283,4.71,400.87,15.7,1507.6,6293.0,Healthy
M-036,CNC Lathe,3,54.7,2.166,4.96,403.64,15.49,1504.8,6301.5,Healthy
M-036,CNC Lathe,4,56.0,2.48,4.95,402.19,14.91,1516.6,6310.0,Healthy
M-036,CNC Lathe,5,56.89,2.347,4.77,400.32,15.5,1517.4,6318.5,Healthy
M-036,CNC Lathe,6,55.55,2.241,5.02,404.56,15.52,1526.3,6327.0,Healthy
M-036,CNC Lathe,7,54.97,2.248,4.88,401.31,15.58,1524.1,6335.5,Healthy
M-036,CNC Lathe,8,56.05,2.136,4.73,401.71,15.38,1514.2,6344.0,Healthy
M-036,CNC Lathe,9,57.7,2.178,4.78,399.9,14.83,1519.0,6352.5,Healthy
M-036,CNC Lathe,10,54.9,2.122,4.99,397.71,14.7,1501.8,6361.0,Healthy
M-036,CNC Lathe,11,55.65,2.33,5.09,403.06,15.58,1517.1,6369.5,Healthy
M-036,CNC Lathe,12,54.23,2.323,4.96,402.64,14.91,1518.7,6378.0,Healthy
M-036,CNC Lathe,13,54.28,2.183,4.79,401.28,14.66,1511.4,6386.5,Healthy
M-036,CNC Lathe,14,56.49,2.184,4.85,401.38,15.16,1510.8,6395.0,Healthy
M-036,CNC Lathe,15,56.35,2.379,5.01,401.07,14.9,1509.3,6403.5,Healthy
M-036,CNC Lathe,16,55.77,2.263,4.84,400.34,14.84,1516.4,6412.0,Healthy
M-036,CNC Lathe,17,53.71,2.344,4.97,400.07,15.75,1514.9,6420.5,Healthy
M-036,CNC Lathe,18,53.53,2.274,4.9,402.13,14.99,1506.7,6429.0,Healthy
M-036,CNC Lathe,19,54.09,2.229,4.84,398.96,14.82,1520.1,6437.5,Healthy
M-036,CNC Lathe,20,57.38,2.398,5.03,403.18,15.37,1512.1,6446.0,Healthy
M-036,CNC Lathe,21,55.57,2.257,4.88,401.37,15.33,1518.2,6454.5,Healthy
M-036,CNC Lathe,22,55.21,2.314,4.94,402.57,14.55,1506.2,6463.0,Healthy
M-036,CNC Lathe,23,56.73,2.3,4.85,400.71,14.98,1519.3,6471.5,Healthy
M-036,CNC Lathe,24,54.07,2.311,4.92,402.02,15.15,1518.9,6480.0,Healthy
M-036,CNC Lathe,25,54.72,2.195,5.14,400.63,15.01,1520.2,6488.5,Healthy
M-036,CNC Lathe,26,57.32,2.242,4.8,398.75,15.63,1506.5,6497.0,Healthy
M-036,CNC Lathe,27,55.37,2.191,4.75,400.65,14.75,1509.3,6505.5,Healthy
M-036,CNC Lathe,28,57.81,2.359,4.99,402.88,15.04,1511.3,6514.0,Healthy
M-036,CNC Lathe,29,55.7,2.328,4.84,401.49,14.83,1513.4,6522.5,Healthy
M-036,CNC Lathe,30,55.0,2.156,4.66,399.35,15.71,1512.3,6531.0,Healthy
M-036,CNC Lathe,31,56.33,2.053,4.8,398.52,15.01,1534.2,6539.5,Healthy
M-036,CNC Lathe,32,55.96,2.511,4.87,403.96,15.8,1513.9,6548.0,Healthy
M-036,CNC Lathe,33,54.76,2.15,4.87,401.4,15.79,1504.4,6556.5,Healthy
M-036,CNC Lathe,34,55.47,2.09,4.85,401.85,15.26,1519.5,6565.0,Healthy
M-036,CNC Lathe,35,55.88,2.377,4.9,399.14,14.43,1510.4,6573.5,Healthy
M-036,CNC Lathe,36,55.24,2.458,4.89,400.84,15.21,1512.6,6582.0,Healthy
M-036,CNC Lathe,37,56.38,2.545,5.12,401.43,15.19,1527.4,6590.5,Healthy
M-036,CNC Lathe,38,55.22,2.389,4.78,400.61,15.48,1509.1,6599.0,Healthy
M-036,CNC Lathe,39,55.25,2.119,5.1,403.76,15.14,1518.9,6607.5,Healthy
M-036,CNC Lathe,40,55.88,2.474,4.85,402.7,15.45,1524.5,6616.0,Healthy
M-036,CNC Lathe,41,52.69,2.236,4.8,401.53,14.37,1498.4,6624.5,Healthy
M-036,CNC Lathe,42,58.01,2.382,4.91,401.96,15.13,1522.8,6633.0,Healthy
M-036,CNC Lathe,43,54.64,2.33,4.92,399.14,15.52,1511.2,6641.5,Healthy
M-036,CNC Lathe,44,56.62,2.322,5.06,399.15,14.7,1507.6,6650.0,Healthy
M-036,CNC Lathe,45,55.56,2.493,5.06,396.61,15.16,1489.1,6658.5,Healthy
M-036,CNC Lathe,46,56.36,2.442,4.89,401.4,15.1,1508.5,6667.0,Healthy
M-036,CNC Lathe,47,55.92,2.28,4.99,401.0,14.78,1502.5,6675.5,Healthy
M-036,CNC Lathe,48,53.17,2.465,4.85,401.91,15.7,1510.3,6684.0,Healthy
M-036,CNC Lathe,49,54.65,2.292,4.9,405.01,15.62,1519.8,6692.5,Healthy
M-036,CNC Lathe,50,57.14,2.286,4.93,400.63,14.63,1524.4,6701.0,Healthy
M-036,CNC Lathe,51,56.04,2.31,4.9,398.22,14.73,1517.5,6709.5,Healthy
M-036,CNC Lathe,52,54.77,2.282,4.89,399.87,14.74,1501.9,6718.0,Healthy
M-036,CNC Lathe,53,55.34,2.405,4.73,400.92,15.27,1505.3,6726.5,Healthy
M-036,CNC Lathe,54,57.4,2.318,4.89,400.27,14.7,1518.9,6735.0,Healthy
M-036,CNC Lathe,55,54.75,2.375,4.96,403.07,15.11,1504.4,6743.5,Healthy
M-036,CNC Lathe,56,57.77,2.502,4.96,397.55,15.54,1503.6,6752.0,Healthy
M-036,CNC Lathe,57,55.32,2.292,4.85,401.83,15.89,1512.6,6760.5,Healthy
M-036,CNC Lathe,58,56.82,2.45,5.03,398.98,16.42,1489.5,6769.0,Healthy
M-036,CNC Lathe,59,58.12,2.723,4.93,396.34,16.29,1499.2,6777.5,Healthy
M-036,CNC Lathe,60,57.44,2.721,5.0,396.04,16.13,1490.2,6786.0,Healthy
M-036,CNC Lathe,61,57.05,2.799,4.79,398.73,17.25,1486.4,6794.5,Healthy
M-036,CNC Lathe,62,57.82,2.671,4.84,395.21,17.53,1481.7,6803.0,Healthy
M-036,CNC Lathe,63,56.47,2.854,4.98,395.29,17.8,1484.2,6811.5,Healthy
M-036,CNC Lathe,64,57.11,2.819,4.92,391.3,17.67,1459.5,6820.0,Healthy
M-036,CNC Lathe,65,59.93,3.057,4.95,392.56,17.88,1464.9,6828.5,Healthy
M-036,CNC Lathe,66,57.79,2.973,4.97,393.26,18.61,1470.5,6837.0,Healthy
M-036,CNC Lathe,67,60.16,2.886,4.87,390.29,18.32,1454.1,6845.5,Healthy
M-036,CNC Lathe,68,59.27,3.274,4.94,393.66,18.11,1455.3,6854.0,Healthy
M-036,CNC Lathe,69,61.23,3.396,4.74,390.15,19.33,1448.4,6862.5,Healthy
M-036,CNC Lathe,70,59.34,3.1,4.8,386.68,19.29,1452.1,6871.0,Healthy
M-036,CNC Lathe,71,59.29,3.388,4.98,389.24,19.01,1443.0,6879.5,Healthy
M-036,CNC Lathe,72,61.11,3.411,4.84,388.59,20.06,1453.8,6888.0,Healthy
M-036,CNC Lathe,73,61.68,3.684,4.93,387.38,20.25,1419.7,6896.5,Healthy
M-036,CNC Lathe,74,62.3,3.338,4.81,386.94,20.94,1435.6,6905.0,Healthy
M-036,CNC Lathe,75,62.04,3.671,5.0,383.2,20.98,1412.1,6913.5,Healthy
M-036,CNC Lathe,76,62.51,3.674,4.94,386.09,21.48,1416.1,6922.0,Warning
M-036,CNC Lathe,77,63.32,4.029,4.74,387.49,21.4,1412.3,6930.5,Warning
M-036,CNC Lathe,78,63.12,3.801,4.95,385.29,22.0,1397.8,6939.0,Warning
M-036,CNC Lathe,79,68.26,4.108,4.99,381.59,21.96,1394.2,6947.5,Warning
M-036,CNC Lathe,80,65.63,3.926,4.79,382.46,22.63,1384.6,6956.0,Warning
M-036,CNC Lathe,81,63.44,4.298,4.93,377.73,22.42,1382.1,6964.5,Warning
M-036,CNC Lathe,82,66.05,4.279,5.01,376.54,23.3,1390.5,6973.0,Warning
M-036,CNC Lathe,83,67.2,4.333,5.13,379.79,23.94,1373.5,6981.5,Warning
M-036,CNC Lathe,84,65.09,4.269,4.92,377.2,23.31,1359.0,6990.0,Warning
M-036,CNC Lathe,85,66.08,4.545,4.9,376.51,23.95,1361.4,6998.5,Warning
M-036,CNC Lathe,86,68.48,4.562,4.75,373.18,24.86,1353.3,7007.0,Critical
M-036,CNC Lathe,87,67.25,4.556,4.95,374.1,24.96,1342.2,7015.5,Critical
M-036,CNC Lathe,88,68.89,4.689,4.96,371.33,26.0,1353.0,7024.0,Critical
M-036,CNC Lathe,89,65.94,4.707,4.95,370.08,25.72,1340.0,7032.5,Critical
M-036,CNC Lathe,90,68.47,4.956,4.83,367.22,26.49,1338.1,7041.0,Critical
M-036,CNC Lathe,91,72.15,4.715,4.97,366.76,27.14,1327.8,7049.5,Critical
M-036,CNC Lathe,92,68.46,5.163,4.84,370.27,26.98,1331.5,7058.0,Critical
M-036,CNC Lathe,93,72.25,5.088,5.0,369.35,26.8,1305.6,7066.5,Critical
M-036,CNC Lathe,94,73.34,5.293,5.0,367.18,27.5,1304.9,7075.0,Critical
M-036,CNC Lathe,95,70.69,5.162,4.8,367.98,27.94,1298.3,7083.5,Critical
M-036,CNC Lathe,96,71.76,5.471,5.01,363.31,28.67,1297.6,7092.0,Critical
M-036,CNC Lathe,97,73.14,5.357,4.92,367.88,28.84,1288.8,7100.5,Critical
M-036,CNC Lathe,98,73.37,5.496,5.08,364.38,29.45,1265.0,7109.0,Critical
M-036,CNC Lathe,99,73.87,5.774,5.06,361.69,29.33,1266.1,7117.5,Critical
M-036,CNC Lathe,100,72.8,5.674,5.03,363.89,30.01,1261.7,7126.0,Critical
M-037,Induction Motor,1,62.26,1.666,5.09,404.66,12.12,1470.8,1576.3,Healthy
M-037,Induction Motor,2,60.69,1.441,4.84,406.28,11.94,1465.1,1584.8,Healthy
M-037,Induction Motor,3,61.75,1.598,5.09,403.95,11.78,1469.5,1593.3,Healthy
M-037,Induction Motor,4,64.51,1.554,4.8,403.25,12.1,1474.9,1601.8,Healthy
M-037,Induction Motor,5,63.61,1.489,4.82,403.61,12.3,1459.3,1610.3,Healthy
M-037,Induction Motor,6,61.68,1.543,5.01,405.31,12.37,1480.1,1618.8,Healthy
M-037,Induction Motor,7,62.04,1.472,4.8,400.58,11.9,1466.3,1627.3,Healthy
M-037,Induction Motor,8,63.35,1.616,4.87,404.02,11.69,1477.6,1635.8,Healthy
M-037,Induction Motor,9,61.46,1.477,5.0,405.4,11.45,1476.2,1644.3,Healthy
M-037,Induction Motor,10,61.51,1.569,4.94,405.43,12.21,1468.9,1652.8,Healthy
M-037,Induction Motor,11,61.89,1.664,4.91,407.87,12.26,1462.0,1661.3,Healthy
M-037,Induction Motor,12,61.83,1.62,5.05,407.08,11.92,1461.9,1669.8,Healthy
M-037,Induction Motor,13,61.13,1.644,5.15,405.33,11.5,1463.5,1678.3,Healthy
M-037,Induction Motor,14,61.66,1.515,4.88,405.0,12.29,1478.1,1686.8,Healthy
M-037,Induction Motor,15,63.03,1.38,4.81,403.94,12.11,1476.2,1695.3,Healthy
M-037,Induction Motor,16,62.46,1.62,4.94,403.75,12.09,1478.4,1703.8,Healthy
M-037,Induction Motor,17,62.3,1.61,4.91,406.85,11.67,1483.6,1712.3,Healthy
M-037,Induction Motor,18,60.99,1.536,4.99,406.32,11.56,1460.6,1720.8,Healthy
M-037,Induction Motor,19,62.74,1.895,5.04,403.76,11.21,1470.0,1729.3,Healthy
M-037,Induction Motor,20,62.84,1.568,4.83,404.57,11.73,1484.3,1737.8,Healthy
M-037,Induction Motor,21,64.22,1.693,4.93,402.94,12.05,1482.5,1746.3,Healthy
M-037,Induction Motor,22,63.45,1.639,5.01,405.35,12.19,1477.2,1754.8,Healthy
M-037,Induction Motor,23,63.02,1.717,4.93,403.75,11.86,1464.0,1763.3,Healthy
M-037,Induction Motor,24,60.48,1.505,4.82,403.24,12.6,1468.1,1771.8,Healthy
M-037,Induction Motor,25,62.69,1.647,5.08,403.11,11.98,1468.5,1780.3,Healthy
M-037,Induction Motor,26,63.77,1.775,4.97,406.72,12.12,1468.0,1788.8,Healthy
M-037,Induction Motor,27,63.82,1.673,4.84,406.25,11.98,1466.7,1797.3,Healthy
M-037,Induction Motor,28,63.48,1.603,4.96,405.58,11.78,1472.4,1805.8,Healthy
M-037,Induction Motor,29,64.02,1.499,4.96,402.6,12.41,1477.4,1814.3,Healthy
M-037,Induction Motor,30,61.98,1.879,5.03,405.67,12.28,1477.2,1822.8,Healthy
M-037,Induction Motor,31,61.21,1.637,4.96,403.46,12.22,1479.2,1831.3,Healthy
M-037,Induction Motor,32,61.9,1.608,4.84,400.68,12.33,1469.1,1839.8,Healthy
M-037,Induction Motor,33,62.46,1.496,4.9,406.45,12.06,1469.6,1848.3,Healthy
M-037,Induction Motor,34,62.65,1.466,4.98,401.75,11.73,1461.0,1856.8,Healthy
M-037,Induction Motor,35,62.19,1.572,4.92,402.45,12.41,1476.0,1865.3,Healthy
M-037,Induction Motor,36,62.2,1.557,4.86,403.64,11.57,1461.7,1873.8,Healthy
M-037,Induction Motor,37,63.44,1.65,5.08,403.66,11.93,1466.1,1882.3,Healthy
M-037,Induction Motor,38,62.02,1.535,4.95,404.31,11.88,1479.4,1890.8,Healthy
M-037,Induction Motor,39,64.68,1.754,4.97,405.78,12.71,1475.4,1899.3,Healthy
M-037,Induction Motor,40,61.7,1.661,4.98,402.27,11.96,1478.2,1907.8,Healthy
M-037,Induction Motor,41,60.22,1.464,4.9,404.96,11.58,1468.3,1916.3,Healthy
M-037,Induction Motor,42,63.79,1.622,5.01,403.07,11.77,1476.1,1924.8,Healthy
M-037,Induction Motor,43,62.85,1.472,4.84,407.39,11.73,1476.8,1933.3,Healthy
M-037,Induction Motor,44,61.83,1.614,4.95,400.05,11.54,1470.0,1941.8,Healthy
M-037,Induction Motor,45,61.54,1.734,4.76,405.39,11.57,1466.5,1950.3,Healthy
M-037,Induction Motor,46,61.13,1.842,4.78,404.01,11.45,1482.1,1958.8,Healthy
M-037,Induction Motor,47,62.89,1.631,5.07,404.55,12.13,1470.4,1967.3,Healthy
M-037,Induction Motor,48,63.08,1.555,4.9,405.88,12.15,1468.4,1975.8,Healthy
M-037,Induction Motor,49,60.72,1.794,4.85,406.23,12.12,1459.0,1984.3,Healthy
M-037,Induction Motor,50,63.91,1.645,5.05,403.89,12.3,1455.2,1992.8,Healthy
M-037,Induction Motor,51,61.8,1.461,4.88,405.2,11.84,1476.3,2001.3,Healthy
M-037,Induction Motor,52,61.38,1.72,5.05,406.28,11.94,1452.3,2009.8,Healthy
M-037,Induction Motor,53,63.1,1.599,4.82,403.14,12.56,1460.2,2018.3,Healthy
M-037,Induction Motor,54,62.97,1.64,4.88,405.55,12.63,1467.0,2026.8,Healthy
M-037,Induction Motor,55,62.11,1.689,5.01,404.0,11.95,1451.6,2035.3,Healthy
M-037,Induction Motor,56,61.47,1.477,4.99,403.77,11.96,1469.3,2043.8,Healthy
M-037,Induction Motor,57,61.36,1.801,5.05,407.49,12.29,1469.1,2052.3,Healthy
M-037,Induction Motor,58,64.34,1.532,4.83,403.05,12.24,1463.3,2060.8,Healthy
M-037,Induction Motor,59,62.22,1.422,4.97,401.22,11.73,1479.1,2069.3,Healthy
M-037,Induction Motor,60,63.82,1.659,4.95,403.19,11.79,1466.4,2077.8,Healthy
M-037,Induction Motor,61,60.59,1.644,4.92,402.39,12.6,1474.2,2086.3,Healthy
M-037,Induction Motor,62,63.23,1.556,4.92,405.51,12.11,1482.2,2094.8,Healthy
M-037,Induction Motor,63,62.16,1.554,4.98,401.73,12.38,1458.9,2103.3,Healthy
M-037,Induction Motor,64,63.17,1.536,4.97,406.07,12.11,1459.8,2111.8,Healthy
M-037,Induction Motor,65,61.33,1.527,4.73,406.51,12.09,1460.3,2120.3,Healthy
M-037,Induction Motor,66,64.15,1.53,4.94,402.61,11.35,1458.4,2128.8,Healthy
M-037,Induction Motor,67,61.87,1.722,4.95,404.54,11.35,1479.5,2137.3,Healthy
M-037,Induction Motor,68,62.67,1.6,5.03,406.75,12.46,1467.4,2145.8,Healthy
M-037,Induction Motor,69,61.2,1.733,4.78,408.15,12.07,1460.9,2154.3,Healthy
M-037,Induction Motor,70,60.93,1.461,4.93,404.24,11.62,1466.5,2162.8,Healthy
M-037,Induction Motor,71,60.76,1.685,4.91,403.5,11.6,1466.9,2171.3,Healthy
M-037,Induction Motor,72,61.91,1.652,4.93,405.84,11.89,1454.5,2179.8,Healthy
M-037,Induction Motor,73,63.59,1.502,4.81,404.17,12.16,1465.1,2188.3,Healthy
M-037,Induction Motor,74,61.76,1.567,5.06,404.25,11.72,1461.7,2196.8,Healthy
M-037,Induction Motor,75,62.1,1.643,4.97,404.5,11.76,1466.0,2205.3,Healthy
M-037,Induction Motor,76,63.28,1.477,4.87,405.45,12.36,1467.8,2213.8,Healthy
M-037,Induction Motor,77,61.91,1.455,4.97,406.89,12.95,1472.4,2222.3,Healthy
M-037,Induction Motor,78,62.34,1.504,4.73,404.61,12.88,1479.5,2230.8,Healthy
M-037,Induction Motor,79,63.74,1.644,4.95,399.41,12.32,1464.7,2239.3,Healthy
M-037,Induction Motor,80,61.56,1.575,4.88,402.82,12.06,1464.9,2247.8,Healthy
M-037,Induction Motor,81,62.52,1.436,4.9,402.06,11.83,1470.5,2256.3,Healthy
M-037,Induction Motor,82,60.48,1.515,4.97,401.43,12.68,1479.0,2264.8,Healthy
M-037,Induction Motor,83,61.81,1.52,4.94,401.36,11.35,1465.7,2273.3,Healthy
M-037,Induction Motor,84,62.24,1.625,4.86,406.8,11.53,1460.2,2281.8,Healthy
M-037,Induction Motor,85,62.99,1.475,4.8,404.5,11.69,1468.3,2290.3,Healthy
M-037,Induction Motor,86,61.56,1.511,4.71,404.54,11.62,1468.0,2298.8,Healthy
M-037,Induction Motor,87,61.79,1.589,4.9,404.64,11.8,1479.3,2307.3,Healthy
M-037,Induction Motor,88,60.19,1.587,5.0,405.21,11.71,1462.9,2315.8,Healthy
M-037,Induction Motor,89,61.2,1.686,4.84,404.77,12.15,1488.3,2324.3,Healthy
M-037,Induction Motor,90,62.78,1.517,4.77,403.7,12.01,1451.7,2332.8,Healthy
M-037,Induction Motor,91,61.55,1.65,4.86,406.19,11.51,1474.8,2341.3,Healthy
M-037,Induction Motor,92,63.5,1.729,4.76,404.89,11.82,1458.1,2349.8,Healthy
M-037,Induction Motor,93,61.91,1.506,5.01,405.28,11.65,1463.6,2358.3,Healthy
M-037,Induction Motor,94,61.95,1.605,5.02,405.64,12.07,1467.3,2366.8,Healthy
M-037,Induction Motor,95,60.28,1.769,4.87,407.37,12.12,1485.5,2375.3,Healthy
M-037,Induction Motor,96,63.13,1.442,4.86,403.92,11.75,1466.3,2383.8,Healthy
M-037,Induction Motor,97,60.76,1.615,4.94,402.25,12.73,1469.9,2392.3,Healthy
M-037,Induction Motor,98,61.42,1.419,4.92,403.74,12.33,1468.2,2400.8,Healthy
M-037,Induction Motor,99,60.97,1.815,4.96,403.75,12.11,1473.1,2409.3,Healthy
M-037,Induction Motor,100,60.69,1.633,4.87,405.27,11.8,1464.5,2417.8,Healthy
M-038,Hydraulic Pump,1,55.77,2.202,4.96,400.64,17.28,1465.9,552.9,Healthy
M-038,Hydraulic Pump,2,57.86,2.428,5.06,403.44,17.61,1452.4,561.4,Healthy
M-038,Hydraulic Pump,3,57.3,2.486,5.22,404.6,17.53,1464.4,569.9,Healthy
M-038,Hydraulic Pump,4,57.1,2.465,5.25,402.62,17.54,1476.1,578.4,Healthy
M-038,Hydraulic Pump,5,58.52,2.547,4.94,402.92,17.64,1469.6,586.9,Healthy
M-038,Hydraulic Pump,6,56.01,2.538,5.14,404.51,17.46,1468.3,595.4,Healthy
M-038,Hydraulic Pump,7,58.0,2.133,5.17,402.04,17.72,1476.2,603.9,Healthy
M-038,Hydraulic Pump,8,58.37,2.37,4.93,402.6,18.1,1476.7,612.4,Healthy
M-038,Hydraulic Pump,9,54.54,2.511,5.15,404.3,17.73,1452.0,620.9,Healthy
M-038,Hydraulic Pump,10,56.51,2.329,5.0,404.32,17.67,1469.3,629.4,Healthy
M-038,Hydraulic Pump,11,58.32,2.232,5.26,406.33,17.1,1471.7,637.9,Healthy
M-038,Hydraulic Pump,12,59.44,2.272,4.98,404.38,17.89,1467.9,646.4,Healthy
M-038,Hydraulic Pump,13,56.76,2.458,4.85,400.36,17.69,1449.3,654.9,Healthy
M-038,Hydraulic Pump,14,56.89,2.437,5.03,401.4,17.36,1462.3,663.4,Healthy
M-038,Hydraulic Pump,15,57.49,2.491,5.2,402.44,17.89,1454.5,671.9,Healthy
M-038,Hydraulic Pump,16,57.31,2.413,5.15,402.19,17.59,1459.6,680.4,Healthy
M-038,Hydraulic Pump,17,58.27,2.366,5.29,400.13,18.14,1448.7,688.9,Healthy
M-038,Hydraulic Pump,18,56.85,2.369,5.15,404.39,18.4,1461.9,697.4,Healthy
M-038,Hydraulic Pump,19,56.17,2.545,5.09,401.49,17.57,1460.5,705.9,Healthy
M-038,Hydraulic Pump,20,55.05,2.627,5.15,399.54,18.25,1467.6,714.4,Healthy
M-038,Hydraulic Pump,21,56.8,2.503,5.06,400.13,17.54,1465.6,722.9,Healthy
M-038,Hydraulic Pump,22,55.98,2.5,5.23,402.03,16.92,1464.8,731.4,Healthy
M-038,Hydraulic Pump,23,56.04,2.414,5.08,401.03,17.25,1466.2,739.9,Healthy
M-038,Hydraulic Pump,24,56.13,2.649,5.13,401.29,17.56,1464.9,748.4,Healthy
M-038,Hydraulic Pump,25,57.17,2.513,5.22,402.61,17.89,1469.6,756.9,Healthy
M-038,Hydraulic Pump,26,57.17,2.414,5.12,401.45,17.33,1477.7,765.4,Healthy
M-038,Hydraulic Pump,27,57.31,2.472,5.08,403.75,17.66,1454.0,773.9,Healthy
M-038,Hydraulic Pump,28,56.41,2.511,5.04,399.09,17.62,1452.3,782.4,Healthy
M-038,Hydraulic Pump,29,56.69,2.582,4.97,404.05,18.33,1476.3,790.9,Healthy
M-038,Hydraulic Pump,30,56.78,2.329,5.12,403.13,18.05,1466.5,799.4,Healthy
M-038,Hydraulic Pump,31,57.54,2.33,5.18,400.2,17.51,1470.9,807.9,Healthy
M-038,Hydraulic Pump,32,58.61,2.521,5.1,402.71,17.41,1463.2,816.4,Healthy
M-038,Hydraulic Pump,33,54.76,2.638,5.32,398.87,17.22,1477.0,824.9,Healthy
M-038,Hydraulic Pump,34,56.11,2.606,5.18,402.11,18.06,1465.8,833.4,Healthy
M-038,Hydraulic Pump,35,56.99,2.503,5.18,404.76,18.55,1469.1,841.9,Healthy
M-038,Hydraulic Pump,36,58.61,2.591,5.17,401.7,18.11,1469.7,850.4,Healthy
M-038,Hydraulic Pump,37,55.51,2.561,4.94,404.05,17.53,1467.4,858.9,Healthy
M-038,Hydraulic Pump,38,55.38,2.352,5.05,402.45,17.52,1468.9,867.4,Healthy
M-038,Hydraulic Pump,39,57.63,2.386,5.11,403.82,16.94,1469.7,875.9,Healthy
M-038,Hydraulic Pump,40,56.29,2.12,5.06,400.74,17.56,1469.9,884.4,Healthy
M-038,Hydraulic Pump,41,58.08,2.594,5.24,400.68,18.15,1456.4,892.9,Healthy
M-038,Hydraulic Pump,42,58.33,2.508,5.12,400.98,18.15,1458.1,901.4,Healthy
M-038,Hydraulic Pump,43,57.03,2.447,4.93,403.05,17.34,1477.7,909.9,Healthy
M-038,Hydraulic Pump,44,60.3,2.351,5.06,403.09,17.0,1479.3,918.4,Healthy
M-038,Hydraulic Pump,45,56.88,2.406,5.19,402.93,17.8,1472.9,926.9,Healthy
M-038,Hydraulic Pump,46,57.41,2.341,5.27,401.59,17.59,1468.0,935.4,Healthy
M-038,Hydraulic Pump,47,56.33,2.53,5.27,405.92,18.07,1474.7,943.9,Healthy
M-038,Hydraulic Pump,48,57.52,2.629,5.19,405.08,17.89,1474.8,952.4,Healthy
M-038,Hydraulic Pump,49,58.89,2.468,5.24,402.1,18.35,1455.3,960.9,Healthy
M-038,Hydraulic Pump,50,57.13,2.628,5.25,400.47,17.93,1468.3,969.4,Healthy
M-038,Hydraulic Pump,51,61.08,2.405,5.33,406.04,18.55,1466.9,977.9,Healthy
M-038,Hydraulic Pump,52,59.37,2.63,5.26,401.87,18.07,1469.9,986.4,Healthy
M-038,Hydraulic Pump,53,61.61,2.686,5.38,404.51,17.98,1471.7,994.9,Healthy
M-038,Hydraulic Pump,54,59.12,2.794,5.65,400.9,18.65,1471.7,1003.4,Healthy
M-038,Hydraulic Pump,55,62.69,2.857,5.42,400.15,18.37,1465.2,1011.9,Healthy
M-038,Hydraulic Pump,56,60.51,2.763,5.43,406.59,18.56,1458.3,1020.4,Healthy
M-038,Hydraulic Pump,57,63.35,2.72,5.4,401.36,18.27,1469.2,1028.9,Healthy
M-038,Hydraulic Pump,58,64.37,2.858,5.7,399.56,18.9,1453.6,1037.4,Healthy
M-038,Hydraulic Pump,59,63.32,2.86,5.54,403.42,19.05,1451.6,1045.9,Healthy
M-038,Hydraulic Pump,60,61.76,2.884,5.71,404.29,18.34,1451.4,1054.4,Healthy
M-038,Hydraulic Pump,61,66.66,2.924,5.84,400.48,18.51,1469.0,1062.9,Healthy
M-038,Hydraulic Pump,62,64.72,3.131,5.8,401.84,19.17,1469.0,1071.4,Healthy
M-038,Hydraulic Pump,63,66.96,3.215,5.94,403.47,19.14,1458.6,1079.9,Healthy
M-038,Hydraulic Pump,64,67.2,3.136,5.96,401.36,18.21,1472.5,1088.4,Healthy
M-038,Hydraulic Pump,65,70.57,3.351,6.08,403.27,18.79,1465.4,1096.9,Healthy
M-038,Hydraulic Pump,66,68.21,3.193,5.89,403.15,18.82,1475.3,1105.4,Healthy
M-038,Hydraulic Pump,67,69.89,3.076,6.28,401.72,18.86,1452.7,1113.9,Healthy
M-038,Hydraulic Pump,68,70.01,3.419,6.34,404.46,18.88,1452.0,1122.4,Healthy
M-038,Hydraulic Pump,69,69.68,3.546,6.18,400.57,19.19,1463.5,1130.9,Healthy
M-038,Hydraulic Pump,70,70.52,3.382,6.29,404.81,19.38,1450.7,1139.4,Healthy
M-038,Hydraulic Pump,71,73.64,3.614,6.37,403.61,19.48,1469.3,1147.9,Healthy
M-038,Hydraulic Pump,72,71.34,3.637,6.42,403.59,19.13,1474.9,1156.4,Healthy
M-038,Hydraulic Pump,73,72.54,3.624,6.41,400.76,19.68,1462.1,1164.9,Healthy
M-038,Hydraulic Pump,74,74.11,3.516,6.34,406.22,20.06,1461.3,1173.4,Healthy
M-038,Hydraulic Pump,75,75.22,3.684,6.65,400.59,19.17,1466.3,1181.9,Healthy
M-038,Hydraulic Pump,76,75.87,3.708,6.52,405.27,19.5,1462.5,1190.4,Healthy
M-038,Hydraulic Pump,77,77.64,4.116,6.74,404.52,19.34,1472.0,1198.9,Warning
M-038,Hydraulic Pump,78,77.95,3.788,6.72,405.2,19.72,1477.5,1207.4,Healthy
M-038,Hydraulic Pump,79,77.71,3.956,6.94,406.86,20.13,1467.5,1215.9,Warning
M-038,Hydraulic Pump,80,79.97,4.176,6.96,403.51,20.22,1454.7,1224.4,Warning
M-038,Hydraulic Pump,81,77.97,4.102,6.89,402.83,20.13,1458.3,1232.9,Warning
M-038,Hydraulic Pump,82,80.73,3.902,7.0,399.69,20.03,1473.8,1241.4,Warning
M-038,Hydraulic Pump,83,79.91,3.946,7.08,401.1,20.23,1464.3,1249.9,Warning
M-038,Hydraulic Pump,84,81.8,4.388,7.13,402.93,20.2,1474.2,1258.4,Warning
M-038,Hydraulic Pump,85,82.58,4.369,7.31,398.87,20.67,1469.2,1266.9,Warning
M-038,Hydraulic Pump,86,82.39,4.52,7.4,402.38,19.75,1465.7,1275.4,Warning
M-038,Hydraulic Pump,87,82.81,4.162,7.43,405.81,20.53,1468.2,1283.9,Warning
M-038,Hydraulic Pump,88,86.44,4.507,7.38,398.3,20.93,1469.5,1292.4,Warning
M-038,Hydraulic Pump,89,86.77,4.253,7.72,401.18,21.12,1450.9,1300.9,Warning
M-038,Hydraulic Pump,90,85.55,4.542,7.48,401.11,21.39,1463.4,1309.4,Warning
M-038,Hydraulic Pump,91,89.87,4.796,7.45,402.07,20.78,1458.6,1317.9,Warning
M-038,Hydraulic Pump,92,89.62,4.834,7.94,401.84,21.15,1463.3,1326.4,Critical
M-038,Hydraulic Pump,93,88.52,4.89,8.01,404.73,21.4,1465.7,1334.9,Critical
M-038,Hydraulic Pump,94,90.87,4.997,7.78,402.84,21.06,1461.1,1343.4,Critical
M-038,Hydraulic Pump,95,91.89,4.89,7.98,403.72,21.17,1454.5,1351.9,Critical
M-038,Hydraulic Pump,96,91.15,5.046,8.04,398.85,21.64,1461.7,1360.4,Critical
M-038,Hydraulic Pump,97,93.12,5.144,8.13,406.52,21.8,1462.5,1368.9,Critical
M-038,Hydraulic Pump,98,92.88,5.101,8.12,403.5,21.14,1477.2,1377.4,Critical
M-038,Hydraulic Pump,99,94.23,5.337,8.11,400.4,22.01,1461.0,1385.9,Critical
M-038,Hydraulic Pump,100,93.86,5.379,8.22,402.72,21.54,1472.2,1394.4,Critical
M-039,Centrifugal Compressor,1,66.21,2.117,5.15,391.88,12.33,1493.1,4018.4,Healthy
M-039,Centrifugal Compressor,2,67.35,2.118,5.06,393.57,11.79,1479.8,4026.9,Healthy
M-039,Centrifugal Compressor,3,67.65,1.845,4.9,394.79,12.28,1482.3,4035.4,Healthy
M-039,Centrifugal Compressor,4,64.79,1.799,5.02,392.97,12.85,1487.6,4043.9,Healthy
M-039,Centrifugal Compressor,5,66.17,1.941,4.84,392.27,12.64,1489.4,4052.4,Healthy
M-039,Centrifugal Compressor,6,67.49,2.106,4.9,391.95,12.77,1489.5,4060.9,Healthy
M-039,Centrifugal Compressor,7,66.38,2.1,4.99,391.79,12.14,1478.0,4069.4,Healthy
M-039,Centrifugal Compressor,8,66.29,1.997,4.96,393.04,12.21,1488.1,4077.9,Healthy
M-039,Centrifugal Compressor,9,68.29,1.986,5.08,397.33,12.24,1493.6,4086.4,Healthy
M-039,Centrifugal Compressor,10,65.92,2.07,4.98,392.58,12.22,1480.3,4094.9,Healthy
M-039,Centrifugal Compressor,11,64.01,2.025,5.0,392.71,12.37,1477.0,4103.4,Healthy
M-039,Centrifugal Compressor,12,66.09,1.761,5.02,396.25,12.23,1479.5,4111.9,Healthy
M-039,Centrifugal Compressor,13,65.97,2.164,5.02,390.15,11.78,1485.4,4120.4,Healthy
M-039,Centrifugal Compressor,14,67.54,2.029,5.18,394.51,12.42,1467.6,4128.9,Healthy
M-039,Centrifugal Compressor,15,68.22,1.801,5.3,391.72,12.16,1484.4,4137.4,Healthy
M-039,Centrifugal Compressor,16,66.58,1.811,4.98,395.12,12.89,1479.8,4145.9,Healthy
M-039,Centrifugal Compressor,17,66.96,1.913,5.12,391.46,12.67,1487.6,4154.4,Healthy
M-039,Centrifugal Compressor,18,65.97,1.971,5.21,393.07,12.52,1489.4,4162.9,Healthy
M-039,Centrifugal Compressor,19,66.67,2.122,5.15,390.53,12.61,1501.6,4171.4,Healthy
M-039,Centrifugal Compressor,20,66.28,2.078,4.79,391.32,13.26,1494.8,4179.9,Healthy
M-039,Centrifugal Compressor,21,66.82,2.197,4.96,395.79,12.12,1489.4,4188.4,Healthy
M-039,Centrifugal Compressor,22,64.61,1.93,5.2,392.23,12.59,1484.8,4196.9,Healthy
M-039,Centrifugal Compressor,23,67.08,2.065,5.0,391.52,12.28,1485.3,4205.4,Healthy
M-039,Centrifugal Compressor,24,64.13,2.016,5.11,389.66,12.71,1485.5,4213.9,Healthy
M-039,Centrifugal Compressor,25,66.95,1.946,5.1,393.49,12.72,1488.7,4222.4,Healthy
M-039,Centrifugal Compressor,26,67.46,2.147,5.06,392.73,12.61,1472.2,4230.9,Healthy
M-039,Centrifugal Compressor,27,65.51,1.867,5.12,393.55,12.86,1498.3,4239.4,Healthy
M-039,Centrifugal Compressor,28,64.21,1.773,5.07,390.16,11.73,1482.8,4247.9,Healthy
M-039,Centrifugal Compressor,29,64.06,1.853,5.14,392.28,12.94,1484.1,4256.4,Healthy
M-039,Centrifugal Compressor,30,67.22,1.912,5.05,392.47,12.61,1494.5,4264.9,Healthy
M-039,Centrifugal Compressor,31,69.03,1.978,5.12,391.2,12.66,1488.9,4273.4,Healthy
M-039,Centrifugal Compressor,32,63.37,1.872,4.86,391.78,12.52,1486.3,4281.9,Healthy
M-039,Centrifugal Compressor,33,67.3,1.694,5.16,393.75,11.97,1488.5,4290.4,Healthy
M-039,Centrifugal Compressor,34,69.19,2.152,5.24,392.83,12.81,1499.2,4298.9,Healthy
M-039,Centrifugal Compressor,35,65.31,2.131,5.17,391.91,12.45,1499.5,4307.4,Healthy
M-039,Centrifugal Compressor,36,66.49,2.082,5.02,391.06,12.0,1486.4,4315.9,Healthy
M-039,Centrifugal Compressor,37,67.09,1.765,5.26,395.39,12.6,1495.2,4324.4,Healthy
M-039,Centrifugal Compressor,38,65.78,1.799,5.11,395.34,12.24,1481.1,4332.9,Healthy
M-039,Centrifugal Compressor,39,65.91,2.034,5.13,396.87,12.57,1482.0,4341.4,Healthy
M-039,Centrifugal Compressor,40,66.2,1.85,5.18,391.02,12.22,1492.5,4349.9,Healthy
M-039,Centrifugal Compressor,41,68.47,2.319,4.93,394.53,12.41,1486.7,4358.4,Healthy
M-039,Centrifugal Compressor,42,66.22,1.828,5.23,389.09,12.37,1500.7,4366.9,Healthy
M-039,Centrifugal Compressor,43,66.83,1.895,5.0,395.01,12.31,1488.4,4375.4,Healthy
M-039,Centrifugal Compressor,44,67.31,2.087,5.01,390.52,12.07,1499.7,4383.9,Healthy
M-039,Centrifugal Compressor,45,66.64,1.826,4.97,395.58,12.45,1475.3,4392.4,Healthy
M-039,Centrifugal Compressor,46,65.24,2.114,5.01,397.44,13.09,1500.6,4400.9,Healthy
M-039,Centrifugal Compressor,47,67.16,2.1,5.06,393.19,12.0,1488.3,4409.4,Healthy
M-039,Centrifugal Compressor,48,65.04,1.977,4.95,391.52,11.52,1482.4,4417.9,Healthy
M-039,Centrifugal Compressor,49,65.7,1.939,5.19,393.15,12.74,1496.4,4426.4,Healthy
M-039,Centrifugal Compressor,50,68.25,1.867,4.95,393.02,12.05,1486.8,4434.9,Healthy
M-039,Centrifugal Compressor,51,65.42,1.83,5.1,396.98,12.33,1490.9,4443.4,Healthy
M-039,Centrifugal Compressor,52,66.64,1.972,5.21,392.7,11.28,1481.7,4451.9,Healthy
M-039,Centrifugal Compressor,53,66.69,1.963,5.04,392.23,12.45,1505.1,4460.4,Healthy
M-039,Centrifugal Compressor,54,66.17,2.235,5.11,391.91,12.72,1469.2,4468.9,Healthy
M-039,Centrifugal Compressor,55,66.54,2.038,5.12,394.53,12.67,1491.1,4477.4,Healthy
M-039,Centrifugal Compressor,56,67.43,1.909,5.19,392.33,12.82,1488.5,4485.9,Healthy
M-039,Centrifugal Compressor,57,66.82,2.082,5.22,393.34,12.49,1468.0,4494.4,Healthy
M-039,Centrifugal Compressor,58,65.52,1.795,5.03,391.92,12.14,1480.4,4502.9,Healthy
M-039,Centrifugal Compressor,59,67.19,1.761,4.96,393.32,12.76,1481.2,4511.4,Healthy
M-039,Centrifugal Compressor,60,67.82,1.648,5.07,393.87,12.07,1478.2,4519.9,Healthy
M-039,Centrifugal Compressor,61,66.71,1.972,4.99,392.68,12.21,1498.7,4528.4,Healthy
M-039,Centrifugal Compressor,62,67.38,1.999,5.26,395.32,12.85,1501.3,4536.9,Healthy
M-039,Centrifugal Compressor,63,66.37,1.83,4.89,394.73,12.08,1515.3,4545.4,Healthy
M-039,Centrifugal Compressor,64,65.55,1.854,5.15,394.85,13.05,1486.7,4553.9,Healthy
M-039,Centrifugal Compressor,65,67.95,1.956,5.12,392.83,13.09,1506.8,4562.4,Healthy
M-039,Centrifugal Compressor,66,65.13,2.129,4.97,395.58,12.99,1481.0,4570.9,Healthy
M-039,Centrifugal Compressor,67,65.09,1.916,5.18,394.21,12.33,1494.5,4579.4,Healthy
M-039,Centrifugal Compressor,68,66.21,1.992,5.12,394.21,13.01,1479.1,4587.9,Healthy
M-039,Centrifugal Compressor,69,67.7,1.863,5.03,392.94,12.27,1477.9,4596.4,Healthy
M-039,Centrifugal Compressor,70,66.02,2.009,5.05,396.2,12.38,1488.8,4604.9,Healthy
M-039,Centrifugal Compressor,71,66.78,1.96,5.12,392.22,12.01,1488.1,4613.4,Healthy
M-039,Centrifugal Compressor,72,67.02,1.995,4.98,393.58,12.65,1490.3,4621.9,Healthy
M-039,Centrifugal Compressor,73,65.71,1.985,5.24,391.18,12.8,1470.7,4630.4,Healthy
M-039,Centrifugal Compressor,74,65.91,1.924,5.18,396.8,12.81,1492.8,4638.9,Healthy
M-039,Centrifugal Compressor,75,67.84,1.814,5.16,391.05,12.16,1491.8,4647.4,Healthy
M-039,Centrifugal Compressor,76,65.08,2.123,5.07,390.65,12.95,1486.6,4655.9,Healthy
M-039,Centrifugal Compressor,77,66.36,1.949,4.78,395.77,12.43,1489.9,4664.4,Healthy
M-039,Centrifugal Compressor,78,67.38,1.941,4.96,391.39,12.72,1488.6,4672.9,Healthy
M-039,Centrifugal Compressor,79,67.77,2.118,5.16,395.77,12.17,1493.5,4681.4,Healthy
M-039,Centrifugal Compressor,80,66.0,1.845,5.11,394.76,12.3,1489.1,4689.9,Healthy
M-039,Centrifugal Compressor,81,67.4,1.902,5.15,391.44,12.56,1479.0,4698.4,Healthy
M-039,Centrifugal Compressor,82,68.18,2.058,5.27,391.39,12.65,1488.5,4706.9,Healthy
M-039,Centrifugal Compressor,83,64.8,1.989,5.12,397.19,12.24,1492.5,4715.4,Healthy
M-039,Centrifugal Compressor,84,66.93,1.955,5.06,394.75,12.38,1486.8,4723.9,Healthy
M-039,Centrifugal Compressor,85,65.95,1.796,5.16,392.22,12.85,1498.8,4732.4,Healthy
M-039,Centrifugal Compressor,86,69.44,2.029,5.12,394.48,12.51,1498.1,4740.9,Healthy
M-039,Centrifugal Compressor,87,66.46,2.042,5.06,390.63,12.68,1466.7,4749.4,Healthy
M-039,Centrifugal Compressor,88,67.22,2.106,5.13,391.68,12.96,1503.2,4757.9,Healthy
M-039,Centrifugal Compressor,89,67.36,2.198,5.28,391.97,12.1,1494.6,4766.4,Healthy
M-039,Centrifugal Compressor,90,62.79,1.949,5.0,392.88,11.99,1487.5,4774.9,Healthy
M-039,Centrifugal Compressor,91,67.29,2.183,5.11,389.71,12.44,1500.0,4783.4,Healthy
M-039,Centrifugal Compressor,92,66.31,2.058,5.19,393.6,12.54,1493.4,4791.9,Healthy
M-039,Centrifugal Compressor,93,66.06,1.951,4.98,392.28,12.7,1493.0,4800.4,Healthy
M-039,Centrifugal Compressor,94,65.2,1.862,5.01,390.43,12.51,1483.7,4808.9,Healthy
M-039,Centrifugal Compressor,95,67.18,2.098,4.9,392.0,11.88,1474.0,4817.4,Healthy
M-039,Centrifugal Compressor,96,67.21,2.001,5.01,391.35,12.04,1490.1,4825.9,Healthy
M-039,Centrifugal Compressor,97,66.28,1.868,5.11,393.82,12.08,1484.9,4834.4,Healthy
M-039,Centrifugal Compressor,98,67.59,2.066,5.0,396.58,12.36,1495.0,4842.9,Healthy
M-039,Centrifugal Compressor,99,65.3,1.958,4.98,389.95,12.4,1486.1,4851.4,Healthy
M-039,Centrifugal Compressor,100,67.85,1.907,5.09,392.44,12.08,1495.1,4859.9,Healthy
M-040,Industrial Robot,1,55.05,2.231,4.89,392.67,14.39,1475.9,2954.2,Healthy
M-040,Industrial Robot,2,53.92,2.575,4.73,393.22,13.9,1484.3,2962.7,Healthy
M-040,Industrial Robot,3,56.93,2.108,4.77,394.67,14.57,1483.2,2971.2,Healthy
M-040,Industrial Robot,4,56.96,2.23,4.63,392.29,13.72,1472.1,2979.7,Healthy
M-040,Industrial Robot,5,55.18,2.181,4.8,390.89,14.8,1486.0,2988.2,Healthy
M-040,Industrial Robot,6,57.51,2.212,4.77,390.83,14.23,1463.9,2996.7,Healthy
M-040,Industrial Robot,7,57.36,2.217,4.78,393.89,13.96,1471.7,3005.2,Healthy
M-040,Industrial Robot,8,55.94,2.391,4.73,394.12,14.43,1476.5,3013.7,Healthy
M-040,Industrial Robot,9,55.95,2.311,4.86,392.22,14.55,1480.1,3022.2,Healthy
M-040,Industrial Robot,10,55.2,2.289,4.64,390.22,14.37,1484.4,3030.7,Healthy
M-040,Industrial Robot,11,56.04,2.3,4.69,393.25,14.85,1486.1,3039.2,Healthy
M-040,Industrial Robot,12,55.99,2.275,4.71,390.09,13.99,1483.5,3047.7,Healthy
M-040,Industrial Robot,13,54.96,2.261,4.64,394.48,13.71,1482.8,3056.2,Healthy
M-040,Industrial Robot,14,57.32,2.256,4.68,393.86,14.72,1488.8,3064.7,Healthy
M-040,Industrial Robot,15,55.99,2.188,4.73,389.53,13.96,1481.7,3073.2,Healthy
M-040,Industrial Robot,16,55.64,2.222,4.74,392.37,14.42,1467.4,3081.7,Healthy
M-040,Industrial Robot,17,56.71,2.289,4.79,390.13,14.46,1482.4,3090.2,Healthy
M-040,Industrial Robot,18,58.09,2.194,4.69,389.34,13.87,1489.5,3098.7,Healthy
M-040,Industrial Robot,19,56.44,2.207,4.76,392.79,13.49,1464.2,3107.2,Healthy
M-040,Industrial Robot,20,57.41,2.383,4.6,392.66,13.9,1486.8,3115.7,Healthy
M-040,Industrial Robot,21,56.62,2.162,4.76,392.83,14.14,1474.0,3124.2,Healthy
M-040,Industrial Robot,22,56.11,2.192,4.63,390.42,13.79,1481.4,3132.7,Healthy
M-040,Industrial Robot,23,56.62,2.47,4.73,394.31,14.17,1480.5,3141.2,Healthy
M-040,Industrial Robot,24,57.05,2.364,4.76,391.68,14.25,1489.0,3149.7,Healthy
M-040,Industrial Robot,25,56.29,2.247,4.83,390.14,14.03,1470.2,3158.2,Healthy
M-040,Industrial Robot,26,55.94,2.444,4.81,389.18,13.94,1466.1,3166.7,Healthy
M-040,Industrial Robot,27,57.35,2.224,4.76,393.16,14.23,1454.9,3175.2,Healthy
M-040,Industrial Robot,28,56.52,2.229,4.83,393.32,14.38,1472.2,3183.7,Healthy
M-040,Industrial Robot,29,54.73,2.401,4.81,393.36,14.23,1481.4,3192.2,Healthy
M-040,Industrial Robot,30,54.53,2.423,4.73,392.66,14.01,1458.3,3200.7,Healthy
M-040,Industrial Robot,31,56.77,2.175,4.76,391.27,14.03,1474.9,3209.2,Healthy
M-040,Industrial Robot,32,55.07,2.267,4.7,390.83,14.56,1471.7,3217.7,Healthy
M-040,Industrial Robot,33,56.76,2.375,4.84,391.82,14.08,1476.7,3226.2,Healthy
M-040,Industrial Robot,34,56.72,2.265,4.8,392.4,14.55,1478.0,3234.7,Healthy
M-040,Industrial Robot,35,55.92,2.335,4.91,391.7,14.52,1471.5,3243.2,Healthy
M-040,Industrial Robot,36,56.14,2.199,4.71,391.55,14.4,1474.1,3251.7,Healthy
M-040,Industrial Robot,37,56.72,2.231,4.75,395.83,13.89,1472.2,3260.2,Healthy
M-040,Industrial Robot,38,55.79,2.292,4.81,393.0,14.24,1468.8,3268.7,Healthy
M-040,Industrial Robot,39,56.44,2.334,4.82,392.25,14.15,1483.7,3277.2,Healthy
M-040,Industrial Robot,40,54.81,2.079,4.64,391.63,14.53,1494.3,3285.7,Healthy
M-040,Industrial Robot,41,54.99,2.284,4.7,393.87,14.25,1471.0,3294.2,Healthy
M-040,Industrial Robot,42,55.34,2.277,4.87,391.6,13.61,1488.5,3302.7,Healthy
M-040,Industrial Robot,43,56.68,2.155,4.78,394.53,14.19,1489.0,3311.2,Healthy
M-040,Industrial Robot,44,56.75,2.331,4.77,393.18,14.46,1476.9,3319.7,Healthy
M-040,Industrial Robot,45,57.22,2.332,4.76,392.3,14.05,1480.6,3328.2,Healthy
M-040,Industrial Robot,46,57.3,2.355,4.68,389.71,14.41,1499.5,3336.7,Healthy
M-040,Industrial Robot,47,55.75,2.239,4.83,391.19,14.68,1481.4,3345.2,Healthy
M-040,Industrial Robot,48,56.05,2.201,4.84,392.02,14.4,1481.3,3353.7,Healthy
M-040,Industrial Robot,49,57.63,2.313,5.06,394.02,14.21,1474.9,3362.2,Healthy
M-040,Industrial Robot,50,57.13,2.25,4.67,391.97,14.09,1496.1,3370.7,Healthy
M-040,Industrial Robot,51,56.43,2.215,4.86,393.29,14.61,1493.4,3379.2,Healthy
M-040,Industrial Robot,52,54.29,2.009,4.95,391.54,13.56,1473.9,3387.7,Healthy
M-040,Industrial Robot,53,54.92,2.202,4.84,392.19,13.59,1478.3,3396.2,Healthy
M-040,Industrial Robot,54,55.06,2.264,4.73,394.6,13.98,1483.6,3404.7,Healthy
M-040,Industrial Robot,55,54.29,2.426,4.88,392.18,13.97,1467.7,3413.2,Healthy
M-040,Industrial Robot,56,56.36,2.5,4.71,394.46,14.01,1471.0,3421.7,Healthy
M-040,Industrial Robot,57,56.55,2.421,4.72,394.25,15.03,1469.5,3430.2,Healthy
M-040,Industrial Robot,58,56.21,2.369,4.85,389.91,14.27,1457.1,3438.7,Healthy
M-040,Industrial Robot,59,57.89,2.326,4.71,390.88,14.4,1465.6,3447.2,Healthy
M-040,Industrial Robot,60,56.97,2.313,4.77,390.87,15.28,1464.4,3455.7,Healthy
M-040,Industrial Robot,61,57.95,2.685,4.65,386.66,15.05,1449.9,3464.2,Healthy
M-040,Industrial Robot,62,60.36,2.558,4.7,388.33,15.57,1466.9,3472.7,Healthy
M-040,Industrial Robot,63,56.17,2.976,4.76,390.04,15.96,1454.6,3481.2,Healthy
M-040,Industrial Robot,64,57.42,2.613,5.01,391.24,15.85,1449.4,3489.7,Healthy
M-040,Industrial Robot,65,60.27,2.918,4.73,390.73,16.73,1431.7,3498.2,Healthy
M-040,Industrial Robot,66,58.76,2.776,4.74,385.66,17.03,1440.4,3506.7,Healthy
M-040,Industrial Robot,67,60.03,3.015,4.85,384.72,16.22,1446.6,3515.2,Healthy
M-040,Industrial Robot,68,58.82,3.123,4.72,387.19,17.01,1419.1,3523.7,Healthy
M-040,Industrial Robot,69,59.68,3.176,4.77,384.72,17.69,1427.3,3532.2,Healthy
M-040,Industrial Robot,70,61.78,3.363,4.78,383.45,18.57,1424.3,3540.7,Healthy
M-040,Industrial Robot,71,61.64,3.087,4.58,383.17,18.5,1403.7,3549.2,Healthy
M-040,Industrial Robot,72,61.82,3.218,4.81,382.3,18.79,1406.9,3557.7,Healthy
M-040,Industrial Robot,73,61.43,3.378,4.87,381.07,19.08,1399.6,3566.2,Healthy
M-040,Industrial Robot,74,62.96,3.595,4.69,380.55,19.15,1395.9,3574.7,Healthy
M-040,Industrial Robot,75,63.58,3.383,4.64,377.16,19.31,1386.6,3583.2,Warning
M-040,Industrial Robot,76,65.01,3.777,4.69,379.32,19.89,1385.0,3591.7,Warning
M-040,Industrial Robot,77,62.22,3.557,4.82,376.73,20.43,1389.3,3600.2,Warning
M-040,Industrial Robot,78,63.52,3.769,4.93,375.78,20.31,1376.6,3608.7,Warning
M-040,Industrial Robot,79,63.94,3.78,4.76,376.46,20.54,1355.4,3617.2,Warning
M-040,Industrial Robot,80,64.56,3.829,4.62,373.87,21.69,1365.3,3625.7,Warning
M-040,Industrial Robot,81,64.96,4.199,4.92,373.88,21.53,1365.5,3634.2,Warning
M-040,Industrial Robot,82,67.35,4.16,4.87,370.37,21.3,1339.2,3642.7,Warning
M-040,Industrial Robot,83,66.21,4.207,4.85,367.98,21.88,1346.9,3651.2,Warning
M-040,Industrial Robot,84,64.69,4.27,4.75,368.66,22.96,1318.1,3659.7,Warning
M-040,Industrial Robot,85,69.06,4.35,4.73,374.35,22.66,1320.0,3668.2,Warning
M-040,Industrial Robot,86,69.0,4.291,4.8,366.74,22.95,1326.3,3676.7,Warning
M-040,Industrial Robot,87,68.44,4.567,4.96,365.39,24.2,1318.3,3685.2,Critical
M-040,Industrial Robot,88,69.4,4.597,4.61,364.55,24.26,1314.7,3693.7,Critical
M-040,Industrial Robot,89,68.72,4.774,4.92,364.82,24.48,1306.3,3702.2,Critical
M-040,Industrial Robot,90,67.11,4.633,4.74,361.96,24.85,1303.8,3710.7,Critical
M-040,Industrial Robot,91,70.28,4.922,4.76,361.92,25.75,1296.0,3719.2,Critical
M-040,Industrial Robot,92,71.31,5.138,4.75,360.31,25.8,1284.0,3727.7,Critical
M-040,Industrial Robot,93,69.8,5.314,4.91,360.4,26.62,1280.8,3736.2,Critical
M-040,Industrial Robot,94,70.5,5.262,4.67,357.8,26.83,1273.5,3744.7,Critical
M-040,Industrial Robot,95,74.81,5.289,4.7,360.31,27.06,1257.6,3753.2,Critical
M-040,Industrial Robot,96,71.37,5.382,4.85,358.24,27.19,1270.6,3761.7,Critical
M-040,Industrial Robot,97,71.48,5.412,4.87,359.26,28.02,1238.7,3770.2,Critical
M-040,Industrial Robot,98,73.19,5.434,5.0,355.73,28.59,1239.1,3778.7,Critical
M-040,Industrial Robot,99,75.74,5.635,4.66,354.65,29.04,1252.1,3787.2,Critical
M-040,Industrial Robot,100,76.02,5.938,4.68,351.5,28.85,1226.9,3795.7,Critical
M-041,CNC Lathe,1,56.99,1.375,4.99,396.77,13.78,1465.7,2063.1,Healthy
M-041,CNC Lathe,2,55.35,1.398,4.95,397.67,13.69,1471.8,2071.6,Healthy
M-041,CNC Lathe,3,56.29,1.389,5.15,397.27,13.71,1474.9,2080.1,Healthy
M-041,CNC Lathe,4,56.19,1.383,5.12,396.31,14.42,1472.1,2088.6,Healthy
M-041,CNC Lathe,5,56.81,1.388,5.1,398.48,14.09,1470.4,2097.1,Healthy
M-041,CNC Lathe,6,56.9,1.375,5.19,396.96,13.79,1465.3,2105.6,Healthy
M-041,CNC Lathe,7,57.3,1.226,5.11,397.05,14.16,1471.6,2114.1,Healthy
M-041,CNC Lathe,8,56.75,1.185,5.01,399.17,14.21,1476.3,2122.6,Healthy
M-041,CNC Lathe,9,58.83,1.41,5.07,397.31,14.4,1478.6,2131.1,Healthy
M-041,CNC Lathe,10,55.35,1.236,5.01,398.98,13.23,1468.0,2139.6,Healthy
M-041,CNC Lathe,11,56.33,1.318,5.03,399.34,14.0,1470.4,2148.1,Healthy
M-041,CNC Lathe,12,55.33,1.419,5.06,397.98,14.04,1463.3,2156.6,Healthy
M-041,CNC Lathe,13,55.35,1.284,5.26,395.45,13.78,1465.0,2165.1,Healthy
M-041,CNC Lathe,14,58.74,1.347,4.98,394.66,13.98,1473.7,2173.6,Healthy
M-041,CNC Lathe,15,56.73,1.194,5.26,398.12,13.91,1477.1,2182.1,Healthy
M-041,CNC Lathe,16,56.09,1.472,5.02,400.0,14.23,1480.4,2190.6,Healthy
M-041,CNC Lathe,17,57.69,1.227,5.12,398.79,13.79,1477.1,2199.1,Healthy
M-041,CNC Lathe,18,57.42,1.228,4.95,397.54,12.89,1471.6,2207.6,Healthy
M-041,CNC Lathe,19,57.69,1.144,5.03,395.68,13.9,1477.2,2216.1,Healthy
M-041,CNC Lathe,20,56.0,1.233,5.09,400.43,14.07,1468.9,2224.6,Healthy
M-041,CNC Lathe,21,55.58,1.273,5.12,395.19,13.95,1467.8,2233.1,Healthy
M-041,CNC Lathe,22,55.65,1.227,5.15,396.77,13.43,1467.5,2241.6,Healthy
M-041,CNC Lathe,23,54.67,1.418,4.96,397.87,13.53,1484.7,2250.1,Healthy
M-041,CNC Lathe,24,56.48,1.239,5.09,396.14,14.0,1473.4,2258.6,Healthy
M-041,CNC Lathe,25,56.47,1.2,4.93,394.63,13.21,1472.2,2267.1,Healthy
M-041,CNC Lathe,26,58.28,1.267,5.02,397.85,13.49,1461.9,2275.6,Healthy
M-041,CNC Lathe,27,55.18,1.288,5.26,396.98,13.83,1461.1,2284.1,Healthy
M-041,CNC Lathe,28,56.8,1.226,4.96,395.9,13.54,1462.9,2292.6,Healthy
M-041,CNC Lathe,29,56.32,1.185,5.14,396.94,13.44,1466.6,2301.1,Healthy
M-041,CNC Lathe,30,54.75,1.317,5.02,400.18,12.95,1481.5,2309.6,Healthy
M-041,CNC Lathe,31,55.16,1.507,5.09,400.35,13.74,1471.0,2318.1,Healthy
M-041,CNC Lathe,32,54.83,1.304,4.97,398.33,13.82,1471.1,2326.6,Healthy
M-041,CNC Lathe,33,57.45,1.375,4.98,399.09,14.09,1453.0,2335.1,Healthy
M-041,CNC Lathe,34,54.67,1.259,4.99,399.23,13.45,1464.2,2343.6,Healthy
M-041,CNC Lathe,35,56.26,1.287,5.19,398.7,14.95,1463.4,2352.1,Healthy
M-041,CNC Lathe,36,54.14,1.48,5.38,397.51,13.65,1473.1,2360.6,Healthy
M-041,CNC Lathe,37,54.95,1.081,5.1,397.97,13.28,1467.2,2369.1,Healthy
M-041,CNC Lathe,38,54.28,1.359,5.07,398.28,13.94,1480.9,2377.6,Healthy
M-041,CNC Lathe,39,56.18,1.389,5.25,399.89,13.84,1473.4,2386.1,Healthy
M-041,CNC Lathe,40,54.97,1.237,5.06,397.25,14.42,1475.1,2394.6,Healthy
M-041,CNC Lathe,41,56.32,1.456,5.09,397.4,13.85,1475.4,2403.1,Healthy
M-041,CNC Lathe,42,57.65,1.152,5.0,397.81,14.09,1478.4,2411.6,Healthy
M-041,CNC Lathe,43,56.1,1.437,5.01,401.72,13.47,1458.4,2420.1,Healthy
M-041,CNC Lathe,44,56.7,1.143,5.02,397.67,13.91,1480.2,2428.6,Healthy
M-041,CNC Lathe,45,54.5,1.214,5.41,397.53,13.22,1463.4,2437.1,Healthy
M-041,CNC Lathe,46,55.71,1.401,5.19,401.22,13.56,1466.0,2445.6,Healthy
M-041,CNC Lathe,47,56.77,1.372,5.19,402.89,13.91,1472.1,2454.1,Healthy
M-041,CNC Lathe,48,56.17,1.566,4.97,396.06,13.34,1474.8,2462.6,Healthy
M-041,CNC Lathe,49,58.85,1.72,5.08,397.33,14.01,1458.8,2471.1,Healthy
M-041,CNC Lathe,50,58.63,1.797,4.97,396.09,13.65,1463.5,2479.6,Healthy
M-041,CNC Lathe,51,57.82,1.758,4.94,396.49,13.94,1469.9,2488.1,Healthy
M-041,CNC Lathe,52,57.01,1.839,5.0,397.57,14.61,1452.6,2496.6,Healthy
M-041,CNC Lathe,53,55.44,1.758,5.11,395.56,14.12,1464.6,2505.1,Healthy
M-041,CNC Lathe,54,59.92,2.131,5.13,395.7,15.02,1451.8,2513.6,Healthy
M-041,CNC Lathe,55,58.58,2.098,5.1,400.83,14.32,1460.7,2522.1,Healthy
M-041,CNC Lathe,56,59.0,2.385,5.12,400.53,14.24,1451.4,2530.6,Healthy
M-041,CNC Lathe,57,60.46,2.445,5.17,400.96,15.2,1460.4,2539.1,Healthy
M-041,CNC Lathe,58,60.77,2.253,4.86,398.2,15.11,1430.5,2547.6,Healthy
M-041,CNC Lathe,59,59.61,2.366,5.05,398.16,15.31,1439.9,2556.1,Healthy
M-041,CNC Lathe,60,61.88,2.424,5.16,396.99,14.61,1443.2,2564.6,Healthy
M-041,CNC Lathe,61,60.58,2.706,5.14,400.02,14.96,1457.7,2573.1,Healthy
M-041,CNC Lathe,62,62.34,2.953,5.06,397.49,15.45,1447.1,2581.6,Healthy
M-041,CNC Lathe,63,62.17,3.048,4.98,399.11,15.54,1451.2,2590.1,Healthy
M-041,CNC Lathe,64,64.61,2.998,5.08,397.89,16.08,1445.8,2598.6,Healthy
M-041,CNC Lathe,65,65.05,3.101,4.96,396.08,15.93,1432.7,2607.1,Healthy
M-041,CNC Lathe,66,68.12,3.196,5.11,398.65,15.75,1426.7,2615.6,Healthy
M-041,CNC Lathe,67,65.07,3.388,5.04,401.66,15.22,1422.3,2624.1,Healthy
M-041,CNC Lathe,68,66.18,3.465,4.98,398.34,16.26,1419.2,2632.6,Healthy
M-041,CNC Lathe,69,66.65,3.633,5.05,398.45,16.13,1434.4,2641.1,Healthy
M-041,CNC Lathe,70,65.11,3.843,5.17,400.0,15.56,1437.0,2649.6,Warning
M-041,CNC Lathe,71,66.37,3.896,4.87,396.59,16.57,1429.8,2658.1,Warning
M-041,CNC Lathe,72,66.05,4.036,4.99,397.42,15.99,1426.1,2666.6,Warning
M-041,CNC Lathe,73,69.18,4.184,4.98,397.86,15.97,1432.0,2675.1,Warning
M-041,CNC Lathe,74,68.43,4.28,5.09,396.7,16.46,1422.4,2683.6,Warning
M-041,CNC Lathe,75,70.91,4.287,5.19,399.8,16.66,1425.3,2692.1,Warning
M-041,CNC Lathe,76,70.72,4.198,5.14,400.52,16.49,1403.6,2700.6,Warning
M-041,CNC Lathe,77,70.3,4.773,4.96,394.8,16.87,1407.0,2709.1,Warning
M-041,CNC Lathe,78,68.6,4.643,5.11,401.67,17.36,1415.8,2717.6,Warning
M-041,CNC Lathe,79,69.86,4.832,5.05,398.61,17.5,1414.6,2726.1,Warning
M-041,CNC Lathe,80,71.77,4.912,5.2,399.41,17.64,1404.2,2734.6,Warning
M-041,CNC Lathe,81,73.77,4.957,5.16,399.73,17.24,1396.6,2743.1,Warning
M-041,CNC Lathe,82,71.34,5.302,4.81,398.4,17.42,1391.7,2751.6,Warning
M-041,CNC Lathe,83,71.21,5.27,5.22,396.52,17.97,1388.4,2760.1,Warning
M-041,CNC Lathe,84,75.28,5.585,5.05,398.42,18.07,1386.6,2768.6,Warning
M-041,CNC Lathe,85,73.66,5.759,5.23,398.25,18.34,1401.7,2777.1,Warning
M-041,CNC Lathe,86,74.84,5.778,5.14,402.32,18.5,1392.0,2785.6,Warning
M-041,CNC Lathe,87,75.13,5.919,5.14,399.12,18.16,1397.5,2794.1,Warning
M-041,CNC Lathe,88,78.01,6.052,5.1,396.67,18.23,1387.2,2802.6,Critical
M-041,CNC Lathe,89,76.1,6.284,5.03,400.06,18.62,1366.4,2811.1,Critical
M-041,CNC Lathe,90,77.21,6.361,4.9,394.67,18.73,1387.2,2819.6,Critical
M-041,CNC Lathe,91,79.02,6.489,4.99,396.15,19.16,1378.1,2828.1,Critical
M-041,CNC Lathe,92,79.91,6.779,5.03,398.84,19.28,1368.3,2836.6,Critical
M-041,CNC Lathe,93,78.73,6.866,5.07,396.21,18.94,1361.0,2845.1,Critical
M-041,CNC Lathe,94,79.7,6.801,5.08,402.52,19.53,1377.1,2853.6,Critical
M-041,CNC Lathe,95,81.25,6.873,5.09,396.59,19.23,1364.0,2862.1,Critical
M-041,CNC Lathe,96,82.16,7.181,5.16,398.32,19.78,1362.7,2870.6,Critical
M-041,CNC Lathe,97,83.58,7.282,5.01,397.32,19.99,1365.5,2879.1,Critical
M-041,CNC Lathe,98,82.0,7.622,4.97,399.38,20.09,1357.8,2887.6,Critical
M-041,CNC Lathe,99,83.89,7.65,5.1,402.77,20.42,1350.5,2896.1,Critical
M-041,CNC Lathe,100,83.6,7.96,5.03,401.36,20.53,1341.3,2904.6,Critical
M-042,Induction Motor,1,61.21,1.922,5.22,396.94,12.22,1513.3,4671.2,Healthy
M-042,Induction Motor,2,59.91,1.76,5.22,396.91,11.59,1501.8,4679.7,Healthy
M-042,Induction Motor,3,60.22,1.786,5.47,399.33,12.08,1503.5,4688.2,Healthy
M-042,Induction Motor,4,61.13,1.913,5.23,396.66,12.14,1514.8,4696.7,Healthy
M-042,Induction Motor,5,60.67,1.875,5.39,394.34,12.17,1518.4,4705.2,Healthy
M-042,Induction Motor,6,60.0,2.024,5.4,399.58,11.73,1504.4,4713.7,Healthy
M-042,Induction Motor,7,61.91,2.028,5.51,396.94,12.25,1497.7,4722.2,Healthy
M-042,Induction Motor,8,58.62,2.01,5.43,396.82,12.61,1507.1,4730.7,Healthy
M-042,Induction Motor,9,61.09,2.027,5.27,397.5,11.85,1507.0,4739.2,Healthy
M-042,Induction Motor,10,60.66,1.755,5.33,396.97,12.52,1503.7,4747.7,Healthy
M-042,Induction Motor,11,58.53,1.906,5.21,396.49,12.28,1504.9,4756.2,Healthy
M-042,Induction Motor,12,59.27,1.732,5.34,398.81,12.88,1525.4,4764.7,Healthy
M-042,Induction Motor,13,61.97,1.769,5.33,396.91,12.4,1506.5,4773.2,Healthy
M-042,Induction Motor,14,62.83,1.783,5.3,400.24,12.22,1509.1,4781.7,Healthy
M-042,Induction Motor,15,61.18,1.971,5.39,398.83,12.12,1502.0,4790.2,Healthy
M-042,Induction Motor,16,60.58,1.665,5.52,397.56,12.49,1492.9,4798.7,Healthy
M-042,Induction Motor,17,58.39,1.865,5.45,392.8,12.71,1503.0,4807.2,Healthy
M-042,Induction Motor,18,59.67,1.943,5.4,395.53,12.65,1487.4,4815.7,Healthy
M-042,Induction Motor,19,59.4,1.931,5.34,393.3,12.7,1495.9,4824.2,Healthy
M-042,Induction Motor,20,59.86,1.931,5.38,399.29,12.42,1509.3,4832.7,Healthy
M-042,Induction Motor,21,59.87,1.986,5.51,397.23,12.71,1517.6,4841.2,Healthy
M-042,Induction Motor,22,61.57,1.867,5.48,397.45,12.83,1510.5,4849.7,Healthy
M-042,Induction Motor,23,60.27,1.965,5.4,397.54,12.38,1503.9,4858.2,Healthy
M-042,Induction Motor,24,62.05,1.97,5.32,396.4,12.8,1500.0,4866.7,Healthy
M-042,Induction Motor,25,58.16,1.744,5.2,394.35,12.02,1517.0,4875.2,Healthy
M-042,Induction Motor,26,59.88,1.869,5.23,396.67,11.83,1503.0,4883.7,Healthy
M-042,Induction Motor,27,62.42,1.993,5.35,398.35,12.25,1499.5,4892.2,Healthy
M-042,Induction Motor,28,61.98,1.776,5.34,397.56,12.11,1511.1,4900.7,Healthy
M-042,Induction Motor,29,59.57,1.993,5.43,396.47,13.03,1500.6,4909.2,Healthy
M-042,Induction Motor,30,61.56,2.054,5.55,397.3,12.16,1522.5,4917.7,Healthy
M-042,Induction Motor,31,59.54,1.815,5.36,394.99,12.62,1501.1,4926.2,Healthy
M-042,Induction Motor,32,59.59,2.029,5.44,396.98,12.49,1506.0,4934.7,Healthy
M-042,Induction Motor,33,59.42,1.913,5.42,396.7,12.58,1499.2,4943.2,Healthy
M-042,Induction Motor,34,59.21,1.825,5.32,399.53,12.69,1497.3,4951.7,Healthy
M-042,Induction Motor,35,60.46,1.866,5.31,393.98,12.77,1495.0,4960.2,Healthy
M-042,Induction Motor,36,59.88,1.799,5.45,396.28,12.39,1505.1,4968.7,Healthy
M-042,Induction Motor,37,60.3,1.914,5.37,395.91,11.88,1497.0,4977.2,Healthy
M-042,Induction Motor,38,60.8,1.876,5.31,394.14,11.83,1500.3,4985.7,Healthy
M-042,Induction Motor,39,61.0,1.846,5.41,395.75,12.66,1503.1,4994.2,Healthy
M-042,Induction Motor,40,58.46,1.881,5.56,400.53,12.6,1504.8,5002.7,Healthy
M-042,Induction Motor,41,60.3,1.951,5.37,397.83,12.51,1503.4,5011.2,Healthy
M-042,Induction Motor,42,58.5,1.858,5.45,396.89,12.54,1503.7,5019.7,Healthy
M-042,Induction Motor,43,58.67,1.884,5.27,394.78,12.86,1502.6,5028.2,Healthy
M-042,Induction Motor,44,59.05,2.107,5.46,396.21,12.58,1504.0,5036.7,Healthy
M-042,Induction Motor,45,59.11,1.97,5.34,397.1,12.79,1513.2,5045.2,Healthy
M-042,Induction Motor,46,59.28,1.971,5.26,397.85,12.49,1509.0,5053.7,Healthy
M-042,Induction Motor,47,59.58,2.163,5.28,398.89,12.07,1510.0,5062.2,Healthy
M-042,Induction Motor,48,60.63,1.919,5.32,397.23,12.53,1520.2,5070.7,Healthy
M-042,Induction Motor,49,58.89,1.846,5.4,396.44,12.4,1514.5,5079.2,Healthy
M-042,Induction Motor,50,56.55,1.841,5.2,394.56,13.28,1510.7,5087.7,Healthy
M-042,Induction Motor,51,61.08,1.903,5.45,393.42,12.8,1499.4,5096.2,Healthy
M-042,Induction Motor,52,59.3,1.974,5.41,397.12,11.96,1506.7,5104.7,Healthy
M-042,Induction Motor,53,61.09,1.849,5.51,395.21,12.44,1518.2,5113.2,Healthy
M-042,Induction Motor,54,59.12,2.039,5.57,397.29,12.25,1499.7,5121.7,Healthy
M-042,Induction Motor,55,61.5,2.066,5.52,396.89,12.8,1505.5,5130.2,Healthy
M-042,Induction Motor,56,58.88,2.048,5.54,394.91,12.07,1506.2,5138.7,Healthy
M-042,Induction Motor,57,61.09,1.777,5.4,395.77,12.68,1499.5,5147.2,Healthy
M-042,Induction Motor,58,61.08,1.943,5.28,397.08,11.8,1500.5,5155.7,Healthy
M-042,Induction Motor,59,60.86,1.821,5.12,392.27,13.02,1503.1,5164.2,Healthy
M-042,Induction Motor,60,60.18,2.23,5.33,397.49,12.65,1498.4,5172.7,Healthy
M-042,Induction Motor,61,61.57,2.302,5.36,396.03,12.61,1482.1,5181.2,Healthy
M-042,Induction Motor,62,61.99,2.164,5.44,396.77,12.87,1504.2,5189.7,Healthy
M-042,Induction Motor,63,60.99,2.46,5.4,396.58,12.61,1501.4,5198.2,Healthy
M-042,Induction Motor,64,63.43,2.54,5.27,395.9,13.03,1500.1,5206.7,Healthy
M-042,Induction Motor,65,61.18,2.575,5.33,396.79,12.71,1490.7,5215.2,Healthy
M-042,Induction Motor,66,63.23,2.639,5.36,395.87,13.46,1483.1,5223.7,Healthy
M-042,Induction Motor,67,64.25,2.792,5.31,397.55,13.49,1484.6,5232.2,Healthy
M-042,Induction Motor,68,64.37,2.843,5.51,398.33,13.77,1472.8,5240.7,Healthy
M-042,Induction Motor,69,64.55,3.11,5.18,398.73,14.18,1499.6,5249.2,Healthy
M-042,Induction Motor,70,64.6,3.3,5.51,396.44,13.61,1465.7,5257.7,Healthy
M-042,Induction Motor,71,67.81,3.422,5.3,397.52,14.0,1479.4,5266.2,Healthy
M-042,Induction Motor,72,66.8,3.761,5.36,400.19,14.28,1478.2,5274.7,Healthy
M-042,Induction Motor,73,67.55,3.828,5.39,395.09,13.89,1476.1,5283.2,Warning
M-042,Induction Motor,74,67.23,3.851,5.48,397.56,14.13,1481.3,5291.7,Warning
M-042,Induction Motor,75,69.62,4.13,5.15,397.61,14.82,1480.8,5300.2,Warning
M-042,Induction Motor,76,67.87,4.306,5.54,392.92,14.85,1469.4,5308.7,Warning
M-042,Induction Motor,77,69.9,4.257,5.44,395.72,14.76,1468.1,5317.2,Warning
M-042,Induction Motor,78,73.07,4.538,5.39,395.92,14.64,1467.5,5325.7,Warning
M-042,Induction Motor,79,71.47,4.771,5.34,395.65,15.3,1455.1,5334.2,Warning
M-042,Induction Motor,80,70.91,5.013,5.31,398.81,15.61,1442.6,5342.7,Warning
M-042,Induction Motor,81,71.86,4.922,5.29,400.4,15.41,1456.8,5351.2,Warning
M-042,Induction Motor,82,74.39,5.156,5.38,399.43,15.36,1460.4,5359.7,Warning
M-042,Induction Motor,83,72.95,5.386,5.23,396.32,15.85,1439.6,5368.2,Warning
M-042,Induction Motor,84,75.01,5.296,5.28,397.95,15.99,1434.9,5376.7,Warning
M-042,Induction Motor,85,77.56,5.488,5.34,395.94,16.37,1437.6,5385.2,Warning
M-042,Induction Motor,86,76.59,5.587,5.46,396.52,16.37,1428.0,5393.7,Warning
M-042,Induction Motor,87,76.39,6.163,5.2,394.84,17.02,1435.9,5402.2,Critical
M-042,Induction Motor,88,77.85,6.31,5.42,397.42,16.76,1431.2,5410.7,Critical
M-042,Induction Motor,89,79.61,6.603,5.35,396.62,16.43,1423.8,5419.2,Critical
M-042,Induction Motor,90,82.02,6.639,5.32,397.01,16.59,1413.1,5427.7,Critical
M-042,Induction Motor,91,80.75,6.643,5.27,397.93,17.2,1405.0,5436.2,Critical
M-042,Induction Motor,92,78.87,6.818,5.22,393.21,17.8,1413.3,5444.7,Critical
M-042,Induction Motor,93,81.84,7.05,5.26,397.77,17.55,1404.6,5453.2,Critical
M-042,Induction Motor,94,82.24,7.112,5.33,396.47,17.63,1407.7,5461.7,Critical
M-042,Induction Motor,95,83.69,7.476,5.47,398.14,18.3,1397.0,5470.2,Critical
M-042,Induction Motor,96,83.99,7.716,5.44,395.59,18.37,1392.7,5478.7,Critical
M-042,Induction Motor,97,86.0,7.826,5.24,396.08,19.11,1398.3,5487.2,Critical
M-042,Induction Motor,98,89.02,7.849,5.45,391.88,18.54,1398.2,5495.7,Critical
M-042,Induction Motor,99,88.1,8.121,5.48,395.88,18.68,1386.1,5504.2,Critical
M-042,Induction Motor,100,86.57,8.601,5.38,399.13,19.3,1378.2,5512.7,Critical
M-043,Hydraulic Pump,1,64.79,2.215,5.25,392.92,15.81,1466.7,3982.1,Healthy
M-043,Hydraulic Pump,2,64.38,2.196,5.17,391.92,16.02,1479.1,3990.6,Healthy
M-043,Hydraulic Pump,3,61.01,2.158,5.3,391.71,16.34,1480.0,3999.1,Healthy
M-043,Hydraulic Pump,4,63.73,2.316,5.15,392.2,15.76,1474.8,4007.6,Healthy
M-043,Hydraulic Pump,5,64.61,2.077,5.11,390.31,15.82,1476.4,4016.1,Healthy
M-043,Hydraulic Pump,6,64.79,2.42,4.96,390.32,15.96,1483.5,4024.6,Healthy
M-043,Hydraulic Pump,7,61.19,2.195,5.25,395.65,15.92,1461.4,4033.1,Healthy
M-043,Hydraulic Pump,8,64.37,2.129,5.2,391.54,16.06,1479.9,4041.6,Healthy
M-043,Hydraulic Pump,9,64.65,2.071,5.06,396.57,16.1,1470.5,4050.1,Healthy
M-043,Hydraulic Pump,10,63.98,2.12,5.16,391.97,16.46,1470.6,4058.6,Healthy
M-043,Hydraulic Pump,11,59.93,2.186,5.08,392.85,16.22,1468.0,4067.1,Healthy
M-043,Hydraulic Pump,12,62.18,2.239,5.08,393.47,16.21,1477.5,4075.6,Healthy
M-043,Hydraulic Pump,13,64.43,2.126,5.09,396.33,15.76,1497.0,4084.1,Healthy
M-043,Hydraulic Pump,14,64.27,2.141,5.2,393.93,15.51,1489.8,4092.6,Healthy
M-043,Hydraulic Pump,15,64.1,2.417,5.25,394.04,16.4,1466.7,4101.1,Healthy
M-043,Hydraulic Pump,16,65.49,2.329,4.95,390.35,16.12,1470.3,4109.6,Healthy
M-043,Hydraulic Pump,17,63.74,2.121,5.02,392.26,17.17,1468.7,4118.1,Healthy
M-043,Hydraulic Pump,18,64.62,2.149,5.13,393.59,16.0,1477.9,4126.6,Healthy
M-043,Hydraulic Pump,19,63.52,2.06,5.13,393.23,16.22,1475.2,4135.1,Healthy
M-043,Hydraulic Pump,20,63.75,2.161,5.09,393.96,15.66,1472.9,4143.6,Healthy
M-043,Hydraulic Pump,21,62.52,2.186,5.15,391.56,16.24,1475.2,4152.1,Healthy
M-043,Hydraulic Pump,22,63.6,2.092,4.86,395.23,16.09,1481.8,4160.6,Healthy
M-043,Hydraulic Pump,23,64.76,2.139,4.96,395.16,16.3,1485.4,4169.1,Healthy
M-043,Hydraulic Pump,24,65.26,2.129,5.24,392.49,16.49,1490.0,4177.6,Healthy
M-043,Hydraulic Pump,25,63.41,2.201,5.01,388.25,16.75,1485.9,4186.1,Healthy
M-043,Hydraulic Pump,26,64.7,2.277,5.22,393.11,15.93,1481.3,4194.6,Healthy
M-043,Hydraulic Pump,27,64.23,2.426,5.18,392.48,16.57,1468.1,4203.1,Healthy
M-043,Hydraulic Pump,28,64.48,2.598,5.19,394.15,16.14,1475.0,4211.6,Healthy
M-043,Hydraulic Pump,29,64.51,2.521,5.1,393.57,16.42,1475.6,4220.1,Healthy
M-043,Hydraulic Pump,30,65.49,2.288,5.18,390.83,16.97,1464.8,4228.6,Healthy
M-043,Hydraulic Pump,31,63.93,2.381,5.29,389.44,16.74,1452.3,4237.1,Healthy
M-043,Hydraulic Pump,32,65.39,2.606,5.18,389.03,16.46,1464.6,4245.6,Healthy
M-043,Hydraulic Pump,33,65.6,2.453,5.15,387.06,16.92,1460.9,4254.1,Healthy
M-043,Hydraulic Pump,34,64.57,2.569,5.26,387.35,17.41,1450.0,4262.6,Healthy
M-043,Hydraulic Pump,35,64.65,2.615,5.02,388.14,17.34,1456.2,4271.1,Healthy
M-043,Hydraulic Pump,36,66.36,2.414,5.08,388.76,17.58,1453.9,4279.6,Healthy
M-043,Hydraulic Pump,37,63.73,2.626,5.1,390.09,17.81,1444.5,4288.1,Healthy
M-043,Hydraulic Pump,38,66.87,2.622,5.06,389.42,17.77,1446.1,4296.6,Healthy
M-043,Hydraulic Pump,39,67.67,2.664,5.05,387.39,17.98,1449.0,4305.1,Healthy
M-043,Hydraulic Pump,40,64.15,3.082,5.07,388.45,18.58,1441.8,4313.6,Healthy
M-043,Hydraulic Pump,41,66.73,2.806,5.21,386.11,18.19,1423.3,4322.1,Healthy
M-043,Hydraulic Pump,42,66.7,2.795,5.18,385.89,19.01,1433.5,4330.6,Healthy
M-043,Hydraulic Pump,43,65.64,2.827,5.19,391.91,19.23,1422.3,4339.1,Healthy
M-043,Hydraulic Pump,44,66.87,2.821,5.1,385.01,18.89,1436.2,4347.6,Healthy
M-043,Hydraulic Pump,45,66.48,2.975,5.14,383.77,18.9,1421.4,4356.1,Healthy
M-043,Hydraulic Pump,46,67.8,2.951,5.32,383.13,18.99,1414.9,4364.6,Healthy
M-043,Hydraulic Pump,47,67.08,2.972,5.11,386.28,19.38,1417.5,4373.1,Healthy
M-043,Hydraulic Pump,48,67.77,3.101,5.22,385.42,19.78,1425.0,4381.6,Healthy
M-043,Hydraulic Pump,49,66.83,3.106,5.16,383.44,20.88,1423.2,4390.1,Healthy
M-043,Hydraulic Pump,50,69.14,3.129,5.14,384.31,20.51,1404.6,4398.6,Healthy
M-043,Hydraulic Pump,51,67.52,3.183,5.17,383.83,20.42,1412.0,4407.1,Healthy
M-043,Hydraulic Pump,52,67.4,3.23,5.01,383.75,20.37,1395.9,4415.6,Healthy
M-043,Hydraulic Pump,53,71.36,2.988,5.14,383.92,20.37,1403.4,4424.1,Healthy
M-043,Hydraulic Pump,54,69.34,3.064,5.03,380.66,20.7,1388.1,4432.6,Healthy
M-043,Hydraulic Pump,55,68.97,3.448,5.27,380.68,20.61,1400.3,4441.1,Healthy
M-043,Hydraulic Pump,56,70.06,3.409,5.11,378.83,21.34,1391.3,4449.6,Warning
M-043,Hydraulic Pump,57,69.86,3.385,5.15,377.02,21.11,1389.6,4458.1,Warning
M-043,Hydraulic Pump,58,68.81,3.473,5.22,378.11,21.38,1378.8,4466.6,Warning
M-043,Hydraulic Pump,59,69.31,3.566,5.21,375.1,21.99,1379.5,4475.1,Warning
M-043,Hydraulic Pump,60,70.07,3.698,5.37,378.72,21.74,1380.7,4483.6,Warning
M-043,Hydraulic Pump,61,70.93,3.493,5.04,377.9,22.3,1378.9,4492.1,Warning
M-043,Hydraulic Pump,62,71.45,3.664,5.25,380.19,22.09,1362.4,4500.6,Warning
M-043,Hydraulic Pump,63,70.83,3.862,5.21,376.29,21.71,1363.5,4509.1,Warning
M-043,Hydraulic Pump,64,72.49,3.595,5.15,374.31,22.96,1352.3,4517.6,Warning
M-043,Hydraulic Pump,65,71.05,3.872,5.11,376.1,22.4,1353.2,4526.1,Warning
M-043,Hydraulic Pump,66,71.27,3.943,5.19,374.68,22.83,1353.9,4534.6,Warning
M-043,Hydraulic Pump,67,73.24,4.194,5.2,374.46,22.96,1356.7,4543.1,Warning
M-043,Hydraulic Pump,68,70.15,4.159,5.2,373.09,23.17,1353.0,4551.6,Warning
M-043,Hydraulic Pump,69,70.63,4.013,5.19,371.21,23.77,1366.6,4560.1,Warning
M-043,Hydraulic Pump,70,70.54,4.009,5.12,371.0,24.16,1348.7,4568.6,Critical
M-043,Hydraulic Pump,71,73.0,4.168,4.96,372.43,24.29,1335.3,4577.1,Critical
M-043,Hydraulic Pump,72,75.15,4.194,5.17,370.82,23.86,1329.1,4585.6,Warning
M-043,Hydraulic Pump,73,73.14,4.372,5.1,370.73,24.81,1327.1,4594.1,Critical
M-043,Hydraulic Pump,74,72.61,4.224,5.07,367.55,25.18,1334.5,4602.6,Critical
M-043,Hydraulic Pump,75,72.7,4.377,5.11,368.9,25.11,1314.3,4611.1,Critical
M-043,Hydraulic Pump,76,71.88,4.412,5.1,368.1,25.09,1322.3,4619.6,Critical
M-043,Hydraulic Pump,77,72.53,4.465,4.89,366.46,25.38,1303.9,4628.1,Critical
M-043,Hydraulic Pump,78,76.33,4.503,5.07,371.1,25.85,1317.7,4636.6,Critical
M-043,Hydraulic Pump,79,74.79,4.501,5.16,361.02,25.34,1298.9,4645.1,Critical
M-043,Hydraulic Pump,80,72.46,4.674,5.06,368.4,26.13,1299.6,4653.6,Critical
M-043,Hydraulic Pump,81,75.35,4.788,5.1,367.68,26.78,1297.6,4662.1,Critical
M-043,Hydraulic Pump,82,75.12,4.643,5.01,361.59,26.45,1278.8,4670.6,Critical
M-043,Hydraulic Pump,83,74.62,4.818,4.99,366.48,27.06,1309.1,4679.1,Critical
M-043,Hydraulic Pump,84,78.71,4.902,5.06,359.95,26.57,1306.0,4687.6,Critical
M-043,Hydraulic Pump,85,74.72,4.841,5.24,360.89,27.78,1285.9,4696.1,Critical
M-043,Hydraulic Pump,86,77.05,4.887,5.03,363.4,27.75,1288.4,4704.6,Critical
M-043,Hydraulic Pump,87,78.29,4.926,5.18,363.2,27.93,1275.3,4713.1,Critical
M-043,Hydraulic Pump,88,77.8,4.794,5.16,358.55,28.03,1271.4,4721.6,Critical
M-043,Hydraulic Pump,89,77.72,4.903,5.2,361.96,27.92,1259.8,4730.1,Critical
M-043,Hydraulic Pump,90,76.85,5.234,5.12,359.09,28.45,1261.4,4738.6,Critical
M-043,Hydraulic Pump,91,78.63,5.383,5.04,360.11,28.73,1262.2,4747.1,Critical
M-043,Hydraulic Pump,92,80.18,5.376,5.13,360.07,28.39,1241.1,4755.6,Critical
M-043,Hydraulic Pump,93,77.97,5.194,5.1,359.85,29.16,1262.2,4764.1,Critical
M-043,Hydraulic Pump,94,80.21,5.161,5.2,359.29,29.91,1250.0,4772.6,Critical
M-043,Hydraulic Pump,95,79.54,5.449,5.12,354.28,29.45,1251.8,4781.1,Critical
M-043,Hydraulic Pump,96,79.58,5.504,5.24,355.88,29.58,1260.6,4789.6,Critical
M-043,Hydraulic Pump,97,79.7,5.507,5.16,354.79,30.21,1234.2,4798.1,Critical
M-043,Hydraulic Pump,98,81.52,5.742,5.31,358.34,29.79,1239.6,4806.6,Critical
M-043,Hydraulic Pump,99,79.24,5.82,5.16,352.29,30.33,1225.3,4815.1,Critical
M-043,Hydraulic Pump,100,79.99,5.884,5.14,351.09,31.13,1229.6,4823.6,Critical
M-044,Centrifugal Compressor,1,63.71,1.746,5.36,407.63,14.54,1487.2,5773.2,Healthy
M-044,Centrifugal Compressor,2,64.76,1.584,5.41,406.16,15.35,1470.3,5781.7,Healthy
M-044,Centrifugal Compressor,3,65.58,1.807,5.38,411.33,15.06,1480.9,5790.2,Healthy
M-044,Centrifugal Compressor,4,65.35,1.862,5.35,405.84,14.28,1465.1,5798.7,Healthy
M-044,Centrifugal Compressor,5,65.42,1.724,5.37,408.9,15.37,1475.7,5807.2,Healthy
M-044,Centrifugal Compressor,6,64.3,1.639,5.27,409.15,14.97,1466.2,5815.7,Healthy
M-044,Centrifugal Compressor,7,64.71,1.671,5.17,406.77,14.91,1474.7,5824.2,Healthy
M-044,Centrifugal Compressor,8,65.47,1.751,5.16,405.63,14.87,1490.3,5832.7,Healthy
M-044,Centrifugal Compressor,9,67.66,1.59,5.38,407.36,14.83,1492.7,5841.2,Healthy
M-044,Centrifugal Compressor,10,65.46,1.811,5.37,405.61,14.02,1461.7,5849.7,Healthy
M-044,Centrifugal Compressor,11,66.35,1.855,5.35,408.06,14.87,1465.7,5858.2,Healthy
M-044,Centrifugal Compressor,12,66.01,1.823,5.34,410.28,14.55,1467.8,5866.7,Healthy
M-044,Centrifugal Compressor,13,65.2,1.419,5.35,407.01,14.67,1465.8,5875.2,Healthy
M-044,Centrifugal Compressor,14,66.7,1.749,5.45,407.05,14.9,1484.9,5883.7,Healthy
M-044,Centrifugal Compressor,15,65.65,1.695,5.43,403.89,14.67,1470.0,5892.2,Healthy
M-044,Centrifugal Compressor,16,65.03,1.811,5.23,407.22,14.43,1474.6,5900.7,Healthy
M-044,Centrifugal Compressor,17,68.54,1.741,5.29,404.63,15.05,1471.6,5909.2,Healthy
M-044,Centrifugal Compressor,18,66.51,1.861,5.27,409.05,15.14,1475.0,5917.7,Healthy
M-044,Centrifugal Compressor,19,66.28,1.751,5.35,408.04,14.26,1466.9,5926.2,Healthy
M-044,Centrifugal Compressor,20,67.19,1.777,5.27,410.53,15.04,1481.0,5934.7,Healthy
M-044,Centrifugal Compressor,21,65.78,1.793,5.28,404.93,14.83,1471.9,5943.2,Healthy
M-044,Centrifugal Compressor,22,65.95,1.866,5.28,407.14,14.8,1476.3,5951.7,Healthy
M-044,Centrifugal Compressor,23,66.4,1.83,5.16,407.29,14.72,1461.8,5960.2,Healthy
M-044,Centrifugal Compressor,24,64.31,1.672,5.23,406.53,14.8,1476.3,5968.7,Healthy
M-044,Centrifugal Compressor,25,64.56,1.639,5.2,406.77,14.77,1480.3,5977.2,Healthy
M-044,Centrifugal Compressor,26,64.94,1.84,5.14,407.04,14.95,1477.4,5985.7,Healthy
M-044,Centrifugal Compressor,27,68.07,2.033,5.33,404.37,16.09,1481.4,5994.2,Healthy
M-044,Centrifugal Compressor,28,67.28,1.696,5.28,405.35,14.99,1468.6,6002.7,Healthy
M-044,Centrifugal Compressor,29,66.9,1.658,5.39,407.57,15.2,1489.2,6011.2,Healthy
M-044,Centrifugal Compressor,30,66.38,1.911,5.43,406.96,14.85,1474.5,6019.7,Healthy
M-044,Centrifugal Compressor,31,65.52,1.696,5.41,405.58,14.7,1469.7,6028.2,Healthy
M-044,Centrifugal Compressor,32,66.59,2.023,5.27,404.12,14.79,1464.5,6036.7,Healthy
M-044,Centrifugal Compressor,33,66.35,1.656,5.31,404.62,14.66,1464.4,6045.2,Healthy
M-044,Centrifugal Compressor,34,67.55,1.66,5.35,407.36,14.83,1475.3,6053.7,Healthy
M-044,Centrifugal Compressor,35,66.77,1.904,5.38,410.06,14.38,1461.6,6062.2,Healthy
M-044,Centrifugal Compressor,36,68.03,1.815,5.18,406.45,14.95,1471.9,6070.7,Healthy
M-044,Centrifugal Compressor,37,66.78,1.606,5.29,407.24,14.51,1470.0,6079.2,Healthy
M-044,Centrifugal Compressor,38,65.49,1.614,5.23,407.39,14.42,1466.9,6087.7,Healthy
M-044,Centrifugal Compressor,39,64.0,1.92,5.38,409.41,14.88,1474.7,6096.2,Healthy
M-044,Centrifugal Compressor,40,65.79,1.903,5.29,403.08,14.08,1475.2,6104.7,Healthy
M-044,Centrifugal Compressor,41,64.89,1.759,5.37,405.35,14.65,1470.2,6113.2,Healthy
M-044,Centrifugal Compressor,42,65.0,1.576,5.18,404.02,14.7,1470.8,6121.7,Healthy
M-044,Centrifugal Compressor,43,65.41,1.577,5.4,405.76,15.66,1479.2,6130.2,Healthy
M-044,Centrifugal Compressor,44,63.57,1.895,5.22,405.15,14.66,1481.4,6138.7,Healthy
M-044,Centrifugal Compressor,45,66.67,1.769,5.21,408.89,14.41,1480.7,6147.2,Healthy
M-044,Centrifugal Compressor,46,66.44,1.676,5.5,408.83,14.95,1473.1,6155.7,Healthy
M-044,Centrifugal Compressor,47,64.67,1.752,5.45,404.25,14.96,1483.5,6164.2,Healthy
M-044,Centrifugal Compressor,48,67.77,1.639,5.24,407.21,14.92,1482.6,6172.7,Healthy
M-044,Centrifugal Compressor,49,65.8,1.861,5.03,406.47,15.09,1479.0,6181.2,Healthy
M-044,Centrifugal Compressor,50,64.89,1.87,5.15,409.4,14.69,1468.7,6189.7,Healthy
M-044,Centrifugal Compressor,51,65.68,1.793,5.5,409.44,14.36,1464.0,6198.2,Healthy
M-044,Centrifugal Compressor,52,63.75,1.784,5.27,408.26,14.58,1469.1,6206.7,Healthy
M-044,Centrifugal Compressor,53,64.3,1.88,5.23,405.33,15.1,1460.5,6215.2,Healthy
M-044,Centrifugal Compressor,54,66.7,1.655,5.28,403.14,14.96,1488.7,6223.7,Healthy
M-044,Centrifugal Compressor,55,64.65,1.91,5.29,407.8,14.45,1462.3,6232.2,Healthy
M-044,Centrifugal Compressor,56,66.45,1.781,5.31,403.4,15.23,1471.2,6240.7,Healthy
M-044,Centrifugal Compressor,57,67.89,1.886,5.52,409.87,15.19,1464.9,6249.2,Healthy
M-044,Centrifugal Compressor,58,65.8,1.731,5.27,404.05,15.11,1464.7,6257.7,Healthy
M-044,Centrifugal Compressor,59,65.16,1.801,5.09,402.07,15.38,1464.8,6266.2,Healthy
M-044,Centrifugal Compressor,60,69.64,1.788,5.38,402.25,15.88,1459.2,6274.7,Healthy
M-044,Centrifugal Compressor,61,69.29,2.337,5.4,402.59,15.52,1452.5,6283.2,Healthy
M-044,Centrifugal Compressor,62,68.67,1.969,5.37,402.03,15.91,1447.7,6291.7,Healthy
M-044,Centrifugal Compressor,63,67.12,2.028,5.32,403.04,16.43,1444.5,6300.2,Healthy
M-044,Centrifugal Compressor,64,69.89,2.328,5.21,401.56,16.58,1426.7,6308.7,Healthy
M-044,Centrifugal Compressor,65,69.61,2.412,5.24,401.25,17.63,1441.6,6317.2,Healthy
M-044,Centrifugal Compressor,66,68.48,2.348,5.22,400.49,17.39,1419.5,6325.7,Healthy
M-044,Centrifugal Compressor,67,68.98,2.176,5.19,400.09,17.71,1431.5,6334.2,Healthy
M-044,Centrifugal Compressor,68,69.94,2.469,5.48,397.81,17.82,1419.5,6342.7,Healthy
M-044,Centrifugal Compressor,69,69.3,2.593,5.22,396.82,17.99,1399.8,6351.2,Healthy
M-044,Centrifugal Compressor,70,67.7,2.463,5.41,397.02,18.39,1400.7,6359.7,Healthy
M-044,Centrifugal Compressor,71,72.49,2.63,5.21,392.25,18.09,1407.5,6368.2,Healthy
M-044,Centrifugal Compressor,72,73.38,2.816,5.32,398.79,19.36,1398.4,6376.7,Healthy
M-044,Centrifugal Compressor,73,72.42,2.964,5.34,393.36,19.65,1387.6,6385.2,Healthy
M-044,Centrifugal Compressor,74,72.1,2.98,5.47,394.34,19.84,1384.4,6393.7,Healthy
M-044,Centrifugal Compressor,75,71.84,2.964,5.29,394.4,19.72,1388.2,6402.2,Healthy
M-044,Centrifugal Compressor,76,72.26,3.005,5.34,390.92,20.67,1379.6,6410.7,Healthy
M-044,Centrifugal Compressor,77,74.32,3.327,5.12,391.17,20.59,1374.1,6419.2,Healthy
M-044,Centrifugal Compressor,78,72.08,3.256,5.1,389.92,21.2,1359.6,6427.7,Warning
M-044,Centrifugal Compressor,79,73.72,3.287,5.14,386.31,21.61,1367.7,6436.2,Warning
M-044,Centrifugal Compressor,80,75.56,3.171,5.41,390.55,21.64,1347.4,6444.7,Warning
M-044,Centrifugal Compressor,81,74.42,3.538,5.26,387.77,21.81,1338.7,6453.2,Warning
M-044,Centrifugal Compressor,82,74.43,3.485,5.33,386.52,22.85,1349.8,6461.7,Warning
M-044,Centrifugal Compressor,83,76.4,3.455,5.25,384.48,23.08,1327.5,6470.2,Warning
M-044,Centrifugal Compressor,84,78.14,3.707,5.26,383.67,23.18,1315.0,6478.7,Warning
M-044,Centrifugal Compressor,85,78.31,3.766,5.35,382.21,23.52,1312.7,6487.2,Warning
M-044,Centrifugal Compressor,86,75.13,3.877,5.24,384.92,24.14,1325.5,6495.7,Warning
M-044,Centrifugal Compressor,87,75.93,4.026,5.35,381.25,24.55,1308.0,6504.2,Warning
M-044,Centrifugal Compressor,88,76.76,3.946,5.36,378.68,24.73,1298.3,6512.7,Warning
M-044,Centrifugal Compressor,89,77.59,4.025,5.44,374.89,25.51,1305.8,6521.2,Critical
M-044,Centrifugal Compressor,90,79.3,4.271,5.31,377.12,26.01,1299.5,6529.7,Warning
M-044,Centrifugal Compressor,91,80.26,4.186,5.36,379.43,26.27,1291.8,6538.2,Warning
M-044,Centrifugal Compressor,92,79.21,4.421,5.42,377.13,26.37,1275.1,6546.7,Warning
M-044,Centrifugal Compressor,93,80.59,4.535,5.29,381.02,26.61,1256.2,6555.2,Warning
M-044,Centrifugal Compressor,94,80.26,4.732,5.35,371.5,27.13,1270.8,6563.7,Critical
M-044,Centrifugal Compressor,95,81.41,4.638,5.21,375.38,27.51,1257.5,6572.2,Warning
M-044,Centrifugal Compressor,96,80.12,4.828,5.57,375.04,28.17,1263.1,6580.7,Critical
M-044,Centrifugal Compressor,97,83.25,5.233,5.36,373.04,27.76,1246.4,6589.2,Critical
M-044,Centrifugal Compressor,98,82.29,5.118,5.34,372.02,29.28,1225.1,6597.7,Critical
M-044,Centrifugal Compressor,99,81.31,5.124,5.37,369.4,29.36,1234.3,6606.2,Critical
M-044,Centrifugal Compressor,100,85.03,5.255,5.35,368.42,29.75,1234.1,6614.7,Critical
M-045,Industrial Robot,1,56.12,1.489,5.1,398.54,16.08,1489.7,3798.5,Healthy
M-045,Industrial Robot,2,53.9,1.704,5.05,395.49,15.39,1483.7,3807.0,Healthy
M-045,Industrial Robot,3,55.87,1.771,5.05,400.11,16.32,1485.2,3815.5,Healthy
M-045,Industrial Robot,4,55.42,1.494,5.1,394.29,16.11,1489.9,3824.0,Healthy
M-045,Industrial Robot,5,54.86,1.453,5.11,399.11,15.33,1485.6,3832.5,Healthy
M-045,Industrial Robot,6,55.71,1.222,5.12,396.55,15.85,1490.6,3841.0,Healthy
M-045,Industrial Robot,7,57.06,1.216,5.08,398.31,16.09,1479.8,3849.5,Healthy
M-045,Industrial Robot,8,54.57,1.615,5.37,401.34,16.24,1492.1,3858.0,Healthy
M-045,Industrial Robot,9,55.7,1.686,5.11,395.9,15.74,1485.7,3866.5,Healthy
M-045,Industrial Robot,10,54.62,1.56,5.12,398.29,15.83,1474.5,3875.0,Healthy
M-045,Industrial Robot,11,57.03,1.734,5.27,390.74,15.72,1473.8,3883.5,Healthy
M-045,Industrial Robot,12,56.97,1.601,5.18,392.64,15.64,1479.6,3892.0,Healthy
M-045,Industrial Robot,13,55.7,1.456,5.25,397.61,16.23,1491.8,3900.5,Healthy
M-045,Industrial Robot,14,54.91,1.447,5.27,400.76,14.7,1479.1,3909.0,Healthy
M-045,Industrial Robot,15,54.79,1.627,5.27,399.93,16.04,1502.3,3917.5,Healthy
M-045,Industrial Robot,16,56.21,1.588,5.19,400.04,15.47,1481.7,3926.0,Healthy
M-045,Industrial Robot,17,54.75,1.425,5.22,401.22,15.43,1508.8,3934.5,Healthy
M-045,Industrial Robot,18,55.27,1.46,5.17,396.66,15.47,1486.2,3943.0,Healthy
M-045,Industrial Robot,19,54.13,1.359,5.14,397.11,15.41,1496.8,3951.5,Healthy
M-045,Industrial Robot,20,53.44,1.528,5.16,398.49,15.21,1484.2,3960.0,Healthy
M-045,Industrial Robot,21,56.01,1.393,4.99,397.38,15.57,1494.5,3968.5,Healthy
M-045,Industrial Robot,22,56.9,1.474,5.19,400.03,15.57,1492.9,3977.0,Healthy
M-045,Industrial Robot,23,53.83,1.39,5.31,399.97,15.93,1481.5,3985.5,Healthy
M-045,Industrial Robot,24,53.71,1.343,5.15,398.99,16.2,1479.0,3994.0,Healthy
M-045,Industrial Robot,25,54.86,1.654,4.98,398.36,14.97,1485.8,4002.5,Healthy
M-045,Industrial Robot,26,57.9,1.524,5.28,399.01,15.83,1475.6,4011.0,Healthy
M-045,Industrial Robot,27,58.02,1.653,5.07,400.99,16.01,1493.8,4019.5,Healthy
M-045,Industrial Robot,28,55.79,1.446,5.32,398.19,15.81,1501.9,4028.0,Healthy
M-045,Industrial Robot,29,56.93,1.31,5.08,396.28,15.8,1484.8,4036.5,Healthy
M-045,Industrial Robot,30,55.08,1.43,5.18,397.4,15.98,1479.9,4045.0,Healthy
M-045,Industrial Robot,31,53.76,1.379,5.04,398.03,15.5,1478.2,4053.5,Healthy
M-045,Industrial Robot,32,53.96,1.48,5.23,396.51,15.61,1483.5,4062.0,Healthy
M-045,Industrial Robot,33,55.36,1.669,5.39,397.03,15.46,1492.1,4070.5,Healthy
M-045,Industrial Robot,34,55.68,1.539,5.13,397.56,15.8,1490.6,4079.0,Healthy
M-045,Industrial Robot,35,54.96,1.473,5.16,392.4,15.62,1495.8,4087.5,Healthy
M-045,Industrial Robot,36,55.01,1.368,5.07,398.58,15.3,1490.5,4096.0,Healthy
M-045,Industrial Robot,37,55.73,1.298,5.24,400.43,15.73,1488.9,4104.5,Healthy
M-045,Industrial Robot,38,54.94,1.402,5.1,399.41,15.84,1472.8,4113.0,Healthy
M-045,Industrial Robot,39,53.76,1.358,5.1,398.79,15.45,1492.0,4121.5,Healthy
M-045,Industrial Robot,40,57.45,1.388,5.05,395.67,15.28,1493.1,4130.0,Healthy
M-045,Industrial Robot,41,56.45,1.533,5.04,397.16,15.51,1502.3,4138.5,Healthy
M-045,Industrial Robot,42,55.89,1.471,5.17,397.06,15.78,1484.8,4147.0,Healthy
M-045,Industrial Robot,43,57.25,1.353,5.16,399.26,15.61,1489.6,4155.5,Healthy
M-045,Industrial Robot,44,55.3,1.348,5.32,397.21,15.18,1482.8,4164.0,Healthy
M-045,Industrial Robot,45,57.13,1.731,5.18,399.5,16.29,1480.9,4172.5,Healthy
M-045,Industrial Robot,46,56.01,1.677,5.23,397.38,15.77,1503.5,4181.0,Healthy
M-045,Industrial Robot,47,55.72,1.347,5.2,396.12,15.38,1484.9,4189.5,Healthy
M-045,Industrial Robot,48,55.52,1.356,5.18,397.23,15.93,1488.9,4198.0,Healthy
M-045,Industrial Robot,49,55.35,1.444,5.29,399.69,15.14,1484.6,4206.5,Healthy
M-045,Industrial Robot,50,55.65,1.197,5.19,396.23,15.38,1483.0,4215.0,Healthy
M-045,Industrial Robot,51,57.05,1.531,5.1,396.8,15.7,1501.4,4223.5,Healthy
M-045,Industrial Robot,52,55.23,1.234,5.16,398.47,15.77,1488.3,4232.0,Healthy
M-045,Industrial Robot,53,55.7,1.34,5.25,396.88,15.55,1491.8,4240.5,Healthy
M-045,Industrial Robot,54,55.79,1.647,5.27,396.94,16.33,1496.2,4249.0,Healthy
M-045,Industrial Robot,55,55.69,1.378,5.14,394.09,15.83,1478.1,4257.5,Healthy
M-045,Industrial Robot,56,56.12,1.4,5.16,396.69,15.39,1494.5,4266.0,Healthy
M-045,Industrial Robot,57,54.79,1.35,5.04,399.63,15.25,1488.7,4274.5,Healthy
M-045,Industrial Robot,58,58.19,1.375,5.06,400.1,15.23,1497.3,4283.0,Healthy
M-045,Industrial Robot,59,55.08,1.566,5.19,399.07,15.49,1485.5,4291.5,Healthy
M-045,Industrial Robot,60,54.91,1.617,5.14,401.82,15.72,1487.1,4300.0,Healthy
M-045,Industrial Robot,61,55.28,1.374,5.17,397.75,15.43,1488.1,4308.5,Healthy
M-045,Industrial Robot,62,54.94,1.492,5.21,396.67,15.48,1481.4,4317.0,Healthy
M-045,Industrial Robot,63,56.9,1.245,5.08,399.34,15.42,1483.3,4325.5,Healthy
M-045,Industrial Robot,64,56.35,1.186,5.15,396.82,15.46,1497.2,4334.0,Healthy
M-045,Industrial Robot,65,55.51,1.319,5.0,397.8,15.16,1498.3,4342.5,Healthy
M-045,Industrial Robot,66,54.21,1.456,4.95,394.13,15.57,1514.2,4351.0,Healthy
M-045,Industrial Robot,67,54.86,1.541,5.09,399.96,15.61,1478.6,4359.5,Healthy
M-045,Industrial Robot,68,55.24,1.244,5.05,398.69,15.41,1485.1,4368.0,Healthy
M-045,Industrial Robot,69,56.66,1.398,5.19,396.73,15.96,1499.1,4376.5,Healthy
M-045,Industrial Robot,70,53.18,1.34,5.12,396.55,15.94,1490.4,4385.0,Healthy
M-045,Industrial Robot,71,54.4,1.628,5.28,395.26,15.43,1495.3,4393.5,Healthy
M-045,Industrial Robot,72,56.65,1.626,5.39,398.76,16.09,1510.0,4402.0,Healthy
M-045,Industrial Robot,73,55.52,1.364,5.17,401.11,16.28,1489.8,4410.5,Healthy
M-045,Industrial Robot,74,55.34,1.305,5.15,395.57,15.3,1490.5,4419.0,Healthy
M-045,Industrial Robot,75,54.01,1.5,5.24,395.82,15.43,1477.0,4427.5,Healthy
M-045,Industrial Robot,76,56.25,1.279,5.21,398.5,16.4,1502.0,4436.0,Healthy
M-045,Industrial Robot,77,54.11,1.677,5.09,396.31,15.46,1486.3,4444.5,Healthy
M-045,Industrial Robot,78,58.13,1.12,5.33,399.58,15.7,1483.8,4453.0,Healthy
M-045,Industrial Robot,79,55.43,1.56,5.24,396.26,15.91,1483.9,4461.5,Healthy
M-045,Industrial Robot,80,55.33,1.615,5.22,394.69,15.69,1492.0,4470.0,Healthy
M-045,Industrial Robot,81,55.72,1.156,5.01,394.38,15.42,1489.7,4478.5,Healthy
M-045,Industrial Robot,82,54.91,1.383,4.97,395.43,15.31,1495.7,4487.0,Healthy
M-045,Industrial Robot,83,56.06,1.552,5.19,399.57,15.16,1499.3,4495.5,Healthy
M-045,Industrial Robot,84,56.8,1.413,5.24,400.35,15.62,1492.9,4504.0,Healthy
M-045,Industrial Robot,85,54.92,1.616,5.1,398.55,15.63,1484.0,4512.5,Healthy
M-045,Industrial Robot,86,53.49,1.564,5.14,401.59,16.07,1498.2,4521.0,Healthy
M-045,Industrial Robot,87,56.42,1.548,5.16,399.57,15.48,1469.1,4529.5,Healthy
M-045,Industrial Robot,88,56.39,1.545,5.01,398.95,15.82,1497.2,4538.0,Healthy
M-045,Industrial Robot,89,55.41,1.275,5.09,396.95,15.6,1489.6,4546.5,Healthy
M-045,Industrial Robot,90,55.25,1.505,5.03,398.64,15.37,1487.0,4555.0,Healthy
M-045,Industrial Robot,91,53.34,1.571,5.11,398.6,15.35,1484.1,4563.5,Healthy
M-045,Industrial Robot,92,54.38,1.477,5.2,395.92,15.69,1486.7,4572.0,Healthy
M-045,Industrial Robot,93,55.77,1.35,5.19,397.37,15.59,1507.3,4580.5,Healthy
M-045,Industrial Robot,94,53.42,1.523,5.19,399.18,15.85,1490.2,4589.0,Healthy
M-045,Industrial Robot,95,56.03,1.78,5.13,397.56,15.27,1482.0,4597.5,Healthy
M-045,Industrial Robot,96,55.81,1.502,5.13,399.23,15.5,1508.5,4606.0,Healthy
M-045,Industrial Robot,97,55.72,1.539,5.16,396.72,15.46,1479.4,4614.5,Healthy
M-045,Industrial Robot,98,53.47,1.572,5.08,397.79,16.18,1498.0,4623.0,Healthy
M-045,Industrial Robot,99,55.72,1.432,5.13,402.33,15.7,1512.6,4631.5,Healthy
M-045,Industrial Robot,100,53.98,1.463,5.26,400.08,15.86,1483.7,4640.0,Healthy
M-046,CNC Lathe,1,60.23,1.332,5.15,399.33,13.11,1504.5,6917.5,Healthy
M-046,CNC Lathe,2,62.23,1.366,4.98,404.74,13.09,1511.3,6926.0,Healthy
M-046,CNC Lathe,3,62.25,1.539,5.08,401.03,12.63,1499.3,6934.5,Healthy
M-046,CNC Lathe,4,61.63,1.482,5.23,404.5,13.29,1518.0,6943.0,Healthy
M-046,CNC Lathe,5,58.44,1.398,5.25,399.6,13.05,1515.2,6951.5,Healthy
M-046,CNC Lathe,6,61.47,1.479,5.22,402.3,12.51,1515.1,6960.0,Healthy
M-046,CNC Lathe,7,61.28,1.261,5.3,403.0,12.54,1504.5,6968.5,Healthy
M-046,CNC Lathe,8,60.26,1.367,5.19,399.98,13.42,1519.4,6977.0,Healthy
M-046,CNC Lathe,9,61.68,1.44,5.25,401.38,12.77,1520.6,6985.5,Healthy
M-046,CNC Lathe,10,61.32,1.353,5.12,400.46,13.73,1511.1,6994.0,Healthy
M-046,CNC Lathe,11,61.12,1.521,5.04,404.13,12.81,1525.7,7002.5,Healthy
M-046,CNC Lathe,12,60.56,1.559,4.91,399.58,12.92,1494.8,7011.0,Healthy
M-046,CNC Lathe,13,61.66,1.472,5.06,401.9,13.3,1494.2,7019.5,Healthy
M-046,CNC Lathe,14,59.41,1.395,5.16,401.82,13.33,1514.9,7028.0,Healthy
M-046,CNC Lathe,15,61.77,1.268,5.17,401.32,13.53,1512.5,7036.5,Healthy
M-046,CNC Lathe,16,60.13,1.537,5.21,400.29,12.9,1508.4,7045.0,Healthy
M-046,CNC Lathe,17,62.41,1.459,5.23,400.95,13.14,1521.5,7053.5,Healthy
M-046,CNC Lathe,18,60.5,1.449,5.02,400.4,12.91,1502.6,7062.0,Healthy
M-046,CNC Lathe,19,62.52,1.334,5.24,402.31,13.03,1523.0,7070.5,Healthy
M-046,CNC Lathe,20,58.22,1.411,5.05,398.01,12.6,1511.2,7079.0,Healthy
M-046,CNC Lathe,21,60.06,1.542,5.14,401.29,12.91,1510.3,7087.5,Healthy
M-046,CNC Lathe,22,60.43,1.333,5.26,400.69,12.89,1514.5,7096.0,Healthy
M-046,CNC Lathe,23,61.32,1.328,5.23,403.01,13.08,1507.6,7104.5,Healthy
M-046,CNC Lathe,24,60.45,1.411,5.03,401.86,13.33,1518.1,7113.0,Healthy
M-046,CNC Lathe,25,60.48,1.562,5.35,401.3,13.26,1493.0,7121.5,Healthy
M-046,CNC Lathe,26,59.42,1.446,5.06,406.01,13.23,1518.8,7130.0,Healthy
M-046,CNC Lathe,27,60.9,1.314,5.11,402.44,12.8,1516.4,7138.5,Healthy
M-046,CNC Lathe,28,61.79,1.435,4.98,405.36,12.95,1532.7,7147.0,Healthy
M-046,CNC Lathe,29,61.72,1.41,5.2,397.9,13.38,1531.6,7155.5,Healthy
M-046,CNC Lathe,30,58.43,1.4,5.15,403.68,13.76,1514.1,7164.0,Healthy
M-046,CNC Lathe,31,63.5,1.455,5.2,402.59,13.45,1507.7,7172.5,Healthy
M-046,CNC Lathe,32,61.92,1.287,5.13,400.66,13.05,1508.5,7181.0,Healthy
M-046,CNC Lathe,33,62.29,1.329,4.98,399.22,13.37,1503.3,7189.5,Healthy
M-046,CNC Lathe,34,61.41,1.399,5.24,401.47,13.99,1526.2,7198.0,Healthy
M-046,CNC Lathe,35,60.56,1.381,5.47,399.78,13.0,1511.2,7206.5,Healthy
M-046,CNC Lathe,36,60.93,1.226,5.21,399.99,13.53,1499.4,7215.0,Healthy
M-046,CNC Lathe,37,61.01,1.169,4.94,400.26,12.78,1522.8,7223.5,Healthy
M-046,CNC Lathe,38,60.89,1.59,5.12,403.15,12.77,1504.7,7232.0,Healthy
M-046,CNC Lathe,39,58.75,1.475,5.18,403.49,13.1,1527.3,7240.5,Healthy
M-046,CNC Lathe,40,61.15,1.554,5.13,400.12,13.27,1510.4,7249.0,Healthy
M-046,CNC Lathe,41,61.93,1.477,5.08,404.08,12.72,1516.1,7257.5,Healthy
M-046,CNC Lathe,42,62.56,1.406,5.27,402.53,13.4,1503.1,7266.0,Healthy
M-046,CNC Lathe,43,61.41,1.309,5.33,397.42,13.08,1500.5,7274.5,Healthy
M-046,CNC Lathe,44,62.12,1.738,5.22,407.02,12.85,1495.5,7283.0,Healthy
M-046,CNC Lathe,45,60.41,1.555,5.05,399.22,13.69,1493.6,7291.5,Healthy
M-046,CNC Lathe,46,60.3,1.528,5.13,402.34,13.31,1495.2,7300.0,Healthy
M-046,CNC Lathe,47,62.55,1.71,5.3,400.82,13.84,1502.9,7308.5,Healthy
M-046,CNC Lathe,48,61.74,1.621,4.98,401.22,14.04,1501.6,7317.0,Healthy
M-046,CNC Lathe,49,58.9,1.69,5.07,401.96,14.35,1494.3,7325.5,Healthy
M-046,CNC Lathe,50,61.98,1.786,5.06,398.26,14.12,1507.5,7334.0,Healthy
M-046,CNC Lathe,51,64.49,1.911,5.01,399.68,14.58,1496.0,7342.5,Healthy
M-046,CNC Lathe,52,63.35,1.828,5.18,393.82,14.44,1485.9,7351.0,Healthy
M-046,CNC Lathe,53,64.57,1.81,5.15,393.69,15.43,1488.4,7359.5,Healthy
M-046,CNC Lathe,54,64.24,1.973,5.31,394.73,14.8,1484.6,7368.0,Healthy
M-046,CNC Lathe,55,64.9,1.831,5.1,399.15,15.48,1478.8,7376.5,Healthy
M-046,CNC Lathe,56,62.58,2.104,5.02,391.23,15.81,1480.4,7385.0,Healthy
M-046,CNC Lathe,57,63.93,2.011,5.33,394.21,15.75,1478.8,7393.5,Healthy
M-046,CNC Lathe,58,64.08,2.051,5.24,392.58,15.95,1450.9,7402.0,Healthy
M-046,CNC Lathe,59,65.0,2.191,5.25,395.1,16.42,1460.8,7410.5,Healthy
M-046,CNC Lathe,60,64.97,2.31,5.05,388.07,16.87,1459.2,7419.0,Healthy
M-046,CNC Lathe,61,65.19,2.421,5.08,390.72,16.4,1454.3,7427.5,Healthy
M-046,CNC Lathe,62,63.73,2.257,5.19,389.08,16.71,1428.1,7436.0,Healthy
M-046,CNC Lathe,63,66.65,2.323,5.05,388.25,17.04,1429.1,7444.5,Healthy
M-046,CNC Lathe,64,68.55,2.177,5.11,390.39,17.16,1439.3,7453.0,Healthy
M-046,CNC Lathe,65,65.57,2.705,5.05,384.81,17.23,1436.5,7461.5,Healthy
M-046,CNC Lathe,66,66.69,2.671,5.21,387.56,17.76,1426.1,7470.0,Healthy
M-046,CNC Lathe,67,69.4,2.724,5.35,389.83,18.17,1416.8,7478.5,Healthy
M-046,CNC Lathe,68,67.69,2.694,5.15,387.04,17.73,1430.7,7487.0,Healthy
M-046,CNC Lathe,69,67.7,2.593,5.21,385.04,18.91,1423.2,7495.5,Healthy
M-046,CNC Lathe,70,69.31,2.806,5.12,384.8,18.73,1411.6,7504.0,Healthy
M-046,CNC Lathe,71,68.16,2.789,5.04,385.11,19.1,1398.2,7512.5,Healthy
M-046,CNC Lathe,72,69.73,3.164,5.25,383.17,19.5,1415.1,7521.0,Healthy
M-046,CNC Lathe,73,67.65,3.109,5.01,387.25,19.64,1416.0,7529.5,Healthy
M-046,CNC Lathe,74,71.47,3.067,5.09,383.53,20.01,1390.4,7538.0,Healthy
M-046,CNC Lathe,75,67.74,3.083,5.05,383.5,20.7,1394.9,7546.5,Healthy
M-046,CNC Lathe,76,70.48,3.108,5.18,383.23,20.43,1385.2,7555.0,Healthy
M-046,CNC Lathe,77,70.23,3.476,5.24,382.11,20.31,1380.9,7563.5,Healthy
M-046,CNC Lathe,78,70.56,3.323,5.0,377.95,21.18,1383.7,7572.0,Warning
M-046,CNC Lathe,79,70.39,3.362,5.34,378.76,21.44,1369.0,7580.5,Warning
M-046,CNC Lathe,80,69.83,3.547,5.09,378.52,21.94,1380.7,7589.0,Warning
M-046,CNC Lathe,81,70.21,3.65,5.24,376.52,22.28,1373.4,7597.5,Warning
M-046,CNC Lathe,82,71.23,3.644,5.2,378.08,22.64,1356.6,7606.0,Warning
M-046,CNC Lathe,83,73.12,3.575,5.17,375.27,22.23,1346.3,7614.5,Warning
M-046,CNC Lathe,84,73.19,3.807,5.03,373.55,23.22,1349.4,7623.0,Warning
M-046,CNC Lathe,85,74.29,3.989,5.21,373.79,23.31,1353.6,7631.5,Warning
M-046,CNC Lathe,86,76.91,3.952,5.21,375.26,23.58,1344.6,7640.0,Warning
M-046,CNC Lathe,87,75.17,4.01,5.13,369.95,24.13,1331.9,7648.5,Critical
M-046,CNC Lathe,88,73.44,3.903,5.22,368.97,24.29,1331.8,7657.0,Critical
M-046,CNC Lathe,89,75.36,4.064,5.03,372.52,24.91,1315.3,7665.5,Critical
M-046,CNC Lathe,90,75.68,4.374,5.19,369.72,25.17,1308.8,7674.0,Critical
M-046,CNC Lathe,91,73.89,4.355,5.12,369.05,24.9,1305.7,7682.5,Critical
M-046,CNC Lathe,92,77.51,4.53,5.34,371.02,25.6,1292.7,7691.0,Critical
M-046,CNC Lathe,93,75.98,4.664,5.11,371.02,25.77,1277.5,7699.5,Critical
M-046,CNC Lathe,94,77.36,4.631,5.15,369.61,25.49,1282.5,7708.0,Critical
M-046,CNC Lathe,95,77.22,4.611,5.29,367.56,25.97,1290.0,7716.5,Critical
M-046,CNC Lathe,96,78.09,4.405,5.15,364.75,26.48,1286.9,7725.0,Critical
M-046,CNC Lathe,97,76.37,4.755,5.21,366.73,26.65,1265.4,7733.5,Critical
M-046,CNC Lathe,98,78.48,4.747,5.45,364.61,27.39,1270.6,7742.0,Critical
M-046,CNC Lathe,99,77.08,4.926,5.15,362.66,27.73,1268.3,7750.5,Critical
M-046,CNC Lathe,100,76.85,5.035,5.07,361.66,28.47,1275.3,7759.0,Critical
M-047,Induction Motor,1,62.42,1.562,4.58,402.87,12.68,1457.3,4714.6,Healthy
M-047,Induction Motor,2,61.49,1.399,4.61,399.44,11.87,1442.9,4723.1,Healthy
M-047,Induction Motor,3,61.02,1.375,4.7,401.12,11.91,1461.8,4731.6,Healthy
M-047,Induction Motor,4,62.77,1.272,4.86,402.11,12.45,1466.9,4740.1,Healthy
M-047,Induction Motor,5,61.68,1.441,4.58,400.76,12.38,1441.6,4748.6,Healthy
M-047,Induction Motor,6,61.13,1.719,4.78,398.3,12.53,1460.8,4757.1,Healthy
M-047,Induction Motor,7,62.79,1.605,4.84,402.5,12.34,1457.9,4765.6,Healthy
M-047,Induction Motor,8,61.28,1.583,4.8,400.84,12.53,1451.3,4774.1,Healthy
M-047,Induction Motor,9,61.19,1.526,4.67,403.65,12.63,1461.1,4782.6,Healthy
M-047,Induction Motor,10,62.23,1.555,4.6,403.23,13.15,1460.5,4791.1,Healthy
M-047,Induction Motor,11,60.61,1.606,4.65,400.04,11.57,1466.2,4799.6,Healthy
M-047,Induction Motor,12,61.94,1.603,4.81,401.95,12.76,1466.1,4808.1,Healthy
M-047,Induction Motor,13,61.51,1.335,4.64,402.23,12.06,1454.7,4816.6,Healthy
M-047,Induction Motor,14,64.56,1.66,4.53,405.65,12.9,1460.5,4825.1,Healthy
M-047,Induction Motor,15,61.72,1.369,4.69,397.02,12.75,1456.7,4833.6,Healthy
M-047,Induction Motor,16,60.66,1.656,4.76,404.27,12.27,1466.4,4842.1,Healthy
M-047,Induction Motor,17,61.83,1.442,4.79,401.14,12.58,1447.3,4850.6,Healthy
M-047,Induction Motor,18,58.78,1.475,4.78,402.08,12.26,1457.1,4859.1,Healthy
M-047,Induction Motor,19,61.09,1.519,4.85,398.32,13.08,1456.6,4867.6,Healthy
M-047,Induction Motor,20,63.98,1.758,4.5,401.36,12.08,1454.1,4876.1,Healthy
M-047,Induction Motor,21,62.1,1.71,4.62,406.05,12.22,1444.5,4884.6,Healthy
M-047,Induction Motor,22,62.87,1.55,4.95,399.02,12.49,1465.4,4893.1,Healthy
M-047,Induction Motor,23,60.54,1.688,4.77,398.98,12.86,1453.6,4901.6,Healthy
M-047,Induction Motor,24,63.05,1.463,4.58,399.97,12.43,1455.9,4910.1,Healthy
M-047,Induction Motor,25,62.35,1.8,4.72,404.21,12.91,1452.4,4918.6,Healthy
M-047,Induction Motor,26,62.19,1.634,4.83,402.76,12.15,1459.4,4927.1,Healthy
M-047,Induction Motor,27,62.43,1.657,4.71,401.54,13.05,1450.8,4935.6,Healthy
M-047,Induction Motor,28,63.3,1.559,4.73,400.57,12.74,1445.4,4944.1,Healthy
M-047,Induction Motor,29,61.09,1.713,4.92,400.75,12.91,1456.7,4952.6,Healthy
M-047,Induction Motor,30,62.31,1.78,4.78,396.23,13.12,1461.3,4961.1,Healthy
M-047,Induction Motor,31,61.85,1.91,4.83,397.99,13.25,1434.4,4969.6,Healthy
M-047,Induction Motor,32,63.8,1.636,4.78,402.39,13.15,1443.4,4978.1,Healthy
M-047,Induction Motor,33,61.15,1.798,4.64,398.86,13.32,1430.5,4986.6,Healthy
M-047,Induction Motor,34,62.95,1.507,4.63,402.75,13.57,1432.3,4995.1,Healthy
M-047,Induction Motor,35,63.73,1.986,4.9,397.52,13.73,1436.9,5003.6,Healthy
M-047,Induction Motor,36,63.55,1.875,4.8,398.44,13.97,1450.7,5012.1,Healthy
M-047,Induction Motor,37,65.95,1.997,4.85,395.52,14.11,1434.7,5020.6,Healthy
M-047,Induction Motor,38,65.52,1.842,4.67,396.61,14.79,1427.0,5029.1,Healthy
M-047,Induction Motor,39,65.42,1.984,4.81,393.86,14.14,1421.7,5037.6,Healthy
M-047,Induction Motor,40,62.79,1.889,4.69,392.58,14.5,1422.8,5046.1,Healthy
M-047,Induction Motor,41,63.33,2.027,4.69,398.12,14.74,1435.5,5054.6,Healthy
M-047,Induction Motor,42,63.98,2.052,4.84,389.46,15.13,1413.9,5063.1,Healthy
M-047,Induction Motor,43,64.81,2.101,4.79,390.36,14.76,1427.6,5071.6,Healthy
M-047,Induction Motor,44,64.96,2.039,4.73,395.1,15.23,1408.1,5080.1,Healthy
M-047,Induction Motor,45,64.38,2.069,4.54,391.48,15.82,1402.8,5088.6,Healthy
M-047,Induction Motor,46,65.1,2.08,4.73,391.87,15.42,1398.5,5097.1,Healthy
M-047,Induction Motor,47,64.81,2.274,4.72,387.68,15.13,1396.1,5105.6,Healthy
M-047,Induction Motor,48,66.83,2.176,4.78,395.04,15.8,1393.7,5114.1,Healthy
M-047,Induction Motor,49,66.59,2.401,4.66,391.78,15.84,1405.3,5122.6,Healthy
M-047,Induction Motor,50,65.91,2.482,4.89,390.39,16.0,1386.6,5131.1,Healthy
M-047,Induction Motor,51,66.38,2.457,4.71,390.95,16.49,1384.4,5139.6,Healthy
M-047,Induction Motor,52,66.63,2.435,4.68,385.09,16.34,1391.5,5148.1,Healthy
M-047,Induction Motor,53,67.6,2.65,4.77,388.27,16.38,1379.3,5156.6,Healthy
M-047,Induction Motor,54,63.36,2.744,4.75,390.44,16.84,1365.8,5165.1,Healthy
M-047,Induction Motor,55,67.53,2.673,4.71,388.79,17.04,1377.0,5173.6,Healthy
M-047,Induction Motor,56,68.1,2.899,4.8,385.22,17.27,1365.3,5182.1,Healthy
M-047,Induction Motor,57,69.42,2.685,4.7,386.95,17.75,1359.3,5190.6,Healthy
M-047,Induction Motor,58,68.0,2.903,4.69,390.3,17.49,1361.5,5199.1,Healthy
M-047,Induction Motor,59,69.18,2.841,4.7,383.86,17.8,1376.8,5207.6,Healthy
M-047,Induction Motor,60,68.88,2.954,4.66,385.95,18.11,1348.8,5216.1,Healthy
M-047,Induction Motor,61,67.86,2.87,4.94,388.76,17.82,1348.8,5224.6,Healthy
M-047,Induction Motor,62,68.77,2.983,4.71,388.17,18.45,1366.5,5233.1,Healthy
M-047,Induction Motor,63,70.39,3.021,4.66,382.6,19.5,1354.3,5241.6,Healthy
M-047,Induction Motor,64,69.84,2.814,4.68,382.62,19.11,1343.9,5250.1,Healthy
M-047,Induction Motor,65,69.28,3.165,4.82,381.61,18.9,1337.0,5258.6,Healthy
M-047,Induction Motor,66,68.84,3.144,4.93,381.56,19.07,1334.5,5267.1,Healthy
M-047,Induction Motor,67,72.13,3.192,4.65,378.2,19.55,1322.8,5275.6,Warning
M-047,Induction Motor,68,70.77,3.225,4.52,384.42,20.63,1332.9,5284.1,Healthy
M-047,Induction Motor,69,72.61,3.354,4.53,380.01,19.88,1315.3,5292.6,Healthy
M-047,Induction Motor,70,71.03,3.287,4.75,381.4,20.91,1323.4,5301.1,Healthy
M-047,Induction Motor,71,69.95,3.364,4.68,383.95,20.5,1324.0,5309.6,Healthy
M-047,Induction Motor,72,72.86,3.645,4.75,378.06,20.58,1306.0,5318.1,Warning
M-047,Induction Motor,73,72.89,3.86,4.86,378.21,20.53,1308.2,5326.6,Warning
M-047,Induction Motor,74,72.58,3.542,4.71,378.35,21.28,1327.5,5335.1,Warning
M-047,Induction Motor,75,75.09,3.599,4.83,374.2,21.75,1309.0,5343.6,Warning
M-047,Induction Motor,76,71.55,3.827,4.62,376.11,21.7,1287.9,5352.1,Warning
M-047,Induction Motor,77,73.1,3.633,4.69,375.58,21.29,1293.5,5360.6,Warning
M-047,Induction Motor,78,72.97,3.751,4.63,372.45,21.75,1278.3,5369.1,Warning
M-047,Induction Motor,79,72.44,3.996,4.57,376.37,21.87,1294.0,5377.6,Warning
M-047,Induction Motor,80,76.89,3.973,4.71,373.61,22.88,1289.3,5386.1,Warning
M-047,Induction Motor,81,74.33,3.9,4.76,369.73,22.59,1296.6,5394.6,Warning
M-047,Induction Motor,82,75.34,3.995,4.62,376.72,22.81,1270.7,5403.1,Warning
M-047,Induction Motor,83,74.78,4.0,4.53,369.19,23.2,1265.4,5411.6,Warning
M-047,Induction Motor,84,72.99,3.944,4.71,371.18,23.8,1260.9,5420.1,Warning
M-047,Induction Motor,85,74.92,4.095,4.78,370.84,23.86,1276.4,5428.6,Warning
M-047,Induction Motor,86,75.66,4.363,4.6,367.26,24.44,1264.9,5437.1,Critical
M-047,Induction Motor,87,76.43,4.427,4.65,368.31,24.5,1255.9,5445.6,Critical
M-047,Induction Motor,88,75.33,4.19,4.82,367.81,24.76,1258.6,5454.1,Critical
M-047,Induction Motor,89,77.96,4.196,4.44,371.76,25.05,1242.4,5462.6,Critical
M-047,Induction Motor,90,75.59,4.461,4.71,366.28,24.64,1242.7,5471.1,Critical
M-047,Induction Motor,91,77.46,4.514,4.68,365.62,25.93,1237.9,5479.6,Critical
M-047,Induction Motor,92,77.79,4.865,4.8,367.25,25.86,1249.6,5488.1,Critical
M-047,Induction Motor,93,77.43,4.467,4.71,366.81,25.55,1232.5,5496.6,Critical
M-047,Induction Motor,94,79.7,4.779,4.79,362.92,25.83,1233.3,5505.1,Critical
M-047,Induction Motor,95,78.83,4.933,4.79,363.26,26.83,1223.9,5513.6,Critical
M-047,Induction Motor,96,79.45,4.731,4.65,360.96,25.97,1218.2,5522.1,Critical
M-047,Induction Motor,97,80.22,4.89,4.55,364.67,26.66,1229.9,5530.6,Critical
M-047,Induction Motor,98,78.36,4.808,4.9,364.34,26.32,1216.5,5539.1,Critical
M-047,Induction Motor,99,77.2,5.09,4.62,359.16,27.65,1212.7,5547.6,Critical
M-047,Induction Motor,100,80.44,4.977,4.72,364.13,27.53,1223.9,5556.1,Critical
M-048,Hydraulic Pump,1,66.7,1.984,4.94,405.25,13.76,1504.8,2429.5,Healthy
M-048,Hydraulic Pump,2,64.19,1.775,5.06,406.02,14.52,1506.4,2438.0,Healthy
M-048,Hydraulic Pump,3,68.44,1.821,5.06,402.61,14.68,1511.6,2446.5,Healthy
M-048,Hydraulic Pump,4,68.1,1.473,5.08,408.49,14.78,1508.9,2455.0,Healthy
M-048,Hydraulic Pump,5,66.58,1.626,5.05,407.95,14.63,1491.4,2463.5,Healthy
M-048,Hydraulic Pump,6,66.87,1.571,5.09,404.87,13.85,1518.6,2472.0,Healthy
M-048,Hydraulic Pump,7,64.85,1.671,5.06,403.0,14.63,1498.5,2480.5,Healthy
M-048,Hydraulic Pump,8,65.29,1.859,4.93,408.06,14.37,1504.5,2489.0,Healthy
M-048,Hydraulic Pump,9,66.44,1.763,4.84,405.42,14.04,1512.9,2497.5,Healthy
M-048,Hydraulic Pump,10,66.7,1.749,5.25,403.12,14.85,1504.2,2506.0,Healthy
M-048,Hydraulic Pump,11,65.6,1.684,5.01,410.17,14.44,1509.6,2514.5,Healthy
M-048,Hydraulic Pump,12,65.62,1.761,5.15,409.42,13.89,1510.5,2523.0,Healthy
M-048,Hydraulic Pump,13,66.34,1.792,5.01,410.22,14.45,1499.4,2531.5,Healthy
M-048,Hydraulic Pump,14,65.92,1.851,5.14,407.33,14.22,1511.7,2540.0,Healthy
M-048,Hydraulic Pump,15,65.88,1.679,5.32,407.93,14.33,1500.5,2548.5,Healthy
M-048,Hydraulic Pump,16,66.26,1.898,5.15,405.87,14.24,1493.5,2557.0,Healthy
M-048,Hydraulic Pump,17,66.83,1.272,4.91,407.35,13.44,1522.3,2565.5,Healthy
M-048,Hydraulic Pump,18,65.45,1.806,5.19,407.71,14.36,1499.5,2574.0,Healthy
M-048,Hydraulic Pump,19,64.93,1.691,5.07,407.12,14.02,1512.6,2582.5,Healthy
M-048,Hydraulic Pump,20,64.79,1.819,5.15,407.64,14.94,1507.3,2591.0,Healthy
M-048,Hydraulic Pump,21,68.17,1.428,5.16,408.34,14.55,1509.0,2599.5,Healthy
M-048,Hydraulic Pump,22,65.93,1.839,5.24,403.41,14.77,1503.0,2608.0,Healthy
M-048,Hydraulic Pump,23,65.72,1.602,5.1,410.33,14.22,1509.4,2616.5,Healthy
M-048,Hydraulic Pump,24,66.5,1.551,5.05,405.84,14.0,1500.6,2625.0,Healthy
M-048,Hydraulic Pump,25,66.13,1.869,5.07,404.36,14.78,1507.1,2633.5,Healthy
M-048,Hydraulic Pump,26,66.85,1.853,5.06,406.1,14.48,1509.1,2642.0,Healthy
M-048,Hydraulic Pump,27,66.97,1.845,5.07,405.18,14.14,1515.0,2650.5,Healthy
M-048,Hydraulic Pump,28,66.55,1.612,4.94,404.49,14.65,1506.5,2659.0,Healthy
M-048,Hydraulic Pump,29,68.72,1.817,5.13,411.15,14.02,1492.1,2667.5,Healthy
M-048,Hydraulic Pump,30,67.17,1.718,5.09,409.62,14.62,1516.2,2676.0,Healthy
M-048,Hydraulic Pump,31,65.42,1.855,4.99,410.51,14.51,1508.1,2684.5,Healthy
M-048,Hydraulic Pump,32,65.81,1.684,5.1,410.66,14.91,1506.9,2693.0,Healthy
M-048,Hydraulic Pump,33,66.01,1.817,5.19,407.59,14.22,1509.5,2701.5,Healthy
M-048,Hydraulic Pump,34,66.22,1.705,5.06,408.5,14.28,1503.8,2710.0,Healthy
M-048,Hydraulic Pump,35,66.68,1.702,5.22,410.85,14.25,1497.7,2718.5,Healthy
M-048,Hydraulic Pump,36,65.95,1.801,5.06,404.61,14.3,1507.3,2727.0,Healthy
M-048,Hydraulic Pump,37,67.69,1.959,5.02,405.92,14.27,1496.5,2735.5,Healthy
M-048,Hydraulic Pump,38,65.67,1.664,5.1,405.5,14.65,1513.3,2744.0,Healthy
M-048,Hydraulic Pump,39,65.16,1.591,5.01,406.37,14.8,1503.7,2752.5,Healthy
M-048,Hydraulic Pump,40,67.01,1.798,4.98,406.67,14.35,1507.1,2761.0,Healthy
M-048,Hydraulic Pump,41,64.79,1.676,5.06,406.29,13.87,1498.3,2769.5,Healthy
M-048,Hydraulic Pump,42,64.84,1.913,5.03,407.04,14.02,1505.9,2778.0,Healthy
M-048,Hydraulic Pump,43,67.34,1.638,4.97,406.18,13.87,1507.1,2786.5,Healthy
M-048,Hydraulic Pump,44,67.42,1.576,5.15,408.93,13.36,1495.2,2795.0,Healthy
M-048,Hydraulic Pump,45,65.78,1.816,5.11,405.32,14.93,1498.5,2803.5,Healthy
M-048,Hydraulic Pump,46,65.51,1.608,5.05,408.98,14.04,1505.7,2812.0,Healthy
M-048,Hydraulic Pump,47,66.75,1.744,5.1,408.98,14.45,1512.4,2820.5,Healthy
M-048,Hydraulic Pump,48,65.19,1.695,4.95,408.26,14.79,1501.6,2829.0,Healthy
M-048,Hydraulic Pump,49,66.85,1.568,5.07,403.82,14.38,1488.7,2837.5,Healthy
M-048,Hydraulic Pump,50,68.54,1.742,5.05,410.98,14.38,1491.2,2846.0,Healthy
M-048,Hydraulic Pump,51,65.99,1.981,4.97,406.29,14.9,1497.9,2854.5,Healthy
M-048,Hydraulic Pump,52,66.4,1.91,5.01,405.57,13.71,1495.2,2863.0,Healthy
M-048,Hydraulic Pump,53,65.7,1.722,5.12,407.08,13.95,1515.0,2871.5,Healthy
M-048,Hydraulic Pump,54,65.8,2.009,5.13,409.26,14.61,1516.1,2880.0,Healthy
M-048,Hydraulic Pump,55,67.49,1.792,5.18,406.62,14.63,1516.5,2888.5,Healthy
M-048,Hydraulic Pump,56,65.98,1.849,5.41,406.39,14.87,1511.0,2897.0,Healthy
M-048,Hydraulic Pump,57,66.79,1.931,5.25,413.53,13.65,1491.1,2905.5,Healthy
M-048,Hydraulic Pump,58,68.78,1.892,5.19,405.53,14.87,1497.3,2914.0,Healthy
M-048,Hydraulic Pump,59,68.97,2.097,5.41,406.21,14.17,1511.1,2922.5,Healthy
M-048,Hydraulic Pump,60,69.08,2.175,5.42,406.78,14.9,1488.5,2931.0,Healthy
M-048,Hydraulic Pump,61,72.6,2.04,5.44,406.02,14.75,1516.9,2939.5,Healthy
M-048,Hydraulic Pump,62,71.13,2.062,5.55,407.79,15.42,1487.9,2948.0,Healthy
M-048,Hydraulic Pump,63,71.56,1.989,5.66,404.58,15.06,1493.6,2956.5,Healthy
M-048,Hydraulic Pump,64,72.18,2.09,5.59,411.22,14.52,1495.0,2965.0,Healthy
M-048,Hydraulic Pump,65,74.18,2.242,5.52,406.23,14.56,1500.1,2973.5,Healthy
M-048,Hydraulic Pump,66,73.0,2.349,5.77,401.86,15.2,1485.6,2982.0,Healthy
M-048,Hydraulic Pump,67,74.9,2.556,5.73,407.68,15.5,1510.3,2990.5,Healthy
M-048,Hydraulic Pump,68,76.62,2.471,5.76,408.46,15.84,1507.9,2999.0,Healthy
M-048,Hydraulic Pump,69,76.6,2.273,5.79,405.73,15.01,1502.8,3007.5,Healthy
M-048,Hydraulic Pump,70,76.01,2.634,5.92,404.94,15.15,1504.6,3016.0,Healthy
M-048,Hydraulic Pump,71,77.56,2.592,6.0,410.6,15.86,1497.2,3024.5,Healthy
M-048,Hydraulic Pump,72,76.35,2.602,5.98,403.71,15.86,1504.0,3033.0,Healthy
M-048,Hydraulic Pump,73,80.83,2.695,6.13,404.62,15.5,1489.7,3041.5,Warning
M-048,Hydraulic Pump,74,81.54,2.605,6.25,406.67,15.94,1504.3,3050.0,Warning
M-048,Hydraulic Pump,75,79.53,2.784,6.42,405.52,16.3,1509.4,3058.5,Warning
M-048,Hydraulic Pump,76,82.11,2.796,6.39,406.15,16.37,1493.8,3067.0,Warning
M-048,Hydraulic Pump,77,83.15,2.95,6.47,408.6,15.76,1497.0,3075.5,Warning
M-048,Hydraulic Pump,78,83.89,3.125,6.48,410.04,16.06,1498.4,3084.0,Warning
M-048,Hydraulic Pump,79,85.04,3.008,6.52,407.69,16.58,1506.5,3092.5,Warning
M-048,Hydraulic Pump,80,85.5,3.368,6.72,406.49,16.73,1502.2,3101.0,Warning
M-048,Hydraulic Pump,81,86.97,3.267,6.73,405.72,16.43,1500.3,3109.5,Warning
M-048,Hydraulic Pump,82,87.45,3.318,6.6,407.84,17.55,1501.5,3118.0,Warning
M-048,Hydraulic Pump,83,89.22,3.423,6.71,408.16,16.33,1502.5,3126.5,Warning
M-048,Hydraulic Pump,84,87.19,3.454,6.92,409.86,16.24,1511.3,3135.0,Warning
M-048,Hydraulic Pump,85,90.36,3.365,6.88,406.59,16.9,1495.5,3143.5,Critical
M-048,Hydraulic Pump,86,89.64,3.655,7.03,408.33,17.34,1497.6,3152.0,Warning
M-048,Hydraulic Pump,87,90.21,3.709,7.16,406.29,17.51,1501.9,3160.5,Critical
M-048,Hydraulic Pump,88,92.99,3.481,7.26,405.41,16.93,1499.5,3169.0,Critical
M-048,Hydraulic Pump,89,95.16,3.664,7.29,410.24,17.08,1499.1,3177.5,Critical
M-048,Hydraulic Pump,90,95.88,3.816,7.43,407.77,17.78,1495.8,3186.0,Critical
M-048,Hydraulic Pump,91,96.89,3.706,7.43,405.37,17.36,1498.1,3194.5,Critical
M-048,Hydraulic Pump,92,98.02,4.019,7.59,405.41,18.0,1504.9,3203.0,Critical
M-048,Hydraulic Pump,93,97.17,4.013,7.65,408.86,18.01,1496.7,3211.5,Critical
M-048,Hydraulic Pump,94,97.67,4.029,7.79,409.16,17.24,1495.7,3220.0,Critical
M-048,Hydraulic Pump,95,99.04,4.239,7.74,406.4,17.57,1510.1,3228.5,Critical
M-048,Hydraulic Pump,96,100.32,4.161,7.8,406.38,17.84,1510.8,3237.0,Critical
M-048,Hydraulic Pump,97,102.67,4.18,8.1,408.59,17.85,1510.1,3245.5,Critical
M-048,Hydraulic Pump,98,101.51,4.446,8.33,407.63,18.02,1493.6,3254.0,Critical
M-048,Hydraulic Pump,99,103.58,4.592,8.11,408.25,18.16,1500.9,3262.5,Critical
M-048,Hydraulic Pump,100,105.1,4.321,8.24,409.14,18.29,1504.1,3271.0,Critical
M-049,Centrifugal Compressor,1,56.94,1.388,5.3,397.46,13.38,1485.6,4593.1,Healthy
M-049,Centrifugal Compressor,2,55.29,1.411,5.14,396.84,13.03,1492.5,4601.6,Healthy
M-049,Centrifugal Compressor,3,56.25,1.202,5.14,400.15,13.35,1493.1,4610.1,Healthy
M-049,Centrifugal Compressor,4,55.26,1.22,5.29,402.15,12.95,1487.7,4618.6,Healthy
M-049,Centrifugal Compressor,5,56.25,1.329,5.26,400.27,13.29,1488.2,4627.1,Healthy
M-049,Centrifugal Compressor,6,53.04,1.332,5.27,400.3,12.9,1486.9,4635.6,Healthy
M-049,Centrifugal Compressor,7,58.38,1.351,4.96,398.58,13.08,1481.6,4644.1,Healthy
M-049,Centrifugal Compressor,8,55.28,1.25,5.22,399.15,12.91,1488.8,4652.6,Healthy
M-049,Centrifugal Compressor,9,56.45,1.317,5.18,400.43,13.16,1482.6,4661.1,Healthy
M-049,Centrifugal Compressor,10,56.26,1.234,5.16,396.7,13.45,1492.5,4669.6,Healthy
M-049,Centrifugal Compressor,11,55.77,1.407,5.28,398.32,13.16,1490.8,4678.1,Healthy
M-049,Centrifugal Compressor,12,55.22,1.212,5.34,401.75,13.31,1502.3,4686.6,Healthy
M-049,Centrifugal Compressor,13,56.0,1.273,5.16,400.5,12.68,1498.4,4695.1,Healthy
M-049,Centrifugal Compressor,14,53.48,1.441,5.25,403.63,13.22,1496.7,4703.6,Healthy
M-049,Centrifugal Compressor,15,56.27,1.203,5.09,397.86,13.15,1491.4,4712.1,Healthy
M-049,Centrifugal Compressor,16,55.47,1.368,5.12,401.4,13.31,1504.1,4720.6,Healthy
M-049,Centrifugal Compressor,17,55.95,1.301,5.41,399.56,13.26,1495.0,4729.1,Healthy
M-049,Centrifugal Compressor,18,56.55,1.319,5.48,398.58,13.68,1479.8,4737.6,Healthy
M-049,Centrifugal Compressor,19,54.25,1.122,5.11,396.45,13.2,1484.3,4746.1,Healthy
M-049,Centrifugal Compressor,20,57.25,1.369,5.21,400.26,13.38,1501.0,4754.6,Healthy
M-049,Centrifugal Compressor,21,54.84,1.227,5.24,402.86,12.68,1494.7,4763.1,Healthy
M-049,Centrifugal Compressor,22,56.98,1.383,5.23,400.8,13.79,1497.8,4771.6,Healthy
M-049,Centrifugal Compressor,23,53.57,1.299,5.21,401.78,13.19,1491.6,4780.1,Healthy
M-049,Centrifugal Compressor,24,55.48,1.338,5.19,398.89,13.11,1493.9,4788.6,Healthy
M-049,Centrifugal Compressor,25,56.18,1.637,5.07,400.9,13.67,1485.3,4797.1,Healthy
M-049,Centrifugal Compressor,26,56.25,1.265,5.15,398.26,13.13,1490.5,4805.6,Healthy
M-049,Centrifugal Compressor,27,56.34,1.136,5.28,401.38,13.27,1509.8,4814.1,Healthy
M-049,Centrifugal Compressor,28,56.91,1.249,5.08,398.35,12.95,1476.9,4822.6,Healthy
M-049,Centrifugal Compressor,29,56.03,1.151,5.22,401.6,13.65,1489.5,4831.1,Healthy
M-049,Centrifugal Compressor,30,54.57,1.469,5.35,401.09,12.92,1480.9,4839.6,Healthy
M-049,Centrifugal Compressor,31,56.77,1.302,5.32,398.39,13.55,1502.7,4848.1,Healthy
M-049,Centrifugal Compressor,32,55.14,1.346,5.08,397.45,13.27,1487.2,4856.6,Healthy
M-049,Centrifugal Compressor,33,55.72,1.329,5.26,400.78,13.48,1493.3,4865.1,Healthy
M-049,Centrifugal Compressor,34,55.8,1.309,5.3,403.4,13.42,1495.5,4873.6,Healthy
M-049,Centrifugal Compressor,35,55.17,1.338,5.16,398.49,13.09,1505.8,4882.1,Healthy
M-049,Centrifugal Compressor,36,55.33,1.504,5.1,400.0,13.41,1497.7,4890.6,Healthy
M-049,Centrifugal Compressor,37,54.13,1.163,5.26,398.62,13.38,1503.0,4899.1,Healthy
M-049,Centrifugal Compressor,38,54.65,1.246,5.0,401.33,13.9,1481.5,4907.6,Healthy
M-049,Centrifugal Compressor,39,56.93,1.469,5.28,398.51,13.07,1495.9,4916.1,Healthy
M-049,Centrifugal Compressor,40,56.06,1.279,5.25,399.0,13.12,1489.9,4924.6,Healthy
M-049,Centrifugal Compressor,41,56.75,1.137,5.26,400.44,12.36,1498.5,4933.1,Healthy
M-049,Centrifugal Compressor,42,56.63,1.26,5.25,400.26,13.94,1495.5,4941.6,Healthy
M-049,Centrifugal Compressor,43,55.56,1.44,5.36,403.87,12.95,1494.9,4950.1,Healthy
M-049,Centrifugal Compressor,44,54.69,1.587,5.2,401.64,13.1,1495.5,4958.6,Healthy
M-049,Centrifugal Compressor,45,53.27,1.434,5.33,398.54,12.52,1503.3,4967.1,Healthy
M-049,Centrifugal Compressor,46,57.06,1.404,5.18,399.16,13.62,1488.9,4975.6,Healthy
M-049,Centrifugal Compressor,47,55.62,1.308,5.23,399.51,13.16,1505.8,4984.1,Healthy
M-049,Centrifugal Compressor,48,56.06,1.355,5.28,397.49,13.51,1493.9,4992.6,Healthy
M-049,Centrifugal Compressor,49,54.69,1.297,5.25,399.9,13.54,1485.5,5001.1,Healthy
M-049,Centrifugal Compressor,50,54.08,1.217,5.16,399.99,13.04,1482.0,5009.6,Healthy
M-049,Centrifugal Compressor,51,53.81,1.155,5.17,398.1,13.02,1502.1,5018.1,Healthy
M-049,Centrifugal Compressor,52,54.03,1.345,5.08,397.05,13.29,1496.9,5026.6,Healthy
M-049,Centrifugal Compressor,53,56.38,1.442,5.18,400.27,13.02,1501.8,5035.1,Healthy
M-049,Centrifugal Compressor,54,54.34,1.369,5.09,399.94,12.6,1493.3,5043.6,Healthy
M-049,Centrifugal Compressor,55,57.8,1.242,5.17,401.46,13.17,1501.3,5052.1,Healthy
M-049,Centrifugal Compressor,56,55.91,1.414,5.0,399.91,12.77,1488.3,5060.6,Healthy
M-049,Centrifugal Compressor,57,55.95,1.281,5.12,402.23,13.51,1480.5,5069.1,Healthy
M-049,Centrifugal Compressor,58,56.35,1.329,5.22,402.83,13.21,1497.2,5077.6,Healthy
M-049,Centrifugal Compressor,59,55.69,1.335,5.11,404.63,12.08,1485.7,5086.1,Healthy
M-049,Centrifugal Compressor,60,54.85,1.418,5.06,399.37,13.43,1481.7,5094.6,Healthy
M-049,Centrifugal Compressor,61,55.27,1.289,5.14,399.8,13.01,1499.2,5103.1,Healthy
M-049,Centrifugal Compressor,62,56.07,1.287,5.21,398.95,13.63,1495.1,5111.6,Healthy
M-049,Centrifugal Compressor,63,55.27,1.362,5.39,398.35,13.47,1494.8,5120.1,Healthy
M-049,Centrifugal Compressor,64,55.17,1.221,5.28,400.31,13.66,1500.8,5128.6,Healthy
M-049,Centrifugal Compressor,65,55.79,1.222,5.4,398.49,13.45,1477.3,5137.1,Healthy
M-049,Centrifugal Compressor,66,57.32,1.065,5.17,397.6,13.65,1485.5,5145.6,Healthy
M-049,Centrifugal Compressor,67,56.07,1.341,5.05,401.78,13.15,1503.5,5154.1,Healthy
M-049,Centrifugal Compressor,68,56.17,1.218,5.18,399.26,13.43,1497.4,5162.6,Healthy
M-049,Centrifugal Compressor,69,54.63,1.423,5.24,401.06,13.34,1498.1,5171.1,Healthy
M-049,Centrifugal Compressor,70,54.31,1.332,5.3,401.96,13.55,1484.4,5179.6,Healthy
M-049,Centrifugal Compressor,71,57.93,1.521,5.11,399.13,13.4,1485.7,5188.1,Healthy
M-049,Centrifugal Compressor,72,56.13,1.334,5.33,400.58,12.45,1498.4,5196.6,Healthy
M-049,Centrifugal Compressor,73,56.91,1.301,5.21,400.03,12.95,1511.2,5205.1,Healthy
M-049,Centrifugal Compressor,74,54.49,1.42,5.29,398.81,12.83,1490.6,5213.6,Healthy
M-049,Centrifugal Compressor,75,56.27,1.346,5.38,398.55,12.96,1498.5,5222.1,Healthy
M-049,Centrifugal Compressor,76,53.43,1.241,5.19,399.7,12.98,1476.9,5230.6,Healthy
M-049,Centrifugal Compressor,77,57.13,1.472,5.03,401.07,13.11,1496.0,5239.1,Healthy
M-049,Centrifugal Compressor,78,55.77,1.134,5.28,398.62,12.25,1493.1,5247.6,Healthy
M-049,Centrifugal Compressor,79,53.56,1.446,5.17,399.88,13.34,1492.3,5256.1,Healthy
M-049,Centrifugal Compressor,80,54.72,1.444,5.19,397.48,13.28,1490.8,5264.6,Healthy
M-049,Centrifugal Compressor,81,55.41,1.324,5.2,402.64,12.88,1474.8,5273.1,Healthy
M-049,Centrifugal Compressor,82,55.43,1.409,5.04,400.45,12.67,1498.2,5281.6,Healthy
M-049,Centrifugal Compressor,83,55.45,1.203,5.04,404.09,13.96,1482.8,5290.1,Healthy
M-049,Centrifugal Compressor,84,54.11,1.318,5.16,399.07,13.26,1506.8,5298.6,Healthy
M-049,Centrifugal Compressor,85,57.07,1.27,5.27,396.03,13.21,1489.6,5307.1,Healthy
M-049,Centrifugal Compressor,86,56.59,1.384,5.23,400.64,13.01,1499.2,5315.6,Healthy
M-049,Centrifugal Compressor,87,55.99,1.289,5.21,401.41,13.49,1488.7,5324.1,Healthy
M-049,Centrifugal Compressor,88,54.36,1.254,5.16,399.97,13.58,1487.7,5332.6,Healthy
M-049,Centrifugal Compressor,89,55.9,1.287,5.2,400.33,13.58,1493.5,5341.1,Healthy
M-049,Centrifugal Compressor,90,52.34,1.285,5.36,402.01,13.43,1500.9,5349.6,Healthy
M-049,Centrifugal Compressor,91,56.42,1.448,5.09,399.6,13.21,1491.9,5358.1,Healthy
M-049,Centrifugal Compressor,92,54.74,1.326,5.03,400.63,12.92,1474.1,5366.6,Healthy
M-049,Centrifugal Compressor,93,55.45,1.495,5.01,399.24,12.59,1493.5,5375.1,Healthy
M-049,Centrifugal Compressor,94,56.48,1.212,5.16,399.43,13.59,1480.3,5383.6,Healthy
M-049,Centrifugal Compressor,95,54.89,1.497,5.13,398.93,13.22,1510.1,5392.1,Healthy
M-049,Centrifugal Compressor,96,54.09,1.4,5.08,397.71,12.98,1495.2,5400.6,Healthy
M-049,Centrifugal Compressor,97,54.77,1.325,5.13,399.89,12.7,1481.3,5409.1,Healthy
M-049,Centrifugal Compressor,98,54.82,1.382,5.22,398.18,12.76,1499.8,5417.6,Healthy
M-049,Centrifugal Compressor,99,57.07,1.37,5.23,395.45,13.37,1504.2,5426.1,Healthy
M-049,Centrifugal Compressor,100,56.72,1.431,5.03,398.32,13.11,1485.8,5434.6,Healthy
M-050,Industrial Robot,1,63.0,1.469,4.82,403.12,15.41,1521.6,6442.7,Healthy
M-050,Industrial Robot,2,62.69,1.529,4.65,401.65,15.58,1510.6,6451.2,Healthy
M-050,Industrial Robot,3,64.47,1.464,4.94,403.76,15.19,1509.3,6459.7,Healthy
M-050,Industrial Robot,4,62.85,1.585,4.78,402.51,15.34,1511.8,6468.2,Healthy
M-050,Industrial Robot,5,63.79,1.516,4.77,398.78,15.57,1511.6,6476.7,Healthy
M-050,Industrial Robot,6,63.19,1.433,4.84,398.75,15.53,1502.9,6485.2,Healthy
M-050,Industrial Robot,7,64.43,1.447,4.73,400.42,15.18,1505.7,6493.7,Healthy
M-050,Industrial Robot,8,63.06,1.289,4.83,404.79,15.86,1507.7,6502.2,Healthy
M-050,Industrial Robot,9,62.98,1.353,4.68,401.71,14.84,1495.0,6510.7,Healthy
M-050,Industrial Robot,10,63.37,1.462,4.93,405.65,15.54,1503.3,6519.2,Healthy
M-050,Industrial Robot,11,61.87,1.307,4.83,401.28,14.98,1514.2,6527.7,Healthy
M-050,Industrial Robot,12,64.04,1.342,4.8,405.71,15.8,1503.4,6536.2,Healthy
M-050,Industrial Robot,13,64.88,1.518,4.97,402.42,15.18,1510.5,6544.7,Healthy
M-050,Industrial Robot,14,61.32,1.531,4.75,403.56,16.23,1506.9,6553.2,Healthy
M-050,Industrial Robot,15,63.01,1.376,4.79,402.31,15.83,1517.9,6561.7,Healthy
M-050,Industrial Robot,16,62.74,1.446,4.77,405.61,14.58,1504.5,6570.2,Healthy
M-050,Industrial Robot,17,63.52,1.533,4.93,402.78,15.27,1510.6,6578.7,Healthy
M-050,Industrial Robot,18,64.17,1.358,4.8,402.18,15.91,1501.5,6587.2,Healthy
M-050,Industrial Robot,19,59.98,1.417,4.87,401.76,14.83,1516.0,6595.7,Healthy
M-050,Industrial Robot,20,62.48,1.459,4.78,398.36,15.59,1515.4,6604.2,Healthy
M-050,Industrial Robot,21,62.78,1.297,4.99,403.56,15.0,1529.2,6612.7,Healthy
M-050,Industrial Robot,22,62.28,1.592,4.87,403.49,15.96,1496.2,6621.2,Healthy
M-050,Industrial Robot,23,63.7,1.392,5.05,398.92,15.59,1513.9,6629.7,Healthy
M-050,Industrial Robot,24,62.29,1.401,4.76,400.84,15.15,1509.5,6638.2,Healthy
M-050,Industrial Robot,25,63.82,1.353,4.57,402.59,15.58,1508.9,6646.7,Healthy
M-050,Industrial Robot,26,63.06,1.543,4.8,404.42,15.58,1503.3,6655.2,Healthy
M-050,Industrial Robot,27,64.35,1.27,4.6,402.98,15.69,1515.1,6663.7,Healthy
M-050,Industrial Robot,28,61.56,1.45,4.64,403.48,15.51,1515.2,6672.2,Healthy
M-050,Industrial Robot,29,63.96,1.496,4.67,401.76,15.08,1490.5,6680.7,Healthy
M-050,Industrial Robot,30,63.9,1.508,4.71,401.21,15.46,1506.4,6689.2,Healthy
M-050,Industrial Robot,31,64.33,1.386,4.72,403.65,15.16,1516.5,6697.7,Healthy
M-050,Industrial Robot,32,62.94,1.541,4.9,400.18,15.5,1510.4,6706.2,Healthy
M-050,Industrial Robot,33,62.87,1.571,4.8,400.01,15.32,1505.2,6714.7,Healthy
M-050,Industrial Robot,34,62.52,1.43,4.74,404.01,16.01,1512.2,6723.2,Healthy
M-050,Industrial Robot,35,63.96,1.313,4.89,405.52,15.9,1506.2,6731.7,Healthy
M-050,Industrial Robot,36,64.5,1.643,4.75,404.19,15.27,1500.0,6740.2,Healthy
M-050,Industrial Robot,37,62.75,1.365,4.79,397.62,15.61,1509.0,6748.7,Healthy
M-050,Industrial Robot,38,63.91,1.377,4.98,401.91,15.52,1503.0,6757.2,Healthy
M-050,Industrial Robot,39,63.13,1.464,4.75,404.3,15.28,1519.9,6765.7,Healthy
M-050,Industrial Robot,40,61.37,1.424,5.07,398.0,15.81,1513.3,6774.2,Healthy
M-050,Industrial Robot,41,62.64,1.564,4.85,402.19,15.22,1507.4,6782.7,Healthy
M-050,Industrial Robot,42,62.71,1.411,4.73,403.08,15.25,1511.9,6791.2,Healthy
M-050,Industrial Robot,43,65.3,1.535,4.8,400.42,15.53,1525.1,6799.7,Healthy
M-050,Industrial Robot,44,61.8,1.169,4.84,405.86,15.9,1524.1,6808.2,Healthy
M-050,Industrial Robot,45,61.46,1.384,4.84,398.16,15.47,1506.6,6816.7,Healthy
M-050,Industrial Robot,46,62.71,1.464,4.77,400.6,15.72,1502.0,6825.2,Healthy
M-050,Industrial Robot,47,62.88,1.332,4.87,399.64,15.44,1513.3,6833.7,Healthy
M-050,Industrial Robot,48,63.34,1.561,4.89,403.69,14.78,1515.4,6842.2,Healthy
M-050,Industrial Robot,49,64.46,1.339,4.92,404.59,15.23,1506.6,6850.7,Healthy
M-050,Industrial Robot,50,61.86,1.559,4.74,401.45,15.39,1501.8,6859.2,Healthy
M-050,Industrial Robot,51,63.6,1.396,4.91,404.49,16.05,1498.3,6867.7,Healthy
M-050,Industrial Robot,52,61.48,1.432,4.82,402.21,16.05,1507.6,6876.2,Healthy
M-050,Industrial Robot,53,63.57,1.472,4.74,403.71,15.47,1520.7,6884.7,Healthy
M-050,Industrial Robot,54,64.53,1.153,4.65,402.22,15.88,1510.1,6893.2,Healthy
M-050,Industrial Robot,55,63.8,1.825,4.74,403.01,15.78,1513.6,6901.7,Healthy
M-050,Industrial Robot,56,64.65,1.597,4.95,404.34,16.04,1503.0,6910.2,Healthy
M-050,Industrial Robot,57,64.09,1.375,4.75,399.23,16.4,1511.5,6918.7,Healthy
M-050,Industrial Robot,58,64.78,1.607,4.73,402.36,16.66,1496.5,6927.2,Healthy
M-050,Industrial Robot,59,64.32,1.631,4.85,399.25,16.48,1484.2,6935.7,Healthy
M-050,Industrial Robot,60,64.84,1.937,4.84,401.5,17.0,1488.8,6944.2,Healthy
M-050,Industrial Robot,61,64.8,1.717,4.9,399.72,17.33,1486.7,6952.7,Healthy
M-050,Industrial Robot,62,62.96,1.754,4.91,397.73,17.6,1492.9,6961.2,Healthy
M-050,Industrial Robot,63,66.53,2.007,4.54,396.97,17.48,1484.5,6969.7,Healthy
M-050,Industrial Robot,64,65.87,1.782,4.66,395.76,18.69,1475.2,6978.2,Healthy
M-050,Industrial Robot,65,66.68,1.848,4.92,395.37,18.55,1458.5,6986.7,Healthy
M-050,Industrial Robot,66,66.28,2.029,4.87,397.22,18.08,1470.2,6995.2,Healthy
M-050,Industrial Robot,67,68.44,2.275,4.75,393.65,18.51,1466.6,7003.7,Healthy
M-050,Industrial Robot,68,67.6,2.074,4.8,396.99,19.22,1449.4,7012.2,Healthy
M-050,Industrial Robot,69,65.6,2.235,4.8,392.11,18.83,1453.9,7020.7,Healthy
M-050,Industrial Robot,70,64.94,2.5,4.88,392.97,19.68,1441.9,7029.2,Healthy
M-050,Industrial Robot,71,68.15,2.613,4.79,392.07,19.97,1439.9,7037.7,Healthy
M-050,Industrial Robot,72,68.3,2.301,4.89,392.62,20.12,1443.7,7046.2,Healthy
M-050,Industrial Robot,73,69.39,2.349,4.7,388.63,20.2,1429.1,7054.7,Healthy
M-050,Industrial Robot,74,68.22,2.865,4.59,388.59,20.48,1412.7,7063.2,Healthy
M-050,Industrial Robot,75,70.43,2.615,4.81,385.97,20.4,1415.8,7071.7,Healthy
M-050,Industrial Robot,76,70.49,2.743,4.94,387.58,21.65,1406.8,7080.2,Warning
M-050,Industrial Robot,77,69.77,2.852,4.77,385.16,21.35,1412.8,7088.7,Warning
M-050,Industrial Robot,78,69.17,3.048,4.89,384.6,22.97,1400.9,7097.2,Warning
M-050,Industrial Robot,79,71.0,3.024,4.91,383.73,22.65,1384.2,7105.7,Warning
M-050,Industrial Robot,80,71.94,3.253,4.8,381.81,22.67,1377.8,7114.2,Warning
M-050,Industrial Robot,81,73.29,3.364,4.79,385.41,23.39,1383.5,7122.7,Warning
M-050,Industrial Robot,82,74.23,3.386,4.92,384.22,23.4,1382.9,7131.2,Warning
M-050,Industrial Robot,83,70.73,3.245,4.86,381.2,23.51,1368.3,7139.7,Warning
M-050,Industrial Robot,84,73.92,3.469,4.78,376.68,24.33,1363.8,7148.2,Warning
M-050,Industrial Robot,85,76.54,3.724,4.82,374.63,25.42,1365.7,7156.7,Critical
M-050,Industrial Robot,86,73.72,3.748,4.88,376.21,24.62,1358.9,7165.2,Warning
M-050,Industrial Robot,87,76.12,3.768,4.83,379.23,25.27,1323.6,7173.7,Warning
M-050,Industrial Robot,88,75.92,3.956,4.85,372.96,25.48,1339.3,7182.2,Critical
M-050,Industrial Robot,89,74.15,3.838,4.94,372.51,25.98,1339.8,7190.7,Critical
M-050,Industrial Robot,90,74.27,4.159,4.74,371.37,26.95,1334.6,7199.2,Critical
M-050,Industrial Robot,91,75.43,4.041,4.83,371.79,27.3,1328.1,7207.7,Critical
M-050,Industrial Robot,92,73.53,4.079,4.75,370.46,27.4,1323.7,7216.2,Critical
M-050,Industrial Robot,93,76.84,4.135,4.77,366.02,27.88,1307.1,7224.7,Critical
M-050,Industrial Robot,94,77.58,4.389,4.71,368.59,27.8,1286.3,7233.2,Critical
M-050,Industrial Robot,95,78.55,4.758,4.81,366.68,28.46,1286.1,7241.7,Critical
M-050,Industrial Robot,96,78.33,4.499,4.75,366.56,29.08,1284.9,7250.2,Critical
M-050,Industrial Robot,97,79.18,4.414,4.67,366.23,29.64,1279.9,7258.7,Critical
M-050,Industrial Robot,98,79.93,4.569,4.72,365.46,30.07,1276.2,7267.2,Critical
M-050,Industrial Robot,99,80.36,4.867,4.7,362.02,29.98,1258.5,7275.7,Critical
M-050,Industrial Robot,100,81.85,5.045,4.78,364.29,31.0,1264.0,7284.2,Critical
